MUNICIPIO;ZONA;ZONA_BAIRRO_REFERENCIA;REGIAO;RANK_2022;VOTOS_2022;RANK_2026;VOTOS_2026;DIFERENCA;VARIACAO_PERCENTUAL;STATUS;COMPARABILIDADE
SAO PAULO;389;Perus;Norte;1;6220;1;4219;-2001;-32.17%;REDUCAO;COMPARAVEL
FRANCO DA ROCHA;192;FRANCO DA ROCHA;Grande SP;4;2826;2;2738;-88;-3.11%;REDUCAO;COMPARAVEL
SAO PAULO;376;Brasilândia;Norte;3;2874;3;2716;-158;-5.50%;REDUCAO;COMPARAVEL
CAIEIRAS;192;CAIEIRAS;Grande SP;6;2111;4;2392;281;13.31%;CRESCIMENTO;COMPARAVEL
SAO PAULO;403;Jaraguá;Norte;8;1467;5;1974;507;34.56%;CRESCIMENTO;COMPARAVEL
CUBATAO;119;CUBATAO;Litoral;5;2340;6;1931;-409;-17.48%;REDUCAO;COMPARAVEL
FRANCISCO MORATO;367;FRANCISCO MORATO;Grande SP;2;3783;7;1734;-2049;-54.16%;REDUCAO;COMPARAVEL
CAMPO LIMPO PAULISTA;344;CAMPO LIMPO PAULISTA;Interior;7;1721;8;1227;-494;-28.70%;REDUCAO;COMPARAVEL
MAUA;365;MAUA;Grande SP;33;404;9;1187;783;193.81%;CRESCIMENTO;COMPARAVEL
SAO PAULO;255;Casa Verde;Norte;10;1053;10;1082;29;2.75%;CRESCIMENTO;COMPARAVEL
SAO PAULO;422;Lauzane Paulista;Norte;16;683;11;1023;340;49.78%;CRESCIMENTO;COMPARAVEL
SAO PAULO;347;Vila Matilde;Leste;63;176;12;892;716;406.82%;CRESCIMENTO;COMPARAVEL
BRAGANCA PAULISTA;27;BRAGANCA PAULISTA;Interior;21;535;13;862;327;61.12%;CRESCIMENTO;COMPARAVEL
SAO PAULO;327;Nossa Senhora do Ó;Norte;24;511;14;829;318;62.23%;CRESCIMENTO;COMPARAVEL
SAO PAULO;375;São Mateus;Leste;13;826;15;781;-45;-5.45%;REDUCAO;COMPARAVEL
SERTAOZINHO;135;SERTAOZINHO;Interior;309;12;16;763;751;6258.33%;CRESCIMENTO;COMPARAVEL
MAUA;339;MAUA;Grande SP;67;173;17;692;519;300.00%;CRESCIMENTO;COMPARAVEL
JUNDIAI;281;JUNDIAI;Interior;11;1026;18;653;-373;-36.35%;REDUCAO;COMPARAVEL
SAO PAULO;404;Cidade Tiradentes;Leste;39;341;19;638;297;87.10%;CRESCIMENTO;COMPARAVEL
ITAPEVI;359;ITAPEVI;Grande SP;18;665;20;601;-64;-9.62%;REDUCAO;COMPARAVEL
CACAPAVA;29;CACAPAVA;Interior;25;507;21;584;77;15.19%;CRESCIMENTO;COMPARAVEL
CABREUVA;59;CABREUVA;Interior;26;467;22;578;111;23.77%;CRESCIMENTO;COMPARAVEL
SANTANA DE PARNAIBA;428;SANTANA DE PARNAIBA;Grande SP;;0;23;562;562;;NOVOS VOTOS;COMPARAVEL
SAO PAULO;352;Itaim Paulista;Leste;43;277;24;561;284;102.53%;CRESCIMENTO;COMPARAVEL
ITATIBA;58;ITATIBA;Interior;83;133;25;551;418;314.29%;CRESCIMENTO;COMPARAVEL
UBATUBA;144;UBATUBA;Litoral;47;261;26;550;289;110.73%;CRESCIMENTO;COMPARAVEL
CAJAMAR;354;CAJAMAR;Grande SP;12;923;27;536;-387;-41.93%;REDUCAO;COMPARAVEL
MAIRIPORA;237;MAIRIPORA;Grande SP;17;666;28;533;-133;-19.97%;REDUCAO;COMPARAVEL
CATANDUVA;40;CATANDUVA;Interior;81;139;29;532;393;282.73%;CRESCIMENTO;COMPARAVEL
SAO PAULO;325;Pirituba;Norte;30;424;30;502;78;18.40%;CRESCIMENTO;COMPARAVEL
SANTOS;118;SANTOS;Litoral;187;45;31;499;454;1008.89%;CRESCIMENTO;COMPARAVEL
CAMPOS DO JORDAO;35;CAMPOS DO JORDAO;Interior;19;586;32;465;-121;-20.65%;REDUCAO;COMPARAVEL
JAU;63;JAU;Interior;102;96;33;447;351;365.62%;CRESCIMENTO;COMPARAVEL
SAO PAULO;421;Teotônio Vilela;Leste;53;212;34;444;232;109.43%;CRESCIMENTO;COMPARAVEL
SAO PAULO;417;Parque do Carmo;Leste;73;155;35;430;275;177.42%;CRESCIMENTO;COMPARAVEL
SAO PAULO;420;Vila Sabrina;Norte;31;424;36;424;0;0.00%;MANTEVE;COMPARAVEL
RIBEIRAO PRETO;265;RIBEIRAO PRETO;Interior;126;77;37;423;346;449.35%;CRESCIMENTO;COMPARAVEL
PONTAL;135;PONTAL;Interior;544;1;38;420;419;41900.00%;CRESCIMENTO;COMPARAVEL
HORTOLANDIA;361;HORTOLANDIA;Interior;27;448;39;412;-36;-8.04%;REDUCAO;COMPARAVEL
TAUBATE;407;TAUBATE;Interior;15;690;40;411;-279;-40.43%;REDUCAO;COMPARAVEL
VARZEA PAULISTA;242;VARZEA PAULISTA;Interior;22;529;41;411;-118;-22.31%;REDUCAO;COMPARAVEL
MONTE MOR;358;MONTE MOR;Interior;29;429;42;394;-35;-8.16%;REDUCAO;COMPARAVEL
TIETE;142;TIETE;Interior;263;22;43;392;370;1681.82%;CRESCIMENTO;COMPARAVEL
SAO PAULO;256;Tucuruvi;Norte;54;209;44;384;175;83.73%;CRESCIMENTO;COMPARAVEL
BRAGANCA PAULISTA;298;BRAGANCA PAULISTA;Interior;50;233;45;368;135;57.94%;CRESCIMENTO;COMPARAVEL
MAUA;217;MAUA;Grande SP;95;115;46;360;245;213.04%;CRESCIMENTO;COMPARAVEL
RIBEIRAO PIRES;183;RIBEIRAO PIRES;Grande SP;44;266;47;346;80;30.08%;CRESCIMENTO;COMPARAVEL
RIBEIRAO PRETO;266;RIBEIRAO PRETO;Interior;129;72;48;337;265;368.06%;CRESCIMENTO;COMPARAVEL
SAO PAULO;397;Jardim Helena;Leste;85;131;49;336;205;156.49%;CRESCIMENTO;COMPARAVEL
JUNDIAI;65;JUNDIAI;Interior;20;582;50;323;-259;-44.50%;REDUCAO;COMPARAVEL
SAO PAULO;350;Sapopemba;Leste;37;362;51;321;-41;-11.33%;REDUCAO;COMPARAVEL
JUNDIAI;424;JUNDIAI;Interior;23;512;52;318;-194;-37.89%;REDUCAO;COMPARAVEL
SAO PAULO;254;Vila Maria;Norte;56;193;53;318;125;64.77%;CRESCIMENTO;COMPARAVEL
JARDINOPOLIS;204;JARDINOPOLIS;Interior;185;46;54;305;259;563.04%;CRESCIMENTO;COMPARAVEL
CAPIVARI;38;CAPIVARI;Interior;40;325;55;302;-23;-7.08%;REDUCAO;COMPARAVEL
PROMISSAO;103;PROMISSAO;Interior;14;722;56;300;-422;-58.45%;REDUCAO;COMPARAVEL
SAO PAULO;247;São Miguel Paulista;Leste;93;117;57;300;183;156.41%;CRESCIMENTO;COMPARAVEL
SAO PAULO;248;Itaquera;Leste;87;129;58;294;165;127.91%;CRESCIMENTO;COMPARAVEL
SAO PAULO;381;Parelheiros;Sul;59;181;59;291;110;60.77%;CRESCIMENTO;COMPARAVEL
SAO PAULO;353;Guaianases;Leste;57;190;60;290;100;52.63%;CRESCIMENTO;COMPARAVEL
JANDIRA;304;JANDIRA;Grande SP;46;265;61;280;15;5.66%;CRESCIMENTO;COMPARAVEL
SAO PAULO;348;Vila Formosa;Leste;130;72;62;278;206;286.11%;CRESCIMENTO;COMPARAVEL
GUARIBA;197;GUARIBA;Interior;65;174;63;267;93;53.45%;CRESCIMENTO;COMPARAVEL
TAUBATE;141;TAUBATE;Interior;34;378;66;262;-116;-30.69%;REDUCAO;COMPARAVEL
CARAPICUIBA;388;CARAPICUIBA;Grande SP;51;222;64;262;40;18.02%;CRESCIMENTO;COMPARAVEL
SAO PAULO;418;Pedreira;Sul;75;151;65;262;111;73.51%;CRESCIMENTO;COMPARAVEL
SAO PAULO;326;Ermelino Matarazzo;Leste;119;85;67;260;175;205.88%;CRESCIMENTO;COMPARAVEL
ATIBAIA;16;ATIBAIA;Interior;92;118;68;258;140;118.64%;CRESCIMENTO;COMPARAVEL
SAO PAULO;3;Santa Ifigênia;Centro;186;46;69;257;211;458.70%;CRESCIMENTO;COMPARAVEL
OSASCO;276;OSASCO;Grande SP;32;414;70;255;-159;-38.41%;REDUCAO;COMPARAVEL
SAO PAULO;371;Grajaú;Sul;72;159;71;255;96;60.38%;CRESCIMENTO;COMPARAVEL
SAO PAULO;349;Jaçanã;Norte;70;166;72;252;86;51.81%;CRESCIMENTO;COMPARAVEL
NOVAIS;179;NOVAIS;Interior;431;3;73;251;248;8266.67%;CRESCIMENTO;COMPARAVEL
SAO JOSE DO RIO PRETO;267;SAO JOSE DO RIO PRETO;Interior;148;61;74;247;186;304.92%;CRESCIMENTO;COMPARAVEL
OSASCO;331;OSASCO;Grande SP;38;353;75;235;-118;-33.43%;REDUCAO;COMPARAVEL
SANTOS;272;SANTOS;Litoral;195;42;76;235;193;459.52%;CRESCIMENTO;COMPARAVEL
IBITINGA;49;IBITINGA;Interior;335;8;77;230;222;2775.00%;CRESCIMENTO;COMPARAVEL
SAO PAULO;249;Santana;Norte;61;179;78;225;46;25.70%;CRESCIMENTO;COMPARAVEL
SAO PAULO;405;Conjunto José Bonifácio;Leste;84;132;79;225;93;70.45%;CRESCIMENTO;COMPARAVEL
SANTA GERTRUDES;243;SANTA GERTRUDES;Interior;45;266;80;224;-42;-15.79%;REDUCAO;COMPARAVEL
SAO BERNARDO DO CAMPO;414;SAO BERNARDO DO CAMPO;Grande SP;76;149;81;223;74;49.66%;CRESCIMENTO;COMPARAVEL
RIBEIRAO PRETO;305;RIBEIRAO PRETO;Interior;239;28;82;219;191;682.14%;CRESCIMENTO;COMPARAVEL
BAURU;387;BAURU;Interior;165;54;83;215;161;298.15%;CRESCIMENTO;COMPARAVEL
SAO PAULO;257;Vila Prudente;Leste;42;314;84;212;-102;-32.48%;REDUCAO;COMPARAVEL
SAO PAULO;372;Piraporinha;Sul;71;162;86;208;46;28.40%;CRESCIMENTO;COMPARAVEL
PRAIA GRANDE;317;PRAIA GRANDE;Litoral;98;102;85;208;106;103.92%;CRESCIMENTO;COMPARAVEL
SAO JOSE DOS CAMPOS;412;SAO JOSE DOS CAMPOS;Interior;149;61;87;205;144;236.07%;CRESCIMENTO;COMPARAVEL
SAO BERNARDO DO CAMPO;283;SAO BERNARDO DO CAMPO;Grande SP;168;53;88;202;149;281.13%;CRESCIMENTO;COMPARAVEL
BARUERI;386;BARUERI;Grande SP;64;175;89;200;25;14.29%;CRESCIMENTO;COMPARAVEL
RIBEIRAO PRETO;108;RIBEIRAO PRETO;Interior;184;47;90;200;153;325.53%;CRESCIMENTO;COMPARAVEL
SAO PAULO;374;Rio Pequeno;Oeste;80;140;91;197;57;40.71%;CRESCIMENTO;COMPARAVEL
SAO PAULO;328;Campo Limpo;Sul;103;94;92;195;101;107.45%;CRESCIMENTO;COMPARAVEL
SAO VICENTE;340;SAO VICENTE;Litoral;68;170;93;193;23;13.53%;CRESCIMENTO;COMPARAVEL
SAO PAULO;280;Capela do Socorro;Sul;110;89;94;189;100;112.36%;CRESCIMENTO;COMPARAVEL
SAO PAULO;252;Penha de França;Leste;135;69;95;188;119;172.46%;CRESCIMENTO;COMPARAVEL
SAO PAULO;253;Tatuapé;Leste;55;196;96;183;-13;-6.63%;REDUCAO;COMPARAVEL
PRAIA GRANDE;406;PRAIA GRANDE;Litoral;144;63;97;182;119;188.89%;CRESCIMENTO;COMPARAVEL
SAO PAULO;4;Mooca;Leste;94;117;98;181;64;54.70%;CRESCIMENTO;COMPARAVEL
BAURU;23;BAURU;Interior;226;32;99;178;146;456.25%;CRESCIMENTO;COMPARAVEL
MORUNGABA;58;MORUNGABA;Interior;295;15;100;178;163;1086.67%;CRESCIMENTO;COMPARAVEL
ITAQUAQUECETUBA;419;ITAQUAQUECETUBA;Grande SP;60;180;101;177;-3;-1.67%;REDUCAO;COMPARAVEL
SAO JOSE DO RIO PRETO;268;SAO JOSE DO RIO PRETO;Interior;228;32;102;175;143;446.88%;CRESCIMENTO;COMPARAVEL
SAO PAULO;392;Ponte Rasa;Leste;120;85;104;170;85;100.00%;CRESCIMENTO;COMPARAVEL
REGISTRO;172;REGISTRO;Interior;157;58;103;170;112;193.10%;CRESCIMENTO;COMPARAVEL
TREMEMBE;314;TREMEMBE;Interior;58;188;105;167;-21;-11.17%;REDUCAO;COMPARAVEL
ITAPEVA;53;ITAPEVA;Interior;380;5;106;163;158;3160.00%;CRESCIMENTO;COMPARAVEL
SAO PAULO;250;Lapa;Oeste;41;323;107;162;-161;-49.85%;REDUCAO;COMPARAVEL
ITUPEVA;65;ITUPEVA;Interior;173;51;108;161;110;215.69%;CRESCIMENTO;COMPARAVEL
SAO PAULO;346;Morumbi;Oeste;134;70;109;160;90;128.57%;CRESCIMENTO;COMPARAVEL
SAO SEBASTIAO;132;SAO SEBASTIAO;Litoral;139;67;110;155;88;131.34%;CRESCIMENTO;COMPARAVEL
BROTAS;28;BROTAS;Interior;415;3;111;153;150;5000.00%;CRESCIMENTO;COMPARAVEL
DIADEMA;222;DIADEMA;Grande SP;270;20;112;151;131;655.00%;CRESCIMENTO;COMPARAVEL
IACANGA;49;IACANGA;Interior;378;5;113;149;144;2880.00%;CRESCIMENTO;COMPARAVEL
SAO BERNARDO DO CAMPO;409;SAO BERNARDO DO CAMPO;Grande SP;79;142;114;148;6;4.23%;CRESCIMENTO;COMPARAVEL
CAJURU;32;CAJURU;Interior;;0;115;145;145;;NOVOS VOTOS;COMPARAVEL
SAO PAULO;373;Capão Redondo;Sul;222;34;116;143;109;320.59%;CRESCIMENTO;COMPARAVEL
DIADEMA;329;DIADEMA;Grande SP;160;57;118;142;85;149.12%;CRESCIMENTO;COMPARAVEL
BAURU;300;BAURU;Interior;178;48;117;142;94;195.83%;CRESCIMENTO;COMPARAVEL
ARARAS;14;ARARAS;Interior;113;87;119;141;54;62.07%;CRESCIMENTO;COMPARAVEL
SANTOS;273;SANTOS;Litoral;249;25;120;141;116;464.00%;CRESCIMENTO;COMPARAVEL
SAO PAULO;320;Jabaquara;Sul;145;63;121;136;73;115.87%;CRESCIMENTO;COMPARAVEL
SAO BERNARDO DO CAMPO;174;SAO BERNARDO DO CAMPO;Grande SP;49;239;122;135;-104;-43.51%;REDUCAO;COMPARAVEL
SAO PAULO;390;Cangaíba;Leste;105;93;123;134;41;44.09%;CRESCIMENTO;COMPARAVEL
ARIRANHA;111;ARIRANHA;Interior;86;130;124;130;0;0.00%;MANTEVE;COMPARAVEL
PINDAMONHANGABA;90;PINDAMONHANGABA;Interior;35;370;125;129;-241;-65.14%;REDUCAO;COMPARAVEL
SAO BERNARDO DO CAMPO;296;SAO BERNARDO DO CAMPO;Grande SP;89;124;127;128;4;3.23%;CRESCIMENTO;COMPARAVEL
CAMPINAS;378;CAMPINAS;Interior;100;97;126;128;31;31.96%;CRESCIMENTO;COMPARAVEL
BARUERI;199;BARUERI;Grande SP;90;121;128;127;6;4.96%;CRESCIMENTO;COMPARAVEL
SAO PAULO;408;Jardim São Luís;Sul;150;61;129;127;66;108.20%;CRESCIMENTO;COMPARAVEL
LIMEIRA;399;LIMEIRA;Interior;108;90;130;124;34;37.78%;CRESCIMENTO;COMPARAVEL
SANTO ANDRE;263;SANTO ANDRE;Grande SP;122;81;132;124;43;53.09%;CRESCIMENTO;COMPARAVEL
SAO PAULO;6;Vila Mariana;Sul;162;57;133;124;67;117.54%;CRESCIMENTO;COMPARAVEL
LOUVEIRA;345;LOUVEIRA;Interior;224;33;131;124;91;275.76%;CRESCIMENTO;COMPARAVEL
MORRO AGUDO;336;MORRO AGUDO;Interior;536;1;134;123;122;12200.00%;CRESCIMENTO;COMPARAVEL
SAO PAULO;2;Perdizes;Oeste;96;110;135;121;11;10.00%;CRESCIMENTO;COMPARAVEL
SAO PAULO;1;Bela Vista;Centro;208;38;137;118;80;210.53%;CRESCIMENTO;COMPARAVEL
PIRAPORA DO BOM JESUS;428;PIRAPORA DO BOM JESUS;Grande SP;;0;136;118;118;;NOVOS VOTOS;COMPARAVEL
COTIA;227;COTIA;Grande SP;140;66;138;114;48;72.73%;CRESCIMENTO;COMPARAVEL
TABOAO DA SERRA;416;TABOAO DA SERRA;Grande SP;212;37;139;113;76;205.41%;CRESCIMENTO;COMPARAVEL
GUARUJA;310;GUARUJA;Litoral;116;86;140;109;23;26.74%;CRESCIMENTO;COMPARAVEL
SAO PAULO;246;Santo Amaro;Sul;240;28;141;105;77;275.00%;CRESCIMENTO;COMPARAVEL
SAO PAULO;413;Cursino;Sul;104;94;144;104;10;10.64%;CRESCIMENTO;COMPARAVEL
SAO JOSE DOS CAMPOS;411;SAO JOSE DOS CAMPOS;Interior;112;88;142;104;16;18.18%;CRESCIMENTO;COMPARAVEL
SAO PAULO;20;Valo Velho;Sul;177;49;143;104;55;112.24%;CRESCIMENTO;COMPARAVEL
SAO PAULO;260;Ipiranga;Sul;74;151;145;102;-49;-32.45%;REDUCAO;COMPARAVEL
PERUIBE;295;PERUIBE;Litoral;205;39;146;101;62;158.97%;CRESCIMENTO;COMPARAVEL
JARINU;344;JARINU;Interior;;0;147;100;100;;NOVOS VOTOS;COMPARAVEL
GUARUJA;212;GUARUJA;Litoral;99;101;148;99;-2;-1.98%;REDUCAO;COMPARAVEL
LIMEIRA;66;LIMEIRA;Interior;142;64;149;99;35;54.69%;CRESCIMENTO;COMPARAVEL
CAMPINAS;379;CAMPINAS;Interior;146;61;150;97;36;59.02%;CRESCIMENTO;COMPARAVEL
GUAPIACU;312;GUAPIACU;Interior;334;8;151;97;89;1112.50%;CRESCIMENTO;COMPARAVEL
UCHOA;312;UCHOA;Interior;;0;152;96;96;;NOVOS VOTOS;COMPARAVEL
IBIUNA;191;IBIUNA;Interior;279;18;154;95;77;427.78%;CRESCIMENTO;COMPARAVEL
CAJATI;228;CAJATI;Interior;449;2;153;95;93;4650.00%;CRESCIMENTO;COMPARAVEL
SAO PAULO;351;Cidade Ademar;Sul;158;58;155;94;36;62.07%;CRESCIMENTO;COMPARAVEL
CARAPICUIBA;303;CARAPICUIBA;Grande SP;91;119;156;93;-26;-21.85%;REDUCAO;COMPARAVEL
SAO PAULO;258;Indianópolis;Sul;153;59;157;93;34;57.63%;CRESCIMENTO;COMPARAVEL
CORDEIROPOLIS;243;CORDEIROPOLIS;Interior;125;79;158;92;13;16.46%;CRESCIMENTO;COMPARAVEL
CONCHAS;41;CONCHAS;Interior;78;146;159;90;-56;-38.36%;REDUCAO;COMPARAVEL
PIRACICABA;270;PIRACICABA;Interior;77;147;160;89;-58;-39.46%;REDUCAO;COMPARAVEL
PIRACAIA;92;PIRACAIA;Interior;101;97;161;88;-9;-9.28%;REDUCAO;COMPARAVEL
CAMPINAS;380;CAMPINAS;Interior;176;49;162;87;38;77.55%;CRESCIMENTO;COMPARAVEL
OSASCO;315;OSASCO;Grande SP;52;214;163;86;-128;-59.81%;REDUCAO;COMPARAVEL
RIO GRANDE DA SERRA;382;RIO GRANDE DA SERRA;Grande SP;106;92;167;85;-7;-7.61%;REDUCAO;COMPARAVEL
PIRASSUNUNGA;96;PIRASSUNUNGA;Interior;161;57;166;85;28;49.12%;CRESCIMENTO;COMPARAVEL
EMBU GUACU;370;EMBU GUACU;Grande SP;317;10;164;85;75;750.00%;CRESCIMENTO;COMPARAVEL
PIRANGI;76;PIRANGI;Interior;;0;165;85;85;;NOVOS VOTOS;COMPARAVEL
SANTO ANDRE;264;SANTO ANDRE;Grande SP;221;34;169;84;50;147.06%;CRESCIMENTO;COMPARAVEL
CAMPINAS;274;CAMPINAS;Interior;257;23;168;84;61;265.22%;CRESCIMENTO;COMPARAVEL
MARILIA;70;MARILIA;Interior;66;174;172;83;-91;-52.30%;REDUCAO;COMPARAVEL
ITAPECERICA DA SERRA;201;ITAPECERICA DA SERRA;Grande SP;147;61;171;83;22;36.07%;CRESCIMENTO;COMPARAVEL
ALTINOPOLIS;202;ALTINOPOLIS;Interior;236;28;170;83;55;196.43%;CRESCIMENTO;COMPARAVEL
ORLANDIA;81;ORLANDIA;Interior;539;1;173;83;82;8200.00%;CRESCIMENTO;COMPARAVEL
GUARULHOS;394;GUARULHOS;Grande SP;194;42;174;82;40;95.24%;CRESCIMENTO;COMPARAVEL
SAO PEDRO;130;SAO PEDRO;Interior;141;65;175;81;16;24.62%;CRESCIMENTO;COMPARAVEL
GARCA;47;GARCA;Interior;166;54;176;80;26;48.15%;CRESCIMENTO;COMPARAVEL
SANTA CRUZ DO RIO PARDO;114;SANTA CRUZ DO RIO PARDO;Interior;478;2;177;80;78;3900.00%;CRESCIMENTO;COMPARAVEL
SANTO ANDRE;383;SANTO ANDRE;Grande SP;217;36;178;78;42;116.67%;CRESCIMENTO;COMPARAVEL
SAO PAULO;259;Saúde;Sul;154;59;182;77;18;30.51%;CRESCIMENTO;COMPARAVEL
EMBU DAS ARTES;391;EMBU DAS ARTES;Grande SP;181;48;180;77;29;60.42%;CRESCIMENTO;COMPARAVEL
CAMPINAS;423;CAMPINAS;Interior;251;24;179;77;53;220.83%;CRESCIMENTO;COMPARAVEL
JABOTICABAL;61;JABOTICABAL;Interior;261;22;181;77;55;250.00%;CRESCIMENTO;COMPARAVEL
SAO VICENTE;177;SAO VICENTE;Litoral;189;44;183;76;32;72.73%;CRESCIMENTO;COMPARAVEL
ITAPIRA;54;ITAPIRA;Interior;118;85;184;75;-10;-11.76%;REDUCAO;COMPARAVEL
PAULINIA;323;PAULINIA;Interior;199;41;185;75;34;82.93%;CRESCIMENTO;COMPARAVEL
PINDORAMA;111;PINDORAMA;Interior;200;41;186;74;33;80.49%;CRESCIMENTO;COMPARAVEL
SAO CARLOS;121;SAO CARLOS;Interior;175;51;187;72;21;41.18%;CRESCIMENTO;COMPARAVEL
OSASCO;332;OSASCO;Grande SP;69;169;190;70;-99;-58.58%;REDUCAO;COMPARAVEL
FERRAZ DE VASCONCELOS;401;FERRAZ DE VASCONCELOS;Grande SP;133;70;189;70;0;0.00%;MANTEVE;COMPARAVEL
CERQUILHO;355;CERQUILHO;Interior;396;4;188;70;66;1650.00%;CRESCIMENTO;COMPARAVEL
LINS;67;LINS;Interior;9;1354;191;69;-1285;-94.90%;REDUCAO;COMPARAVEL
PARIQUERA ACU;228;PARIQUERA ACU;Interior;111;88;192;69;-19;-21.59%;REDUCAO;COMPARAVEL
PEDERNEIRAS;86;PEDERNEIRAS;Interior;466;2;193;69;67;3350.00%;CRESCIMENTO;COMPARAVEL
EMBU DAS ARTES;341;EMBU DAS ARTES;Grande SP;180;48;194;67;19;39.58%;CRESCIMENTO;COMPARAVEL
GUARULHOS;395;GUARULHOS;Grande SP;252;24;195;67;43;179.17%;CRESCIMENTO;COMPARAVEL
VALINHOS;34;VALINHOS;Interior;241;28;196;66;38;135.71%;CRESCIMENTO;COMPARAVEL
ILHA SOLTEIRA;368;ILHA SOLTEIRA;Interior;;0;197;65;65;;NOVOS VOTOS;COMPARAVEL
SAO JOSE DOS CAMPOS;127;SAO JOSE DOS CAMPOS;Interior;151;60;199;64;4;6.67%;CRESCIMENTO;COMPARAVEL
DIADEMA;426;DIADEMA;Grande SP;207;38;198;64;26;68.42%;CRESCIMENTO;COMPARAVEL
VARGEM GRANDE DO SUL;229;VARGEM GRANDE DO SUL;Interior;488;2;200;64;62;3100.00%;CRESCIMENTO;COMPARAVEL
CARAGUATATUBA;206;CARAGUATATUBA;Litoral;123;80;201;61;-19;-23.75%;REDUCAO;COMPARAVEL
SAO PAULO;5;Jardim Paulista;Oeste;308;12;203;61;49;408.33%;CRESCIMENTO;COMPARAVEL
SAO JOSE DO RIO PRETO;125;SAO JOSE DO RIO PRETO;Interior;329;9;202;61;52;577.78%;CRESCIMENTO;COMPARAVEL
TABAPUA;179;TABAPUA;Interior;411;4;204;60;56;1400.00%;CRESCIMENTO;COMPARAVEL
GUAREI;140;GUAREI;Interior;127;72;207;59;-13;-18.06%;REDUCAO;COMPARAVEL
TABOAO DA SERRA;324;TABOAO DA SERRA;Grande SP;211;37;208;59;22;59.46%;CRESCIMENTO;COMPARAVEL
CAMPINAS;33;CAMPINAS;Interior;290;16;206;59;43;268.75%;CRESCIMENTO;COMPARAVEL
ANDRADINA;9;ANDRADINA;Interior;358;6;205;59;53;883.33%;CRESCIMENTO;COMPARAVEL
SANTO ANDRE;307;SANTO ANDRE;Grande SP;206;39;210;58;19;48.72%;CRESCIMENTO;COMPARAVEL
EMBAUBA;171;EMBAUBA;Interior;;0;209;58;58;;NOVOS VOTOS;COMPARAVEL
PIRACICABA;93;PIRACICABA;Interior;174;51;212;57;6;11.76%;CRESCIMENTO;COMPARAVEL
AREALVA;300;AREALVA;Interior;493;1;211;57;56;5600.00%;CRESCIMENTO;COMPARAVEL
RAFARD;38;RAFARD;Interior;164;55;216;56;1;1.82%;CRESCIMENTO;COMPARAVEL
GUARULHOS;185;GUARULHOS;Grande SP;203;40;215;56;16;40.00%;CRESCIMENTO;COMPARAVEL
CRAVINHOS;293;CRAVINHOS;Interior;419;3;213;56;53;1766.67%;CRESCIMENTO;COMPARAVEL
FERNANDO PRESTES;139;FERNANDO PRESTES;Interior;452;2;214;56;54;2700.00%;CRESCIMENTO;COMPARAVEL
ITANHAEM;189;ITANHAEM;Litoral;132;71;218;55;-16;-22.54%;REDUCAO;COMPARAVEL
CANANEIA;36;CANANEIA;Litoral;155;58;217;55;-3;-5.17%;REDUCAO;COMPARAVEL
SANTO ANDRE;156;SANTO ANDRE;Grande SP;216;36;219;55;19;52.78%;CRESCIMENTO;COMPARAVEL
POMPEIA;99;POMPEIA;Interior;190;43;220;54;11;25.58%;CRESCIMENTO;COMPARAVEL
SUZANO;181;SUZANO;Grande SP;131;72;223;53;-19;-26.39%;REDUCAO;COMPARAVEL
ITAQUAQUECETUBA;377;ITAQUAQUECETUBA;Grande SP;183;48;222;53;5;10.42%;CRESCIMENTO;COMPARAVEL
CATIGUA;179;CATIGUA;Interior;505;1;221;53;52;5200.00%;CRESCIMENTO;COMPARAVEL
SAO JOSE DOS CAMPOS;282;SAO JOSE DOS CAMPOS;Interior;225;33;224;52;19;57.58%;CRESCIMENTO;COMPARAVEL
SOROCABA;356;SOROCABA;Interior;62;178;228;51;-127;-71.35%;REDUCAO;COMPARAVEL
MOGI DAS CRUZES;287;MOGI DAS CRUZES;Grande SP;115;87;225;51;-36;-41.38%;REDUCAO;COMPARAVEL
OSASCO;277;OSASCO;Grande SP;121;82;226;51;-31;-37.80%;REDUCAO;COMPARAVEL
SAO PAULO;251;Pinheiros;Oeste;267;21;227;51;30;142.86%;CRESCIMENTO;COMPARAVEL
SAO CARLOS;410;SAO CARLOS;Interior;204;40;230;50;10;25.00%;CRESCIMENTO;COMPARAVEL
INDAIATUBA;211;INDAIATUBA;Interior;231;30;229;50;20;66.67%;CRESCIMENTO;COMPARAVEL
SAO ROQUE;131;SAO ROQUE;Interior;243;27;231;50;23;85.19%;CRESCIMENTO;COMPARAVEL
VINHEDO;345;VINHEDO;Interior;259;23;232;50;27;117.39%;CRESCIMENTO;COMPARAVEL
MARILIA;400;MARILIA;Interior;107;91;236;49;-42;-46.15%;REDUCAO;COMPARAVEL
COTIA;286;COTIA;Grande SP;213;36;233;49;13;36.11%;CRESCIMENTO;COMPARAVEL
GUARULHOS;279;GUARULHOS;Grande SP;218;35;235;49;14;40.00%;CRESCIMENTO;COMPARAVEL
FRANCA;46;FRANCA;Interior;244;26;234;49;23;88.46%;CRESCIMENTO;COMPARAVEL
GUARULHOS;393;GUARULHOS;Grande SP;197;41;240;47;6;14.63%;CRESCIMENTO;COMPARAVEL
BOITUVA;369;BOITUVA;Interior;247;25;238;47;22;88.00%;CRESCIMENTO;COMPARAVEL
FRANCA;291;FRANCA;Interior;273;19;239;47;28;147.37%;CRESCIMENTO;COMPARAVEL
BERTIOGA;272;BERTIOGA;Litoral;316;10;237;47;37;370.00%;CRESCIMENTO;COMPARAVEL
GUARULHOS;278;GUARULHOS;Grande SP;182;48;243;46;-2;-4.17%;REDUCAO;COMPARAVEL
BOTUCATU;26;BOTUCATU;Interior;193;42;242;46;4;9.52%;CRESCIMENTO;COMPARAVEL
AGUDOS;7;AGUDOS;Interior;289;16;241;46;30;187.50%;CRESCIMENTO;COMPARAVEL
JUQUITIBA;201;JUQUITIBA;Grande SP;306;12;244;46;34;283.33%;CRESCIMENTO;COMPARAVEL
MARACAI;290;MARACAI;Interior;137;67;246;45;-22;-32.84%;REDUCAO;COMPARAVEL
CAMPINAS;275;CAMPINAS;Interior;278;18;245;45;27;150.00%;CRESCIMENTO;COMPARAVEL
RIBEIRAO PIRES;382;RIBEIRAO PIRES;Grande SP;170;52;247;44;-8;-15.38%;REDUCAO;COMPARAVEL
ELIAS FAUSTO;358;ELIAS FAUSTO;Interior;156;58;248;43;-15;-25.86%;REDUCAO;COMPARAVEL
SUMARE;362;SUMARE;Interior;171;52;251;43;-9;-17.31%;REDUCAO;COMPARAVEL
SAO BERNARDO DO CAMPO;284;SAO BERNARDO DO CAMPO;Grande SP;219;35;250;43;8;22.86%;CRESCIMENTO;COMPARAVEL
RIO CLARO;110;RIO CLARO;Interior;232;30;249;43;13;43.33%;CRESCIMENTO;COMPARAVEL
ARUJA;335;ARUJA;Grande SP;152;59;252;42;-17;-28.81%;REDUCAO;COMPARAVEL
PORTO FELIZ;100;PORTO FELIZ;Interior;191;43;255;42;-1;-2.33%;REDUCAO;COMPARAVEL
MIRASSOL;72;MIRASSOL;Interior;286;17;253;42;25;147.06%;CRESCIMENTO;COMPARAVEL
PALMARES PAULISTA;111;PALMARES PAULISTA;Interior;540;1;254;42;41;4100.00%;CRESCIMENTO;COMPARAVEL
ITAPETININGA;52;ITAPETININGA;Interior;220;34;256;41;7;20.59%;CRESCIMENTO;COMPARAVEL
SANTO ANDRE;306;SANTO ANDRE;Grande SP;255;24;259;41;17;70.83%;CRESCIMENTO;COMPARAVEL
PEREIRA BARRETO;88;PEREIRA BARRETO;Interior;322;10;258;41;31;310.00%;CRESCIMENTO;COMPARAVEL
VALENTIM GENTIL;147;VALENTIM GENTIL;Interior;412;4;260;41;37;925.00%;CRESCIMENTO;COMPARAVEL
MONTE ALTO;76;MONTE ALTO;Interior;461;2;257;41;39;1950.00%;CRESCIMENTO;COMPARAVEL
CRUZEIRO;42;CRUZEIRO;Interior;167;53;262;40;-13;-24.53%;REDUCAO;COMPARAVEL
ARARAQUARA;385;ARARAQUARA;Interior;283;17;261;40;23;135.29%;CRESCIMENTO;COMPARAVEL
POTIRENDABA;126;POTIRENDABA;Interior;435;3;263;40;37;1233.33%;CRESCIMENTO;COMPARAVEL
BOM JESUS DOS PERDOES;16;BOM JESUS DOS PERDOES;Interior;265;21;264;39;18;85.71%;CRESCIMENTO;COMPARAVEL
VOTUPORANGA;147;VOTUPORANGA;Interior;373;6;266;39;33;550.00%;CRESCIMENTO;COMPARAVEL
GALIA;47;GALIA;Interior;514;1;265;39;38;3800.00%;CRESCIMENTO;COMPARAVEL
SOCORRO;136;SOCORRO;Interior;233;30;268;38;8;26.67%;CRESCIMENTO;COMPARAVEL
JAGUARIUNA;333;JAGUARIUNA;Interior;328;9;267;38;29;322.22%;CRESCIMENTO;COMPARAVEL
VARGEM;298;VARGEM;Interior;354;7;270;38;31;442.86%;CRESCIMENTO;COMPARAVEL
TABATINGA;49;TABATINGA;Interior;;0;269;38;38;;NOVOS VOTOS;COMPARAVEL
SALTO;221;SALTO;Interior;280;18;271;37;19;105.56%;CRESCIMENTO;COMPARAVEL
GUARULHOS;176;GUARULHOS;Grande SP;172;51;272;36;-15;-29.41%;REDUCAO;COMPARAVEL
SERRANA;109;SERRANA;Interior;282;18;273;36;18;100.00%;CRESCIMENTO;COMPARAVEL
JACUPIRANGA;228;JACUPIRANGA;Interior;198;41;274;35;-6;-14.63%;REDUCAO;COMPARAVEL
SANTA ADELIA;111;SANTA ADELIA;Interior;262;22;275;35;13;59.09%;CRESCIMENTO;COMPARAVEL
SAO CAETANO DO SUL;269;SAO CAETANO DO SUL;Grande SP;281;18;276;35;17;94.44%;CRESCIMENTO;COMPARAVEL
URU;95;URU;Interior;487;2;277;34;32;1600.00%;CRESCIMENTO;COMPARAVEL
VALPARAISO;146;VALPARAISO;Interior;561;1;278;34;33;3300.00%;CRESCIMENTO;COMPARAVEL
ARACATUBA;299;ARACATUBA;Interior;256;23;279;33;10;43.48%;CRESCIMENTO;COMPARAVEL
GUARARAPES;151;GUARARAPES;Interior;517;1;280;33;32;3200.00%;CRESCIMENTO;COMPARAVEL
VARGEM GRANDE PAULISTA;286;VARGEM GRANDE PAULISTA;Grande SP;109;90;285;32;-58;-64.44%;REDUCAO;COMPARAVEL
SUZANO;415;SUZANO;Grande SP;192;43;284;32;-11;-25.58%;REDUCAO;COMPARAVEL
ITU;59;ITU;Interior;238;28;283;32;4;14.29%;CRESCIMENTO;COMPARAVEL
CONCHAL;75;CONCHAL;Interior;418;3;281;32;29;966.67%;CRESCIMENTO;COMPARAVEL
DUMONT;293;DUMONT;Interior;509;1;282;32;31;3100.00%;CRESCIMENTO;COMPARAVEL
TUPA;143;TUPA;Interior;188;45;288;31;-14;-31.11%;REDUCAO;COMPARAVEL
PARAGUACU PAULISTA;12;PARAGUACU PAULISTA;Interior;287;17;287;31;14;82.35%;CRESCIMENTO;COMPARAVEL
GUZOLANDIA;225;GUZOLANDIA;Interior;;0;286;31;31;;NOVOS VOTOS;COMPARAVEL
CACHOEIRA PAULISTA;145;CACHOEIRA PAULISTA;Interior;97;105;290;30;-75;-71.43%;REDUCAO;COMPARAVEL
ESTRELA D'OESTE;233;ESTRELA D'OESTE;Interior;;0;289;30;30;;NOVOS VOTOS;COMPARAVEL
FERNANDOPOLIS;150;FERNANDOPOLIS;Interior;318;10;291;29;19;190.00%;CRESCIMENTO;COMPARAVEL
ONDA VERDE;78;ONDA VERDE;Interior;538;1;292;29;28;2800.00%;CRESCIMENTO;COMPARAVEL
PIRACICABA;244;PIRACICABA;Interior;201;41;295;28;-13;-31.71%;REDUCAO;COMPARAVEL
POA;219;POA;Grande SP;230;31;296;28;-3;-9.68%;REDUCAO;COMPARAVEL
MOGI GUACU;216;MOGI GUACU;Interior;302;13;294;28;15;115.38%;CRESCIMENTO;COMPARAVEL
BARRA BONITA;200;BARRA BONITA;Interior;375;5;293;28;23;460.00%;CRESCIMENTO;COMPARAVEL
PEDRA BELA;298;PEDRA BELA;Interior;215;36;299;27;-9;-25.00%;REDUCAO;COMPARAVEL
COSMOPOLIS;360;COSMOPOLIS;Interior;362;6;297;27;21;350.00%;CRESCIMENTO;COMPARAVEL
SANTA ISABEL;115;SANTA ISABEL;Grande SP;408;4;300;27;23;575.00%;CRESCIMENTO;COMPARAVEL
MOCOCA;73;MOCOCA;Interior;535;1;298;27;26;2600.00%;CRESCIMENTO;COMPARAVEL
QUEIROZ;99;QUEIROZ;Interior;169;52;305;26;-26;-50.00%;REDUCAO;COMPARAVEL
MONGAGUA;189;MONGAGUA;Litoral;245;26;303;26;0;0.00%;MANTEVE;COMPARAVEL
JACAREI;396;JACAREI;Interior;258;23;302;26;3;13.04%;CRESCIMENTO;COMPARAVEL
ALVINLANDIA;47;ALVINLANDIA;Interior;392;4;301;26;22;550.00%;CRESCIMENTO;COMPARAVEL
NOVA EUROPA;13;NOVA EUROPA;Interior;;0;304;26;26;;NOVOS VOTOS;COMPARAVEL
MOGI DAS CRUZES;74;MOGI DAS CRUZES;Grande SP;229;31;307;25;-6;-19.35%;REDUCAO;COMPARAVEL
MOGI DAS CRUZES;319;MOGI DAS CRUZES;Grande SP;254;24;306;25;1;4.17%;CRESCIMENTO;COMPARAVEL
RIO DAS PEDRAS;244;RIO DAS PEDRAS;Interior;369;6;308;25;19;316.67%;CRESCIMENTO;COMPARAVEL
SAO SIMAO;133;SAO SIMAO;Interior;351;7;311;24;17;242.86%;CRESCIMENTO;COMPARAVEL
OLIMPIA;80;OLIMPIA;Interior;403;4;310;24;20;500.00%;CRESCIMENTO;COMPARAVEL
BRODOWSKI;204;BRODOWSKI;Interior;498;1;309;24;23;2300.00%;CRESCIMENTO;COMPARAVEL
VISTA ALEGRE DO ALTO;76;VISTA ALEGRE DO ALTO;Interior;;0;312;24;24;;NOVOS VOTOS;COMPARAVEL
OSASCO;213;OSASCO;Grande SP;136;68;316;23;-45;-66.18%;REDUCAO;COMPARAVEL
SANTA BARBARA D'OESTE;186;SANTA BARBARA D'OESTE;Interior;272;19;313;23;4;21.05%;CRESCIMENTO;COMPARAVEL
LENCOIS PAULISTA;161;LENCOIS PAULISTA;Interior;365;6;315;23;17;283.33%;CRESCIMENTO;COMPARAVEL
BALBINOS;95;BALBINOS;Interior;495;1;314;23;22;2200.00%;CRESCIMENTO;COMPARAVEL
TEODORO SAMPAIO;330;TEODORO SAMPAIO;Interior;234;30;321;22;-8;-26.67%;REDUCAO;COMPARAVEL
SOROCABA;271;SOROCABA;Interior;250;25;320;22;-3;-12.00%;REDUCAO;COMPARAVEL
AMPARO;8;AMPARO;Interior;357;6;317;22;16;266.67%;CRESCIMENTO;COMPARAVEL
ITABERA;236;ITABERA;Interior;;0;318;22;22;;NOVOS VOTOS;COMPARAVEL
PILAR DO SUL;318;PILAR DO SUL;Interior;;0;319;22;22;;NOVOS VOTOS;COMPARAVEL
SOROCABA;342;SOROCABA;Interior;209;37;326;21;-16;-43.24%;REDUCAO;COMPARAVEL
ITAJOBI;79;ITAJOBI;Interior;319;10;323;21;11;110.00%;CRESCIMENTO;COMPARAVEL
JOSE BONIFACIO;64;JOSE BONIFACIO;Interior;344;7;324;21;14;200.00%;CRESCIMENTO;COMPARAVEL
SAO JOSE DO RIO PARDO;124;SAO JOSE DO RIO PARDO;Interior;370;6;325;21;15;250.00%;CRESCIMENTO;COMPARAVEL
BATATAIS;22;BATATAIS;Interior;444;2;322;21;19;950.00%;CRESCIMENTO;COMPARAVEL
SOROCABA;343;SOROCABA;Interior;210;37;329;20;-17;-45.95%;REDUCAO;COMPARAVEL
JACAREI;62;JACAREI;Interior;223;33;328;20;-13;-39.39%;REDUCAO;COMPARAVEL
BARRETOS;21;BARRETOS;Interior;264;21;327;20;-1;-4.76%;REDUCAO;COMPARAVEL
TATUI;140;TATUI;Interior;390;5;330;20;15;300.00%;CRESCIMENTO;COMPARAVEL
SAO LOURENCO DA SERRA;201;SAO LOURENCO DA SERRA;Grande SP;292;16;333;19;3;18.75%;CRESCIMENTO;COMPARAVEL
GUARATINGUETA;48;GUARATINGUETA;Interior;305;12;331;19;7;58.33%;CRESCIMENTO;COMPARAVEL
NAZARE PAULISTA;16;NAZARE PAULISTA;Interior;401;4;332;19;15;375.00%;CRESCIMENTO;COMPARAVEL
JUQUIA;223;JUQUIA;Interior;214;36;335;18;-18;-50.00%;REDUCAO;COMPARAVEL
PRESIDENTE EPITACIO;195;PRESIDENTE EPITACIO;Interior;227;32;338;18;-14;-43.75%;REDUCAO;COMPARAVEL
NOVA ODESSA;292;NOVA ODESSA;Interior;266;21;337;18;-3;-14.29%;REDUCAO;COMPARAVEL
LEME;188;LEME;Interior;284;17;336;18;1;5.88%;CRESCIMENTO;COMPARAVEL
BADY BASSITT;126;BADY BASSITT;Interior;333;8;334;18;10;125.00%;CRESCIMENTO;COMPARAVEL
SAO CAETANO DO SUL;166;SAO CAETANO DO SUL;Grande SP;276;19;340;17;-2;-10.53%;REDUCAO;COMPARAVEL
LORENA;68;LORENA;Interior;345;7;339;17;10;142.86%;CRESCIMENTO;COMPARAVEL
RIO CLARO;288;RIO CLARO;Interior;248;25;343;16;-9;-36.00%;REDUCAO;COMPARAVEL
CAFELANDIA;31;CAFELANDIA;Interior;325;9;341;16;7;77.78%;CRESCIMENTO;COMPARAVEL
JAMBEIRO;29;JAMBEIRO;Interior;336;8;342;16;8;100.00%;CRESCIMENTO;COMPARAVEL
SALTO DE PIRAPORA;294;SALTO DE PIRAPORA;Interior;349;7;344;16;9;128.57%;CRESCIMENTO;COMPARAVEL
NOVA ALIANCA;126;NOVA ALIANCA;Interior;;0;345;15;15;;NOVOS VOTOS;COMPARAVEL
SERRA NEGRA;134;SERRA NEGRA;Interior;;0;346;15;15;;NOVOS VOTOS;COMPARAVEL
BORBOREMA;55;BORBOREMA;Interior;179;48;350;14;-34;-70.83%;REDUCAO;COMPARAVEL
AMERICANA;384;AMERICANA;Interior;237;28;347;14;-14;-50.00%;REDUCAO;COMPARAVEL
PINHALZINHO;136;PINHALZINHO;Interior;274;19;352;14;-5;-26.32%;REDUCAO;COMPARAVEL
BOFETE;41;BOFETE;Interior;304;12;349;14;2;16.67%;CRESCIMENTO;COMPARAVEL
AMERICO DE CAMPOS;138;AMERICO DE CAMPOS;Interior;491;1;348;14;13;1300.00%;CRESCIMENTO;COMPARAVEL
NOVA CAMPINA;53;NOVA CAMPINA;Interior;;0;351;14;14;;NOVOS VOTOS;COMPARAVEL
PRESIDENTE PRUDENTE;101;PRESIDENTE PRUDENTE;Interior;299;14;358;13;-1;-7.14%;REDUCAO;COMPARAVEL
MOGI MIRIM;75;MOGI MIRIM;Interior;337;8;356;13;5;62.50%;CRESCIMENTO;COMPARAVEL
SARAPUI;52;SARAPUI;Interior;352;7;360;13;6;85.71%;CRESCIMENTO;COMPARAVEL
FERNAO;47;FERNAO;Interior;421;3;354;13;10;333.33%;CRESCIMENTO;COMPARAVEL
LARANJAL PAULISTA;142;LARANJAL PAULISTA;Interior;427;3;355;13;10;333.33%;CRESCIMENTO;COMPARAVEL
TANABI;138;TANABI;Interior;485;2;362;13;11;550.00%;CRESCIMENTO;COMPARAVEL
ARTUR NOGUEIRA;360;ARTUR NOGUEIRA;Interior;;0;353;13;13;;NOVOS VOTOS;COMPARAVEL
MONTE AZUL PAULISTA;171;MONTE AZUL PAULISTA;Interior;;0;357;13;13;;NOVOS VOTOS;COMPARAVEL
SALES OLIVEIRA;81;SALES OLIVEIRA;Interior;;0;359;13;13;;NOVOS VOTOS;COMPARAVEL
SEVERINIA;80;SEVERINIA;Interior;;0;361;13;13;;NOVOS VOTOS;COMPARAVEL
CANDIDO MOTA;226;CANDIDO MOTA;Interior;260;22;364;12;-10;-45.45%;REDUCAO;COMPARAVEL
SAO JOAO DA BOA VISTA;122;SAO JOAO DA BOA VISTA;Interior;300;14;368;12;-2;-14.29%;REDUCAO;COMPARAVEL
IBATE;410;IBATE;Interior;301;13;366;12;-1;-7.69%;REDUCAO;COMPARAVEL
GUARA;60;GUARA;Interior;311;11;365;12;1;9.09%;CRESCIMENTO;COMPARAVEL
PENAPOLIS;87;PENAPOLIS;Interior;312;11;367;12;1;9.09%;CRESCIMENTO;COMPARAVEL
PALMEIRA D'OESTE;232;PALMEIRA D'OESTE;Interior;315;10;363;12;2;20.00%;CRESCIMENTO;COMPARAVEL
IGARAPAVA;50;IGARAPAVA;Interior;82;138;370;11;-127;-92.03%;REDUCAO;COMPARAVEL
SOROCABA;137;SOROCABA;Interior;353;7;374;11;4;57.14%;CRESCIMENTO;COMPARAVEL
MATAO;170;MATAO;Interior;366;6;371;11;5;83.33%;CRESCIMENTO;COMPARAVEL
PORTO FERREIRA;194;PORTO FERREIRA;Interior;469;2;372;11;9;450.00%;CRESCIMENTO;COMPARAVEL
CASA BRANCA;39;CASA BRANCA;Interior;504;1;369;11;10;1000.00%;CRESCIMENTO;COMPARAVEL
SAO PEDRO DO TURVO;114;SAO PEDRO DO TURVO;Interior;;0;373;11;11;;NOVOS VOTOS;COMPARAVEL
VOTORANTIM;220;VOTORANTIM;Interior;235;29;382;10;-19;-65.52%;REDUCAO;COMPARAVEL
SANTA RITA DO PASSA QUATRO;116;SANTA RITA DO PASSA QUATRO;Interior;275;19;379;10;-9;-47.37%;REDUCAO;COMPARAVEL
SUMARE;230;SUMARE;Interior;277;19;380;10;-9;-47.37%;REDUCAO;COMPARAVEL
MIRANDOPOLIS;153;MIRANDOPOLIS;Interior;285;17;377;10;-7;-41.18%;REDUCAO;COMPARAVEL
DRACENA;149;DRACENA;Interior;363;6;375;10;4;66.67%;CRESCIMENTO;COMPARAVEL
TUIUTI;298;TUIUTI;Interior;372;6;381;10;4;66.67%;CRESCIMENTO;COMPARAVEL
MAIRINQUE;131;MAIRINQUE;Interior;383;5;376;10;5;100.00%;CRESCIMENTO;COMPARAVEL
SANTA MARIA DA SERRA;130;SANTA MARIA DA SERRA;Interior;;0;378;10;10;;NOVOS VOTOS;COMPARAVEL
SAO MANUEL;129;SAO MANUEL;Interior;288;17;394;9;-8;-47.06%;REDUCAO;COMPARAVEL
TARUMA;290;TARUMA;Interior;314;11;397;9;-2;-18.18%;REDUCAO;COMPARAVEL
PALMITAL;83;PALMITAL;Interior;320;10;391;9;-1;-10.00%;REDUCAO;COMPARAVEL
CAPAO BONITO;37;CAPAO BONITO;Interior;395;4;385;9;5;125.00%;CRESCIMENTO;COMPARAVEL
IPIGUA;312;IPIGUA;Interior;426;3;386;9;6;200.00%;CRESCIMENTO;COMPARAVEL
AGUAS DE SANTA BARBARA;205;AGUAS DE SANTA BARBARA;Interior;441;2;383;9;7;350.00%;CRESCIMENTO;COMPARAVEL
BARRINHA;135;BARRINHA;Interior;497;1;384;9;8;800.00%;CRESCIMENTO;COMPARAVEL
IRACEMAPOLIS;243;IRACEMAPOLIS;Interior;522;1;387;9;8;800.00%;CRESCIMENTO;COMPARAVEL
ITAPOLIS;55;ITAPOLIS;Interior;525;1;388;9;8;800.00%;CRESCIMENTO;COMPARAVEL
TAPIRATIBA;30;TAPIRATIBA;Interior;559;1;396;9;8;800.00%;CRESCIMENTO;COMPARAVEL
ITAPURA;368;ITAPURA;Interior;;0;389;9;9;;NOVOS VOTOS;COMPARAVEL
NOVA GRANADA;78;NOVA GRANADA;Interior;;0;390;9;9;;NOVOS VOTOS;COMPARAVEL
PARDINHO;26;PARDINHO;Interior;;0;392;9;9;;NOVOS VOTOS;COMPARAVEL
PIRATININGA;23;PIRATININGA;Interior;;0;393;9;9;;NOVOS VOTOS;COMPARAVEL
SUZANAPOLIS;88;SUZANAPOLIS;Interior;;0;395;9;9;;NOVOS VOTOS;COMPARAVEL
BURITAMA;214;BURITAMA;Interior;36;363;402;8;-355;-97.80%;REDUCAO;COMPARAVEL
AVARE;17;AVARE;Interior;114;87;399;8;-79;-90.80%;REDUCAO;COMPARAVEL
BIRIGUI;25;BIRIGUI;Interior;117;85;401;8;-77;-90.59%;REDUCAO;COMPARAVEL
SAO JOAQUIM DA BARRA;123;SAO JOAQUIM DA BARRA;Interior;297;15;409;8;-7;-46.67%;REDUCAO;COMPARAVEL
SAO BENTO DO SAPUCAI;314;SAO BENTO DO SAPUCAI;Interior;313;11;408;8;-3;-27.27%;REDUCAO;COMPARAVEL
ROSANA;330;ROSANA;Interior;323;10;406;8;-2;-20.00%;REDUCAO;COMPARAVEL
BARBOSA;289;BARBOSA;Interior;360;6;400;8;2;33.33%;CRESCIMENTO;COMPARAVEL
MARTINOPOLIS;71;MARTINOPOLIS;Interior;428;3;403;8;5;166.67%;CRESCIMENTO;COMPARAVEL
PIEDADE;89;PIEDADE;Interior;432;3;405;8;5;166.67%;CRESCIMENTO;COMPARAVEL
ARARAQUARA;13;ARARAQUARA;Interior;443;2;398;8;6;300.00%;CRESCIMENTO;COMPARAVEL
SANTO ANTONIO DA ALEGRIA;202;SANTO ANTONIO DA ALEGRIA;Interior;480;2;407;8;6;300.00%;CRESCIMENTO;COMPARAVEL
PARAIBUNA;84;PARAIBUNA;Interior;541;1;404;8;7;700.00%;CRESCIMENTO;COMPARAVEL
AGUAS DE LINDOIA;134;AGUAS DE LINDOIA;Interior;324;9;412;7;-2;-22.22%;REDUCAO;COMPARAVEL
UBARANA;64;UBARANA;Interior;330;9;427;7;-2;-22.22%;REDUCAO;COMPARAVEL
VIRADOURO;98;VIRADOURO;Interior;355;7;428;7;0;0.00%;MANTEVE;COMPARAVEL
SANTA RITA D'OESTE;187;SANTA RITA D'OESTE;Interior;356;6;410;7;1;16.67%;CRESCIMENTO;COMPARAVEL
CASTILHO;9;CASTILHO;Interior;377;5;416;7;2;40.00%;CRESCIMENTO;COMPARAVEL
PONGAI;95;PONGAI;Interior;386;5;424;7;2;40.00%;CRESCIMENTO;COMPARAVEL
ARACATUBA;11;ARACATUBA;Interior;393;4;414;7;3;75.00%;CRESCIMENTO;COMPARAVEL
PORANGABA;140;PORANGABA;Interior;434;3;425;7;4;133.33%;CRESCIMENTO;COMPARAVEL
AGUAI;122;AGUAI;Interior;440;2;411;7;5;250.00%;CRESCIMENTO;COMPARAVEL
PITANGUEIRAS;98;PITANGUEIRAS;Interior;468;2;423;7;5;250.00%;CRESCIMENTO;COMPARAVEL
LOURDES;214;LOURDES;Interior;531;1;419;7;6;600.00%;CRESCIMENTO;COMPARAVEL
REGINOPOLIS;95;REGINOPOLIS;Interior;548;1;426;7;6;600.00%;CRESCIMENTO;COMPARAVEL
ALUMINIO;131;ALUMINIO;Interior;;0;413;7;7;;NOVOS VOTOS;COMPARAVEL
BURI;215;BURI;Interior;;0;415;7;7;;NOVOS VOTOS;COMPARAVEL
IPAUSSU;114;IPAUSSU;Interior;;0;417;7;7;;NOVOS VOTOS;COMPARAVEL
IPERO;369;IPERO;Interior;;0;418;7;7;;NOVOS VOTOS;COMPARAVEL
MACATUBA;86;MACATUBA;Interior;;0;420;7;7;;NOVOS VOTOS;COMPARAVEL
NIPOA;77;NIPOA;Interior;;0;421;7;7;;NOVOS VOTOS;COMPARAVEL
NUPORANGA;81;NUPORANGA;Interior;;0;422;7;7;;NOVOS VOTOS;COMPARAVEL
AMERICANA;158;AMERICANA;Interior;293;15;430;6;-9;-60.00%;REDUCAO;COMPARAVEL
APARECIDA D'OESTE;232;APARECIDA D'OESTE;Interior;341;7;429;6;-1;-14.29%;REDUCAO;COMPARAVEL
SALTO GRANDE;313;SALTO GRANDE;Interior;350;7;438;6;-1;-14.29%;REDUCAO;COMPARAVEL
ECHAPORA;15;ECHAPORA;Interior;364;6;434;6;0;0.00%;MANTEVE;COMPARAVEL
CERQUEIRA CESAR;205;CERQUEIRA CESAR;Interior;450;2;432;6;4;200.00%;CRESCIMENTO;COMPARAVEL
MIRASSOLANDIA;72;MIRASSOLANDIA;Interior;460;2;436;6;4;200.00%;CRESCIMENTO;COMPARAVEL
RIBEIRAO BONITO;107;RIBEIRAO BONITO;Interior;549;1;437;6;5;500.00%;CRESCIMENTO;COMPARAVEL
BOCAINA;241;BOCAINA;Interior;;0;431;6;6;;NOVOS VOTOS;COMPARAVEL
CORUMBATAI;245;CORUMBATAI;Interior;;0;433;6;6;;NOVOS VOTOS;COMPARAVEL
LUIS ANTONIO;133;LUIS ANTONIO;Interior;;0;435;6;6;;NOVOS VOTOS;COMPARAVEL
GUAICARA;297;GUAICARA;Interior;48;249;446;5;-244;-97.99%;REDUCAO;COMPARAVEL
ASSIS;15;ASSIS;Interior;159;57;441;5;-52;-91.23%;REDUCAO;COMPARAVEL
DOIS CORREGOS;241;DOIS CORREGOS;Interior;163;55;445;5;-50;-90.91%;REDUCAO;COMPARAVEL
NATIVIDADE DA SERRA;84;NATIVIDADE DA SERRA;Interior;291;16;451;5;-11;-68.75%;REDUCAO;COMPARAVEL
ARACOIABA DA SERRA;294;ARACOIABA DA SERRA;Interior;303;12;440;5;-7;-58.33%;REDUCAO;COMPARAVEL
ILHABELA;132;ILHABELA;Litoral;327;9;449;5;-4;-44.44%;REDUCAO;COMPARAVEL
ARACARIGUAMA;131;ARACARIGUAMA;Interior;332;8;439;5;-3;-37.50%;REDUCAO;COMPARAVEL
PLANALTO;214;PLANALTO;Interior;433;3;453;5;2;66.67%;CRESCIMENTO;COMPARAVEL
MINEIROS DO TIETE;241;MINEIROS DO TIETE;Interior;459;2;450;5;3;150.00%;CRESCIMENTO;COMPARAVEL
SALTINHO;270;SALTINHO;Interior;476;2;454;5;3;150.00%;CRESCIMENTO;COMPARAVEL
SAO MIGUEL ARCANJO;318;SAO MIGUEL ARCANJO;Interior;484;2;455;5;3;150.00%;CRESCIMENTO;COMPARAVEL
BARIRI;19;BARIRI;Interior;496;1;442;5;4;400.00%;CRESCIMENTO;COMPARAVEL
IGARACU DO TIETE;200;IGARACU DO TIETE;Interior;519;1;448;5;4;400.00%;CRESCIMENTO;COMPARAVEL
TRES FRONTEIRAS;187;TRES FRONTEIRAS;Interior;560;1;457;5;4;400.00%;CRESCIMENTO;COMPARAVEL
CANDIDO RODRIGUES;139;CANDIDO RODRIGUES;Interior;;0;443;5;5;;NOVOS VOTOS;COMPARAVEL
CEDRAL;312;CEDRAL;Interior;;0;444;5;5;;NOVOS VOTOS;COMPARAVEL
HOLAMBRA;360;HOLAMBRA;Interior;;0;447;5;5;;NOVOS VOTOS;COMPARAVEL
PALESTINA;224;PALESTINA;Interior;;0;452;5;5;;NOVOS VOTOS;COMPARAVEL
TAIACU;61;TAIACU;Interior;;0;456;5;5;;NOVOS VOTOS;COMPARAVEL
GETULINA;297;GETULINA;Interior;202;40;467;4;-36;-90.00%;REDUCAO;COMPARAVEL
AGUAS DA PRATA;122;AGUAS DA PRATA;Interior;268;20;458;4;-16;-80.00%;REDUCAO;COMPARAVEL
ORIENTE;180;ORIENTE;Interior;338;8;475;4;-4;-50.00%;REDUCAO;COMPARAVEL
PIRAJUI;95;PIRAJUI;Interior;367;6;477;4;-2;-33.33%;REDUCAO;COMPARAVEL
PRESIDENTE VENCESLAU;102;PRESIDENTE VENCESLAU;Interior;368;6;480;4;-2;-33.33%;REDUCAO;COMPARAVEL
SAO LUIS DO PARAITINGA;128;SAO LUIS DO PARAITINGA;Interior;371;6;487;4;-2;-33.33%;REDUCAO;COMPARAVEL
SANTA BRANCA;112;SANTA BRANCA;Interior;388;5;483;4;-1;-20.00%;REDUCAO;COMPARAVEL
HERCULANDIA;184;HERCULANDIA;Interior;397;4;468;4;0;0.00%;MANTEVE;COMPARAVEL
ENGENHEIRO COELHO;75;ENGENHEIRO COELHO;Interior;420;3;465;4;1;33.33%;CRESCIMENTO;COMPARAVEL
IGUAPE;51;IGUAPE;Litoral;425;3;470;4;1;33.33%;CRESCIMENTO;COMPARAVEL
PRADOPOLIS;197;PRADOPOLIS;Interior;436;3;479;4;1;33.33%;CRESCIMENTO;COMPARAVEL
TAQUARIVAI;53;TAQUARIVAI;Interior;438;3;489;4;1;33.33%;CRESCIMENTO;COMPARAVEL
DUARTINA;159;DUARTINA;Interior;451;2;463;4;2;100.00%;CRESCIMENTO;COMPARAVEL
RANCHARIA;106;RANCHARIA;Interior;471;2;481;4;2;100.00%;CRESCIMENTO;COMPARAVEL
RIFAINA;155;RIFAINA;Interior;473;2;482;4;2;100.00%;CRESCIMENTO;COMPARAVEL
CAPELA DO ALTO;140;CAPELA DO ALTO;Interior;502;1;461;4;3;300.00%;CRESCIMENTO;COMPARAVEL
IBIRA;179;IBIRA;Interior;518;1;469;4;3;300.00%;CRESCIMENTO;COMPARAVEL
ITAPUI;241;ITAPUI;Interior;526;1;471;4;3;300.00%;CRESCIMENTO;COMPARAVEL
PONTES GESTAL;224;PONTES GESTAL;Interior;545;1;478;4;3;300.00%;CRESCIMENTO;COMPARAVEL
AMERICO BRASILIENSE;239;AMERICO BRASILIENSE;Interior;;0;459;4;4;;NOVOS VOTOS;COMPARAVEL
BALSAMO;72;BALSAMO;Interior;;0;460;4;4;;NOVOS VOTOS;COMPARAVEL
COLOMBIA;21;COLOMBIA;Interior;;0;462;4;4;;NOVOS VOTOS;COMPARAVEL
ELISIARIO;40;ELISIARIO;Interior;;0;464;4;4;;NOVOS VOTOS;COMPARAVEL
ESPIRITO SANTO DO TURVO;114;ESPIRITO SANTO DO TURVO;Interior;;0;466;4;4;;NOVOS VOTOS;COMPARAVEL
ITARIRI;295;ITARIRI;Interior;;0;472;4;4;;NOVOS VOTOS;COMPARAVEL
LUTECIA;12;LUTECIA;Interior;;0;473;4;4;;NOVOS VOTOS;COMPARAVEL
MONTE APRAZIVEL;77;MONTE APRAZIVEL;Interior;;0;474;4;4;;NOVOS VOTOS;COMPARAVEL
ORINDIUVA;164;ORINDIUVA;Interior;;0;476;4;4;;NOVOS VOTOS;COMPARAVEL
SANTA CRUZ DA CONCEICAO;188;SANTA CRUZ DA CONCEICAO;Interior;;0;484;4;4;;NOVOS VOTOS;COMPARAVEL
SANTA CRUZ DAS PALMEIRAS;39;SANTA CRUZ DAS PALMEIRAS;Interior;;0;485;4;4;;NOVOS VOTOS;COMPARAVEL
SAO JOSE DO BARREIRO;18;SAO JOSE DO BARREIRO;Interior;;0;486;4;4;;NOVOS VOTOS;COMPARAVEL
SERRA AZUL;109;SERRA AZUL;Interior;;0;488;4;4;;NOVOS VOTOS;COMPARAVEL
ITUVERAVA;60;ITUVERAVA;Interior;124;80;498;3;-77;-96.25%;REDUCAO;COMPARAVEL
BIRITIBA MIRIM;319;BIRITIBA MIRIM;Grande SP;196;41;493;3;-38;-92.68%;REDUCAO;COMPARAVEL
PRESIDENTE BERNARDES;165;PRESIDENTE BERNARDES;Interior;246;26;507;3;-23;-88.46%;REDUCAO;COMPARAVEL
OURINHOS;82;OURINHOS;Interior;271;20;502;3;-17;-85.00%;REDUCAO;COMPARAVEL
SILVEIRAS;145;SILVEIRAS;Interior;310;12;516;3;-9;-75.00%;REDUCAO;COMPARAVEL
RIBEIRAO BRANCO;53;RIBEIRAO BRANCO;Interior;340;8;509;3;-5;-62.50%;REDUCAO;COMPARAVEL
REDENCAO DA SERRA;128;REDENCAO DA SERRA;Interior;348;7;508;3;-4;-57.14%;REDUCAO;COMPARAVEL
BOA ESPERANCA DO SUL;107;BOA ESPERANCA DO SUL;Interior;361;6;494;3;-3;-50.00%;REDUCAO;COMPARAVEL
ILHA COMPRIDA;51;ILHA COMPRIDA;Litoral;379;5;497;3;-2;-40.00%;REDUCAO;COMPARAVEL
JACI;72;JACI;Interior;381;5;499;3;-2;-40.00%;REDUCAO;COMPARAVEL
PIQUETE;68;PIQUETE;Interior;385;5;506;3;-2;-40.00%;REDUCAO;COMPARAVEL
AGUAS DE SAO PEDRO;130;AGUAS DE SAO PEDRO;Interior;391;4;491;3;-1;-25.00%;REDUCAO;COMPARAVEL
SAO SEBASTIAO DA GRAMA;229;SAO SEBASTIAO DA GRAMA;Interior;437;3;515;3;0;0.00%;MANTEVE;COMPARAVEL
ADAMANTINA;157;ADAMANTINA;Interior;439;2;490;3;1;50.00%;CRESCIMENTO;COMPARAVEL
BEBEDOURO;24;BEBEDOURO;Interior;445;2;492;3;1;50.00%;CRESCIMENTO;COMPARAVEL
SANTA CRUZ DA ESPERANCA;32;SANTA CRUZ DA ESPERANCA;Interior;477;2;510;3;1;50.00%;CRESCIMENTO;COMPARAVEL
SANTO ANTONIO DE POSSE;333;SANTO ANTONIO DE POSSE;Interior;481;2;512;3;1;50.00%;CRESCIMENTO;COMPARAVEL
MACAUBAL;77;MACAUBAL;Interior;533;1;500;3;2;200.00%;CRESCIMENTO;COMPARAVEL
SANTA ROSA DE VITERBO;133;SANTA ROSA DE VITERBO;Interior;555;1;511;3;2;200.00%;CRESCIMENTO;COMPARAVEL
DESCALVADO;44;DESCALVADO;Interior;;0;495;3;3;;NOVOS VOTOS;COMPARAVEL
ESTIVA GERBI;216;ESTIVA GERBI;Interior;;0;496;3;3;;NOVOS VOTOS;COMPARAVEL
MONTE ALEGRE DO SUL;8;MONTE ALEGRE DO SUL;Interior;;0;501;3;3;;NOVOS VOTOS;COMPARAVEL
OUROESTE;302;OUROESTE;Interior;;0;503;3;3;;NOVOS VOTOS;COMPARAVEL
PARAISO;171;PARAISO;Interior;;0;504;3;3;;NOVOS VOTOS;COMPARAVEL
PEDRO DE TOLEDO;295;PEDRO DE TOLEDO;Interior;;0;505;3;3;;NOVOS VOTOS;COMPARAVEL
SANTO ANTONIO DO PINHAL;314;SANTO ANTONIO DO PINHAL;Interior;;0;513;3;3;;NOVOS VOTOS;COMPARAVEL
SAO FRANCISCO;232;SAO FRANCISCO;Interior;;0;514;3;3;;NOVOS VOTOS;COMPARAVEL
CUNHA;43;CUNHA;Interior;326;9;524;2;-7;-77.78%;REDUCAO;COMPARAVEL
PRESIDENTE PRUDENTE;402;PRESIDENTE PRUDENTE;Interior;387;5;544;2;-3;-60.00%;REDUCAO;COMPARAVEL
LINDOIA;134;LINDOIA;Interior;399;4;536;2;-2;-50.00%;REDUCAO;COMPARAVEL
SANTA FE DO SUL;187;SANTA FE DO SUL;Interior;407;4;550;2;-2;-50.00%;REDUCAO;COMPARAVEL
GUARAREMA;319;GUARAREMA;Grande SP;453;2;527;2;0;0.00%;MANTEVE;COMPARAVEL
RUBINEIA;187;RUBINEIA;Interior;475;2;547;2;0;0.00%;MANTEVE;COMPARAVEL
ANGATUBA;215;ANGATUBA;Interior;492;1;517;2;1;100.00%;CRESCIMENTO;COMPARAVEL
AREIOPOLIS;129;AREIOPOLIS;Interior;494;1;518;2;1;100.00%;CRESCIMENTO;COMPARAVEL
IPEUNA;245;IPEUNA;Interior;521;1;530;2;1;100.00%;CRESCIMENTO;COMPARAVEL
IRAPURU;196;IRAPURU;Interior;523;1;531;2;1;100.00%;CRESCIMENTO;COMPARAVEL
LUCELIA;69;LUCELIA;Interior;532;1;537;2;1;100.00%;CRESCIMENTO;COMPARAVEL
ROSEIRA;190;ROSEIRA;Interior;551;1;546;2;1;100.00%;CRESCIMENTO;COMPARAVEL
AURIFLAMA;225;AURIFLAMA;Interior;;0;519;2;2;;NOVOS VOTOS;COMPARAVEL
BANANAL;18;BANANAL;Interior;;0;520;2;2;;NOVOS VOTOS;COMPARAVEL
BASTOS;184;BASTOS;Interior;;0;521;2;2;;NOVOS VOTOS;COMPARAVEL
CESARIO LANGE;355;CESARIO LANGE;Interior;;0;522;2;2;;NOVOS VOTOS;COMPARAVEL
CHAVANTES;313;CHAVANTES;Interior;;0;523;2;2;;NOVOS VOTOS;COMPARAVEL
DOBRADA;170;DOBRADA;Interior;;0;525;2;2;;NOVOS VOTOS;COMPARAVEL
FLORA RICA;196;FLORA RICA;Interior;;0;526;2;2;;NOVOS VOTOS;COMPARAVEL
IACRI;184;IACRI;Interior;;0;528;2;2;;NOVOS VOTOS;COMPARAVEL
ICEM;78;ICEM;Interior;;0;529;2;2;;NOVOS VOTOS;COMPARAVEL
ITARARE;57;ITARARE;Interior;;0;532;2;2;;NOVOS VOTOS;COMPARAVEL
ITIRAPINA;245;ITIRAPINA;Interior;;0;533;2;2;;NOVOS VOTOS;COMPARAVEL
ITOBI;39;ITOBI;Interior;;0;534;2;2;;NOVOS VOTOS;COMPARAVEL
JUMIRIM;142;JUMIRIM;Interior;;0;535;2;2;;NOVOS VOTOS;COMPARAVEL
LUCIANOPOLIS;159;LUCIANOPOLIS;Interior;;0;538;2;2;;NOVOS VOTOS;COMPARAVEL
MURUTINGA DO SUL;9;MURUTINGA DO SUL;Interior;;0;539;2;2;;NOVOS VOTOS;COMPARAVEL
NOVA INDEPENDENCIA;9;NOVA INDEPENDENCIA;Interior;;0;540;2;2;;NOVOS VOTOS;COMPARAVEL
NOVO HORIZONTE;79;NOVO HORIZONTE;Interior;;0;541;2;2;;NOVOS VOTOS;COMPARAVEL
PARANAPANEMA;301;PARANAPANEMA;Interior;;0;542;2;2;;NOVOS VOTOS;COMPARAVEL
POLONI;77;POLONI;Interior;;0;543;2;2;;NOVOS VOTOS;COMPARAVEL
RIBEIRAO DOS INDIOS;117;RIBEIRAO DOS INDIOS;Interior;;0;545;2;2;;NOVOS VOTOS;COMPARAVEL
SALES;207;SALES;Interior;;0;548;2;2;;NOVOS VOTOS;COMPARAVEL
SANTA ERNESTINA;139;SANTA ERNESTINA;Interior;;0;549;2;2;;NOVOS VOTOS;COMPARAVEL
TAQUARAL;98;TAQUARAL;Interior;;0;551;2;2;;NOVOS VOTOS;COMPARAVEL
TAQUARITINGA;139;TAQUARITINGA;Interior;;0;552;2;2;;NOVOS VOTOS;COMPARAVEL
TORRINHA;28;TORRINHA;Interior;;0;553;2;2;;NOVOS VOTOS;COMPARAVEL
SABINO;297;SABINO;Interior;242;27;598;1;-26;-96.30%;REDUCAO;COMPARAVEL
PEDREIRA;333;PEDREIRA;Interior;307;12;591;1;-11;-91.67%;REDUCAO;COMPARAVEL
PATROCINIO PAULISTA;46;PATROCINIO PAULISTA;Interior;321;10;588;1;-9;-90.00%;REDUCAO;COMPARAVEL
RIBEIRA;10;RIBEIRA;Interior;339;8;595;1;-7;-87.50%;REDUCAO;COMPARAVEL
PAULICEIA;175;PAULICEIA;Interior;346;7;589;1;-6;-85.71%;REDUCAO;COMPARAVEL
AVANHANDAVA;289;AVANHANDAVA;Interior;359;6;557;1;-5;-83.33%;REDUCAO;COMPARAVEL
ALVARO DE CARVALHO;47;ALVARO DE CARVALHO;Interior;374;5;554;1;-4;-80.00%;REDUCAO;COMPARAVEL
ITAI;301;ITAI;Interior;398;4;575;1;-3;-75.00%;REDUCAO;COMPARAVEL
QUINTANA;99;QUINTANA;Interior;406;4;594;1;-3;-75.00%;REDUCAO;COMPARAVEL
GUAIRA;169;GUAIRA;Interior;422;3;567;1;-2;-66.67%;REDUCAO;COMPARAVEL
MOMBUCA;38;MOMBUCA;Interior;429;3;586;1;-2;-66.67%;REDUCAO;COMPARAVEL
ARANDU;301;ARANDU;Interior;442;2;555;1;-1;-50.00%;REDUCAO;COMPARAVEL
BILAC;210;BILAC;Interior;446;2;558;1;-1;-50.00%;REDUCAO;COMPARAVEL
CAIUA;102;CAIUA;Interior;448;2;561;1;-1;-50.00%;REDUCAO;COMPARAVEL
IPUA;123;IPUA;Interior;455;2;574;1;-1;-50.00%;REDUCAO;COMPARAVEL
PIRAPOZINHO;261;PIRAPOZINHO;Interior;467;2;592;1;-1;-50.00%;REDUCAO;COMPARAVEL
RUBIACEA;151;RUBIACEA;Interior;474;2;597;1;-1;-50.00%;REDUCAO;COMPARAVEL
SAO JOSE DA BELA VISTA;240;SAO JOSE DA BELA VISTA;Interior;483;2;601;1;-1;-50.00%;REDUCAO;COMPARAVEL
CAJOBI;171;CAJOBI;Interior;500;1;562;1;0;0.00%;MANTEVE;COMPARAVEL
ESPIRITO SANTO DO PINHAL;91;ESPIRITO SANTO DO PINHAL;Interior;511;1;565;1;0;0.00%;MANTEVE;COMPARAVEL
INDIAPORA;302;INDIAPORA;Interior;520;1;573;1;0;0.00%;MANTEVE;COMPARAVEL
JALES;152;JALES;Interior;528;1;576;1;0;0.00%;MANTEVE;COMPARAVEL
JOANOPOLIS;92;JOANOPOLIS;Interior;529;1;578;1;0;0.00%;MANTEVE;COMPARAVEL
LAVRINHAS;42;LAVRINHAS;Interior;530;1;581;1;0;0.00%;MANTEVE;COMPARAVEL
MIRANTE DO PARANAPANEMA;165;MIRANTE DO PARANAPANEMA;Interior;534;1;585;1;0;0.00%;MANTEVE;COMPARAVEL
PRESIDENTE ALVES;95;PRESIDENTE ALVES;Interior;546;1;593;1;0;0.00%;MANTEVE;COMPARAVEL
SETE BARRAS;172;SETE BARRAS;Interior;557;1;602;1;0;0.00%;MANTEVE;COMPARAVEL
AVAI;300;AVAI;Interior;;0;556;1;1;;NOVOS VOTOS;COMPARAVEL
BOREBI;161;BOREBI;Interior;;0;559;1;1;;NOVOS VOTOS;COMPARAVEL
BREJO ALEGRE;25;BREJO ALEGRE;Interior;;0;560;1;1;;NOVOS VOTOS;COMPARAVEL
COLINA;178;COLINA;Interior;;0;563;1;1;;NOVOS VOTOS;COMPARAVEL
DIVINOLANDIA;229;DIVINOLANDIA;Interior;;0;564;1;1;;NOVOS VOTOS;COMPARAVEL
FARTURA;234;FARTURA;Interior;;0;566;1;1;;NOVOS VOTOS;COMPARAVEL
GUAPIARA;37;GUAPIARA;Interior;;0;568;1;1;;NOVOS VOTOS;COMPARAVEL
GUARACAI;153;GUARACAI;Interior;;0;569;1;1;;NOVOS VOTOS;COMPARAVEL
GUATAPARA;293;GUATAPARA;Interior;;0;570;1;1;;NOVOS VOTOS;COMPARAVEL
IARAS;205;IARAS;Interior;;0;571;1;1;;NOVOS VOTOS;COMPARAVEL
IBIRAREMA;83;IBIRAREMA;Interior;;0;572;1;1;;NOVOS VOTOS;COMPARAVEL
JERIQUARA;155;JERIQUARA;Interior;;0;577;1;1;;NOVOS VOTOS;COMPARAVEL
JUNQUEIROPOLIS;196;JUNQUEIROPOLIS;Interior;;0;579;1;1;;NOVOS VOTOS;COMPARAVEL
LAGOINHA;128;LAGOINHA;Interior;;0;580;1;1;;NOVOS VOTOS;COMPARAVEL
MARAPOAMA;79;MARAPOAMA;Interior;;0;582;1;1;;NOVOS VOTOS;COMPARAVEL
MARINOPOLIS;232;MARINOPOLIS;Interior;;0;583;1;1;;NOVOS VOTOS;COMPARAVEL
MENDONCA;64;MENDONCA;Interior;;0;584;1;1;;NOVOS VOTOS;COMPARAVEL
PARISI;147;PARISI;Interior;;0;587;1;1;;NOVOS VOTOS;COMPARAVEL
PEDREGULHO;155;PEDREGULHO;Interior;;0;590;1;1;;NOVOS VOTOS;COMPARAVEL
RIBEIRAO CORRENTE;240;RIBEIRAO CORRENTE;Interior;;0;596;1;1;;NOVOS VOTOS;COMPARAVEL
SANTOPOLIS DO AGUAPEI;25;SANTOPOLIS DO AGUAPEI;Interior;;0;599;1;1;;NOVOS VOTOS;COMPARAVEL
SAO JOAO DAS DUAS PONTES;233;SAO JOAO DAS DUAS PONTES;Interior;;0;600;1;1;;NOVOS VOTOS;COMPARAVEL
SUD MENNUCCI;88;SUD MENNUCCI;Interior;;0;603;1;1;;NOVOS VOTOS;COMPARAVEL
TAGUAI;234;TAGUAI;Interior;;0;604;1;1;;NOVOS VOTOS;COMPARAVEL
TAIUVA;61;TAIUVA;Interior;;0;605;1;1;;NOVOS VOTOS;COMPARAVEL
TEJUPA;94;TEJUPA;Interior;;0;606;1;1;;NOVOS VOTOS;COMPARAVEL
TUPI PAULISTA;175;TUPI PAULISTA;Interior;;0;607;1;1;;NOVOS VOTOS;COMPARAVEL
VERA CRUZ;180;VERA CRUZ;Interior;;0;608;1;1;;NOVOS VOTOS;COMPARAVEL
SANTANA DE PARNAIBA;386;SANTANA DE PARNAIBA;Grande SP;28;442;;0;-442;-100.00%;PERDEU TODA A BASE;COMPARAVEL
SAO PAULO;398;Vila Jacuí;Leste;88;128;;0;-128;-100.00%;PERDEU TODA A BASE;COMPARAVEL
JARINU;16;JARINU;Interior;128;72;;0;-72;-100.00%;PERDEU TODA A BASE;COMPARAVEL
PIRAPORA DO BOM JESUS;386;PIRAPORA DO BOM JESUS;Grande SP;138;67;;0;-67;-100.00%;PERDEU TODA A BASE;COMPARAVEL
MIRACATU;218;MIRACATU;Interior;143;64;;0;-64;-100.00%;PERDEU TODA A BASE;COMPARAVEL
MIGUELOPOLIS;208;MIGUELOPOLIS;Interior;253;24;;0;-24;-100.00%;PERDEU TODA A BASE;COMPARAVEL
APARECIDA;190;APARECIDA;Interior;269;20;;0;-20;-100.00%;PERDEU TODA A BASE;COMPARAVEL
GUAIMBE;297;GUAIMBE;Interior;294;15;;0;-15;-100.00%;PERDEU TODA A BASE;COMPARAVEL
PILAR DO SUL;89;PILAR DO SUL;Interior;296;15;;0;-15;-100.00%;PERDEU TODA A BASE;COMPARAVEL
ARTUR NOGUEIRA;75;ARTUR NOGUEIRA;Interior;298;14;;0;-14;-100.00%;PERDEU TODA A BASE;COMPARAVEL
UBIRAJARA;159;UBIRAJARA;Interior;331;9;;0;-9;-100.00%;PERDEU TODA A BASE;COMPARAVEL
APIAI;10;APIAI;Interior;342;7;;0;-7;-100.00%;PERDEU TODA A BASE;COMPARAVEL
COROADOS;25;COROADOS;Interior;343;7;;0;-7;-100.00%;PERDEU TODA A BASE;COMPARAVEL
PIACATU;210;PIACATU;Interior;347;7;;0;-7;-100.00%;PERDEU TODA A BASE;COMPARAVEL
CANITAR;313;CANITAR;Interior;376;5;;0;-5;-100.00%;PERDEU TODA A BASE;COMPARAVEL
LUIZIANIA;289;LUIZIANIA;Interior;382;5;;0;-5;-100.00%;PERDEU TODA A BASE;COMPARAVEL
PEREIRAS;41;PEREIRAS;Interior;384;5;;0;-5;-100.00%;PERDEU TODA A BASE;COMPARAVEL
SANTO ANTONIO DO ARACANGUA;299;SANTO ANTONIO DO ARACANGUA;Interior;389;5;;0;-5;-100.00%;PERDEU TODA A BASE;COMPARAVEL
ARAMINA;50;ARAMINA;Interior;394;4;;0;-4;-100.00%;PERDEU TODA A BASE;COMPARAVEL
LUPERCIO;180;LUPERCIO;Interior;400;4;;0;-4;-100.00%;PERDEU TODA A BASE;COMPARAVEL
NOVA LUZITANIA;162;NOVA LUZITANIA;Interior;402;4;;0;-4;-100.00%;PERDEU TODA A BASE;COMPARAVEL
OSCAR BRESSANE;12;OSCAR BRESSANE;Interior;404;4;;0;-4;-100.00%;PERDEU TODA A BASE;COMPARAVEL
POTIM;190;POTIM;Interior;405;4;;0;-4;-100.00%;PERDEU TODA A BASE;COMPARAVEL
SANTO ANASTACIO;117;SANTO ANASTACIO;Interior;409;4;;0;-4;-100.00%;PERDEU TODA A BASE;COMPARAVEL
SAO JOAO DE IRACEMA;225;SAO JOAO DE IRACEMA;Interior;410;4;;0;-4;-100.00%;PERDEU TODA A BASE;COMPARAVEL
ALVARES MACHADO;182;ALVARES MACHADO;Interior;413;3;;0;-3;-100.00%;PERDEU TODA A BASE;COMPARAVEL
ANHUMAS;182;ANHUMAS;Interior;414;3;;0;-3;-100.00%;PERDEU TODA A BASE;COMPARAVEL
BURITIZAL;50;BURITIZAL;Interior;416;3;;0;-3;-100.00%;PERDEU TODA A BASE;COMPARAVEL
CACONDE;30;CACONDE;Interior;417;3;;0;-3;-100.00%;PERDEU TODA A BASE;COMPARAVEL
GUARANTA;31;GUARANTA;Interior;423;3;;0;-3;-100.00%;PERDEU TODA A BASE;COMPARAVEL
HOLAMBRA;75;HOLAMBRA;Interior;424;3;;0;-3;-100.00%;PERDEU TODA A BASE;COMPARAVEL
MONCOES;162;MONCOES;Interior;430;3;;0;-3;-100.00%;PERDEU TODA A BASE;COMPARAVEL
BORACEIA;86;BORACEIA;Interior;447;2;;0;-2;-100.00%;PERDEU TODA A BASE;COMPARAVEL
IGARATA;115;IGARATA;Interior;454;2;;0;-2;-100.00%;PERDEU TODA A BASE;COMPARAVEL
IRAPUA;207;IRAPUA;Interior;456;2;;0;-2;-100.00%;PERDEU TODA A BASE;COMPARAVEL
ITAPORANGA;56;ITAPORANGA;Interior;457;2;;0;-2;-100.00%;PERDEU TODA A BASE;COMPARAVEL
ITATINGA;26;ITATINGA;Interior;458;2;;0;-2;-100.00%;PERDEU TODA A BASE;COMPARAVEL
NOVA CANAA PAULISTA;187;NOVA CANAA PAULISTA;Interior;462;2;;0;-2;-100.00%;PERDEU TODA A BASE;COMPARAVEL
OSVALDO CRUZ;163;OSVALDO CRUZ;Interior;463;2;;0;-2;-100.00%;PERDEU TODA A BASE;COMPARAVEL
PANORAMA;175;PANORAMA;Interior;464;2;;0;-2;-100.00%;PERDEU TODA A BASE;COMPARAVEL
PAULISTANIA;7;PAULISTANIA;Interior;465;2;;0;-2;-100.00%;PERDEU TODA A BASE;COMPARAVEL
PRATANIA;129;PRATANIA;Interior;470;2;;0;-2;-100.00%;PERDEU TODA A BASE;COMPARAVEL
REGENTE FEIJO;167;REGENTE FEIJO;Interior;472;2;;0;-2;-100.00%;PERDEU TODA A BASE;COMPARAVEL
SANTA MERCEDES;175;SANTA MERCEDES;Interior;479;2;;0;-2;-100.00%;PERDEU TODA A BASE;COMPARAVEL
SANTO ANTONIO DO JARDIM;91;SANTO ANTONIO DO JARDIM;Interior;482;2;;0;-2;-100.00%;PERDEU TODA A BASE;COMPARAVEL
TURIUBA;214;TURIUBA;Interior;486;2;;0;-2;-100.00%;PERDEU TODA A BASE;COMPARAVEL
ALAMBARI;52;ALAMBARI;Interior;489;1;;0;-1;-100.00%;PERDEU TODA A BASE;COMPARAVEL
ALVARES FLORENCE;147;ALVARES FLORENCE;Interior;490;1;;0;-1;-100.00%;PERDEU TODA A BASE;COMPARAVEL
BURI;53;BURI;Interior;499;1;;0;-1;-100.00%;PERDEU TODA A BASE;COMPARAVEL
CAMPOS NOVOS PAULISTA;83;CAMPOS NOVOS PAULISTA;Interior;501;1;;0;-1;-100.00%;PERDEU TODA A BASE;COMPARAVEL
CARDOSO;224;CARDOSO;Interior;503;1;;0;-1;-100.00%;PERDEU TODA A BASE;COMPARAVEL
CHARQUEADA;244;CHARQUEADA;Interior;506;1;;0;-1;-100.00%;PERDEU TODA A BASE;COMPARAVEL
CLEMENTINA;25;CLEMENTINA;Interior;507;1;;0;-1;-100.00%;PERDEU TODA A BASE;COMPARAVEL
DOURADO;107;DOURADO;Interior;508;1;;0;-1;-100.00%;PERDEU TODA A BASE;COMPARAVEL
ELDORADO;148;ELDORADO;Interior;510;1;;0;-1;-100.00%;PERDEU TODA A BASE;COMPARAVEL
EUCLIDES DA CUNHA PAULISTA;330;EUCLIDES DA CUNHA PAULISTA;Interior;512;1;;0;-1;-100.00%;PERDEU TODA A BASE;COMPARAVEL
FLOREAL;162;FLOREAL;Interior;513;1;;0;-1;-100.00%;PERDEU TODA A BASE;COMPARAVEL
GAVIAO PEIXOTO;13;GAVIAO PEIXOTO;Interior;515;1;;0;-1;-100.00%;PERDEU TODA A BASE;COMPARAVEL
GENERAL SALGADO;225;GENERAL SALGADO;Interior;516;1;;0;-1;-100.00%;PERDEU TODA A BASE;COMPARAVEL
ITABERA;53;ITABERA;Interior;524;1;;0;-1;-100.00%;PERDEU TODA A BASE;COMPARAVEL
JABORANDI;178;JABORANDI;Interior;527;1;;0;-1;-100.00%;PERDEU TODA A BASE;COMPARAVEL
NEVES PAULISTA;72;NEVES PAULISTA;Interior;537;1;;0;-1;-100.00%;PERDEU TODA A BASE;COMPARAVEL
PARAPUA;163;PARAPUA;Interior;542;1;;0;-1;-100.00%;PERDEU TODA A BASE;COMPARAVEL
PEDRANOPOLIS;302;PEDRANOPOLIS;Interior;543;1;;0;-1;-100.00%;PERDEU TODA A BASE;COMPARAVEL
QUELUZ;42;QUELUZ;Interior;547;1;;0;-1;-100.00%;PERDEU TODA A BASE;COMPARAVEL
RIBEIRAO DO SUL;313;RIBEIRAO DO SUL;Interior;550;1;;0;-1;-100.00%;PERDEU TODA A BASE;COMPARAVEL
SALESOPOLIS;112;SALESOPOLIS;Grande SP;552;1;;0;-1;-100.00%;PERDEU TODA A BASE;COMPARAVEL
SANTA ALBERTINA;427;SANTA ALBERTINA;Interior;553;1;;0;-1;-100.00%;PERDEU TODA A BASE;COMPARAVEL
SANTA LUCIA;239;SANTA LUCIA;Interior;554;1;;0;-1;-100.00%;PERDEU TODA A BASE;COMPARAVEL
SANTO EXPEDITO;182;SANTO EXPEDITO;Interior;556;1;;0;-1;-100.00%;PERDEU TODA A BASE;COMPARAVEL
TAPIRAI;89;TAPIRAI;Interior;558;1;;0;-1;-100.00%;PERDEU TODA A BASE;COMPARAVEL
ZACARIAS;214;ZACARIAS;Interior;562;1;;0;-1;-100.00%;PERDEU TODA A BASE;COMPARAVEL
ADOLFO;64;ADOLFO;Interior;;0;;0;0;;SEM VOTOS;COMPARAVEL
ALFREDO MARCONDES;182;ALFREDO MARCONDES;Interior;;0;;0;0;;SEM VOTOS;COMPARAVEL
ALTAIR;80;ALTAIR;Interior;;0;;0;0;;SEM VOTOS;COMPARAVEL
ALTO ALEGRE;289;ALTO ALEGRE;Interior;;0;;0;0;;SEM VOTOS;COMPARAVEL
ANALANDIA;245;ANALANDIA;Interior;;0;;0;0;;SEM VOTOS;COMPARAVEL
ANHEMBI;41;ANHEMBI;Interior;;0;;0;0;;SEM VOTOS;COMPARAVEL
ARAPEI;18;ARAPEI;Interior;;0;;0;0;;SEM VOTOS;COMPARAVEL
ARCO IRIS;143;ARCO IRIS;Interior;;0;;0;0;;SEM VOTOS;COMPARAVEL
AREIAS;42;AREIAS;Interior;;0;;0;0;;SEM VOTOS;COMPARAVEL
ASPASIA;427;ASPASIA;Interior;;0;;0;0;;SEM VOTOS;COMPARAVEL
BARAO DE ANTONINA;56;BARAO DE ANTONINA;Interior;;0;;0;0;;SEM VOTOS;COMPARAVEL
BARRA DO CHAPEU;10;BARRA DO CHAPEU;Interior;;0;;0;0;;SEM VOTOS;COMPARAVEL
BARRA DO TURVO;228;BARRA DO TURVO;Interior;;0;;0;0;;SEM VOTOS;COMPARAVEL
BENTO DE ABREU;146;BENTO DE ABREU;Interior;;0;;0;0;;SEM VOTOS;COMPARAVEL
BERNARDINO DE CAMPOS;114;BERNARDINO DE CAMPOS;Interior;;0;;0;0;;SEM VOTOS;COMPARAVEL
BOM SUCESSO DE ITARARE;57;BOM SUCESSO DE ITARARE;Interior;;0;;0;0;;SEM VOTOS;COMPARAVEL
BORA;12;BORA;Interior;;0;;0;0;;SEM VOTOS;COMPARAVEL
BRAUNA;289;BRAUNA;Interior;;0;;0;0;;SEM VOTOS;COMPARAVEL
CABRALIA PAULISTA;159;CABRALIA PAULISTA;Interior;;0;;0;0;;SEM VOTOS;COMPARAVEL
CAIABU;71;CAIABU;Interior;;0;;0;0;;SEM VOTOS;COMPARAVEL
CAIABU;167;CAIABU;Interior;;0;;0;0;;SEM VOTOS;COMPARAVEL
CAMPINA DO MONTE ALEGRE;215;CAMPINA DO MONTE ALEGRE;Interior;;0;;0;0;;SEM VOTOS;COMPARAVEL
CANAS;68;CANAS;Interior;;0;;0;0;;SEM VOTOS;COMPARAVEL
CASSIA DOS COQUEIROS;32;CASSIA DOS COQUEIROS;Interior;;0;;0;0;;SEM VOTOS;COMPARAVEL
CORONEL MACEDO;236;CORONEL MACEDO;Interior;;0;;0;0;;SEM VOTOS;COMPARAVEL
COSMORAMA;138;COSMORAMA;Interior;;0;;0;0;;SEM VOTOS;COMPARAVEL
CRISTAIS PAULISTA;240;CRISTAIS PAULISTA;Interior;;0;;0;0;;SEM VOTOS;COMPARAVEL
CRUZALIA;290;CRUZALIA;Interior;;0;;0;0;;SEM VOTOS;COMPARAVEL
DIRCE REIS;152;DIRCE REIS;Interior;;0;;0;0;;SEM VOTOS;COMPARAVEL
DOLCINOPOLIS;233;DOLCINOPOLIS;Interior;;0;;0;0;;SEM VOTOS;COMPARAVEL
EMILIANOPOLIS;165;EMILIANOPOLIS;Interior;;0;;0;0;;SEM VOTOS;COMPARAVEL
ESTRELA DO NORTE;261;ESTRELA DO NORTE;Interior;;0;;0;0;;SEM VOTOS;COMPARAVEL
FLORIDA PAULISTA;157;FLORIDA PAULISTA;Interior;;0;;0;0;;SEM VOTOS;COMPARAVEL
FLORINEA;290;FLORINEA;Interior;;0;;0;0;;SEM VOTOS;COMPARAVEL
GABRIEL MONTEIRO;210;GABRIEL MONTEIRO;Interior;;0;;0;0;;SEM VOTOS;COMPARAVEL
GASTAO VIDIGAL;162;GASTAO VIDIGAL;Interior;;0;;0;0;;SEM VOTOS;COMPARAVEL
GLICERIO;289;GLICERIO;Interior;;0;;0;0;;SEM VOTOS;COMPARAVEL
GUARACI;80;GUARACI;Interior;;0;;0;0;;SEM VOTOS;COMPARAVEL
GUARANI D'OESTE;302;GUARANI D'OESTE;Interior;;0;;0;0;;SEM VOTOS;COMPARAVEL
IEPE;106;IEPE;Interior;;0;;0;0;;SEM VOTOS;COMPARAVEL
INDIANA;71;INDIANA;Interior;;0;;0;0;;SEM VOTOS;COMPARAVEL
INUBIA PAULISTA;69;INUBIA PAULISTA;Interior;;0;;0;0;;SEM VOTOS;COMPARAVEL
IPORANGA;148;IPORANGA;Interior;;0;;0;0;;SEM VOTOS;COMPARAVEL
ITAJU;19;ITAJU;Interior;;0;;0;0;;SEM VOTOS;COMPARAVEL
ITAOCA;10;ITAOCA;Interior;;0;;0;0;;SEM VOTOS;COMPARAVEL
ITAPIRAPUA PAULISTA;10;ITAPIRAPUA PAULISTA;Interior;;0;;0;0;;SEM VOTOS;COMPARAVEL
ITIRAPUA;46;ITIRAPUA;Interior;;0;;0;0;;SEM VOTOS;COMPARAVEL
JOAO RAMALHO;106;JOAO RAMALHO;Interior;;0;;0;0;;SEM VOTOS;COMPARAVEL
JULIO MESQUITA;31;JULIO MESQUITA;Interior;;0;;0;0;;SEM VOTOS;COMPARAVEL
LAVINIA;146;LAVINIA;Interior;;0;;0;0;;SEM VOTOS;COMPARAVEL
MACEDONIA;302;MACEDONIA;Interior;;0;;0;0;;SEM VOTOS;COMPARAVEL
MAGDA;162;MAGDA;Interior;;0;;0;0;;SEM VOTOS;COMPARAVEL
MANDURI;94;MANDURI;Interior;;0;;0;0;;SEM VOTOS;COMPARAVEL
MARABA PAULISTA;102;MARABA PAULISTA;Interior;;0;;0;0;;SEM VOTOS;COMPARAVEL
MARIAPOLIS;157;MARIAPOLIS;Interior;;0;;0;0;;SEM VOTOS;COMPARAVEL
MERIDIANO;302;MERIDIANO;Interior;;0;;0;0;;SEM VOTOS;COMPARAVEL
MESOPOLIS;427;MESOPOLIS;Interior;;0;;0;0;;SEM VOTOS;COMPARAVEL
MIRA ESTRELA;224;MIRA ESTRELA;Interior;;0;;0;0;;SEM VOTOS;COMPARAVEL
MONTE CASTELO;175;MONTE CASTELO;Interior;;0;;0;0;;SEM VOTOS;COMPARAVEL
MONTEIRO LOBATO;282;MONTEIRO LOBATO;Interior;;0;;0;0;;SEM VOTOS;COMPARAVEL
MOTUCA;239;MOTUCA;Interior;;0;;0;0;;SEM VOTOS;COMPARAVEL
NANTES;106;NANTES;Interior;;0;;0;0;;SEM VOTOS;COMPARAVEL
NANTES;167;NANTES;Interior;;0;;0;0;;SEM VOTOS;COMPARAVEL
NARANDIBA;261;NARANDIBA;Interior;;0;;0;0;;SEM VOTOS;COMPARAVEL
NHANDEARA;162;NHANDEARA;Interior;;0;;0;0;;SEM VOTOS;COMPARAVEL
NOVA CASTILHO;225;NOVA CASTILHO;Interior;;0;;0;0;;SEM VOTOS;COMPARAVEL
NOVA GUATAPORANGA;175;NOVA GUATAPORANGA;Interior;;0;;0;0;;SEM VOTOS;COMPARAVEL
OCAUCU;180;OCAUCU;Interior;;0;;0;0;;SEM VOTOS;COMPARAVEL
OLEO;94;OLEO;Interior;;0;;0;0;;SEM VOTOS;COMPARAVEL
OURO VERDE;149;OURO VERDE;Interior;;0;;0;0;;SEM VOTOS;COMPARAVEL
PACAEMBU;196;PACAEMBU;Interior;;0;;0;0;;SEM VOTOS;COMPARAVEL
PARANAPUA;427;PARANAPUA;Interior;;0;;0;0;;SEM VOTOS;COMPARAVEL
PAULO DE FARIA;164;PAULO DE FARIA;Interior;;0;;0;0;;SEM VOTOS;COMPARAVEL
PEDRINHAS PAULISTA;290;PEDRINHAS PAULISTA;Interior;;0;;0;0;;SEM VOTOS;COMPARAVEL
PIQUEROBI;117;PIQUEROBI;Interior;;0;;0;0;;SEM VOTOS;COMPARAVEL
PIRAJU;94;PIRAJU;Interior;;0;;0;0;;SEM VOTOS;COMPARAVEL
PLATINA;83;PLATINA;Interior;;0;;0;0;;SEM VOTOS;COMPARAVEL
PONTALINDA;152;PONTALINDA;Interior;;0;;0;0;;SEM VOTOS;COMPARAVEL
POPULINA;233;POPULINA;Interior;;0;;0;0;;SEM VOTOS;COMPARAVEL
PRACINHA;69;PRACINHA;Interior;;0;;0;0;;SEM VOTOS;COMPARAVEL
QUADRA;355;QUADRA;Interior;;0;;0;0;;SEM VOTOS;COMPARAVEL
QUATA;106;QUATA;Interior;;0;;0;0;;SEM VOTOS;COMPARAVEL
RESTINGA;240;RESTINGA;Interior;;0;;0;0;;SEM VOTOS;COMPARAVEL
RIBEIRAO GRANDE;37;RIBEIRAO GRANDE;Interior;;0;;0;0;;SEM VOTOS;COMPARAVEL
RINCAO;239;RINCAO;Interior;;0;;0;0;;SEM VOTOS;COMPARAVEL
RINOPOLIS;210;RINOPOLIS;Interior;;0;;0;0;;SEM VOTOS;COMPARAVEL
RIOLANDIA;164;RIOLANDIA;Interior;;0;;0;0;;SEM VOTOS;COMPARAVEL
RIVERSUL;56;RIVERSUL;Interior;;0;;0;0;;SEM VOTOS;COMPARAVEL
SAGRES;163;SAGRES;Interior;;0;;0;0;;SEM VOTOS;COMPARAVEL
SALMOURAO;69;SALMOURAO;Interior;;0;;0;0;;SEM VOTOS;COMPARAVEL
SANDOVALINA;261;SANDOVALINA;Interior;;0;;0;0;;SEM VOTOS;COMPARAVEL
SANTA CLARA D'OESTE;187;SANTA CLARA D'OESTE;Interior;;0;;0;0;;SEM VOTOS;COMPARAVEL
SANTA SALETE;427;SANTA SALETE;Interior;;0;;0;0;;SEM VOTOS;COMPARAVEL
SANTANA DA PONTE PENSA;187;SANTANA DA PONTE PENSA;Interior;;0;;0;0;;SEM VOTOS;COMPARAVEL
SAO JOAO DO PAU D'ALHO;175;SAO JOAO DO PAU D'ALHO;Interior;;0;;0;0;;SEM VOTOS;COMPARAVEL
SARUTAIA;234;SARUTAIA;Interior;;0;;0;0;;SEM VOTOS;COMPARAVEL
SEBASTIANOPOLIS DO SUL;77;SEBASTIANOPOLIS DO SUL;Interior;;0;;0;0;;SEM VOTOS;COMPARAVEL
TACIBA;167;TACIBA;Interior;;0;;0;0;;SEM VOTOS;COMPARAVEL
TAMBAU;116;TAMBAU;Interior;;0;;0;0;;SEM VOTOS;COMPARAVEL
TAQUARITUBA;236;TAQUARITUBA;Interior;;0;;0;0;;SEM VOTOS;COMPARAVEL
TARABAI;261;TARABAI;Interior;;0;;0;0;;SEM VOTOS;COMPARAVEL
TERRA ROXA;178;TERRA ROXA;Interior;;0;;0;0;;SEM VOTOS;COMPARAVEL
TIMBURI;94;TIMBURI;Interior;;0;;0;0;;SEM VOTOS;COMPARAVEL
TORRE DE PEDRA;140;TORRE DE PEDRA;Interior;;0;;0;0;;SEM VOTOS;COMPARAVEL
TRABIJU;107;TRABIJU;Interior;;0;;0;0;;SEM VOTOS;COMPARAVEL
TURMALINA;233;TURMALINA;Interior;;0;;0;0;;SEM VOTOS;COMPARAVEL
UNIAO PAULISTA;77;UNIAO PAULISTA;Interior;;0;;0;0;;SEM VOTOS;COMPARAVEL
URANIA;427;URANIA;Interior;;0;;0;0;;SEM VOTOS;COMPARAVEL
URUPES;207;URUPES;Interior;;0;;0;0;;SEM VOTOS;COMPARAVEL
VITORIA BRASIL;233;VITORIA BRASIL;Interior;;0;;0;0;;SEM VOTOS;COMPARAVEL
