MUNICIPIO;RANK_2024;VOTOS_2024;RANK_2026;VOTOS_2026;DIFERENCA;VARIACAO_PERCENTUAL;STATUS
SAO PAULO;1;38326;1;39364;1038;2.71%;CRESCIMENTO
FERNANDOPOLIS;;0;2;763;763;;NOVOS VOTOS
OSASCO;;0;3;240;240;;NOVOS VOTOS
FRANCISCO MORATO;;0;4;214;214;;NOVOS VOTOS
CAIEIRAS;;0;5;159;159;;NOVOS VOTOS
IRACEMAPOLIS;;0;6;156;156;;NOVOS VOTOS
GUARULHOS;;0;7;149;149;;NOVOS VOTOS
ITATIBA;;0;8;127;127;;NOVOS VOTOS
INDIAPORA;;0;9;124;124;;NOVOS VOTOS
OUROESTE;;0;10;103;103;;NOVOS VOTOS
JUNDIAI;;0;11;95;95;;NOVOS VOTOS
MAIRIPORA;;0;12;84;84;;NOVOS VOTOS
BARUERI;;0;13;80;80;;NOVOS VOTOS
FRANCO DA ROCHA;;0;14;79;79;;NOVOS VOTOS
SUMARE;;0;15;76;76;;NOVOS VOTOS
SANTO ANDRE;;0;16;70;70;;NOVOS VOTOS
SANTANA DE PARNAIBA;;0;17;68;68;;NOVOS VOTOS
EMBU DAS ARTES;;0;18;59;59;;NOVOS VOTOS
CARAPICUIBA;;0;19;58;58;;NOVOS VOTOS
VINHEDO;;0;20;57;57;;NOVOS VOTOS
BARRETOS;;0;21;56;56;;NOVOS VOTOS
CAMPINAS;;0;22;56;56;;NOVOS VOTOS
VARZEA PAULISTA;;0;23;51;51;;NOVOS VOTOS
COTIA;;0;24;50;50;;NOVOS VOTOS
SAO BERNARDO DO CAMPO;;0;25;50;50;;NOVOS VOTOS
NAZARE PAULISTA;;0;26;49;49;;NOVOS VOTOS
ITUPEVA;;0;27;45;45;;NOVOS VOTOS
PIRACAIA;;0;28;44;44;;NOVOS VOTOS
TABOAO DA SERRA;;0;29;44;44;;NOVOS VOTOS
POPULINA;;0;30;42;42;;NOVOS VOTOS
PRAIA GRANDE;;0;31;40;40;;NOVOS VOTOS
JUQUITIBA;;0;32;38;38;;NOVOS VOTOS
POA;;0;33;38;38;;NOVOS VOTOS
BRAGANCA PAULISTA;;0;34;36;36;;NOVOS VOTOS
MONTE MOR;;0;35;35;35;;NOVOS VOTOS
DIADEMA;;0;36;33;33;;NOVOS VOTOS
MOGI DAS CRUZES;;0;37;33;33;;NOVOS VOTOS
CAJAMAR;;0;38;30;30;;NOVOS VOTOS
ITAPECERICA DA SERRA;;0;39;29;29;;NOVOS VOTOS
SOROCABA;;0;40;28;28;;NOVOS VOTOS
FERRAZ DE VASCONCELOS;;0;41;27;27;;NOVOS VOTOS
PIRASSUNUNGA;;0;42;26;26;;NOVOS VOTOS
TANABI;;0;43;26;26;;NOVOS VOTOS
APARECIDA D'OESTE;;0;44;25;25;;NOVOS VOTOS
HORTOLANDIA;;0;45;25;25;;NOVOS VOTOS
CARDOSO;;0;46;24;24;;NOVOS VOTOS
SAO CAETANO DO SUL;;0;47;23;23;;NOVOS VOTOS
ARARAS;;0;48;22;22;;NOVOS VOTOS
ATIBAIA;;0;49;22;22;;NOVOS VOTOS
ELDORADO;;0;50;22;22;;NOVOS VOTOS
ITAQUAQUECETUBA;;0;51;22;22;;NOVOS VOTOS
RIO GRANDE DA SERRA;;0;52;22;22;;NOVOS VOTOS
SUZANO;;0;53;22;22;;NOVOS VOTOS
VARGEM GRANDE PAULISTA;;0;54;22;22;;NOVOS VOTOS
AMERICANA;;0;55;21;21;;NOVOS VOTOS
SAO JOSE DO RIO PRETO;;0;56;21;21;;NOVOS VOTOS
PINHALZINHO;;0;57;20;20;;NOVOS VOTOS
CARAGUATATUBA;;0;58;19;19;;NOVOS VOTOS
CATANDUVA;;0;59;19;19;;NOVOS VOTOS
DOLCINOPOLIS;;0;60;19;19;;NOVOS VOTOS
LIMEIRA;;0;61;19;19;;NOVOS VOTOS
PERUIBE;;0;62;19;19;;NOVOS VOTOS
VOTUPORANGA;;0;63;19;19;;NOVOS VOTOS
ITANHAEM;;0;64;18;18;;NOVOS VOTOS
MONGAGUA;;0;65;18;18;;NOVOS VOTOS
MAUA;;0;66;17;17;;NOVOS VOTOS
MERIDIANO;;0;67;17;17;;NOVOS VOTOS
RIO CLARO;;0;68;17;17;;NOVOS VOTOS
SANTOS;;0;69;17;17;;NOVOS VOTOS
BAURU;;0;70;16;16;;NOVOS VOTOS
ITAPEVI;;0;71;15;15;;NOVOS VOTOS
VALINHOS;;0;72;15;15;;NOVOS VOTOS
AGUAS DE LINDOIA;;0;73;14;14;;NOVOS VOTOS
CAFELANDIA;;0;74;14;14;;NOVOS VOTOS
CAJATI;;0;75;14;14;;NOVOS VOTOS
ITU;;0;76;14;14;;NOVOS VOTOS
RIBEIRAO PRETO;;0;77;14;14;;NOVOS VOTOS
SANTA BARBARA D'OESTE;;0;78;14;14;;NOVOS VOTOS
SOCORRO;;0;79;14;14;;NOVOS VOTOS
ARUJA;;0;80;13;13;;NOVOS VOTOS
AVARE;;0;81;13;13;;NOVOS VOTOS
ESTRELA D'OESTE;;0;82;13;13;;NOVOS VOTOS
MARTINOPOLIS;;0;83;13;13;;NOVOS VOTOS
JALES;;0;84;12;12;;NOVOS VOTOS
LOUVEIRA;;0;85;12;12;;NOVOS VOTOS
SANTA ISABEL;;0;86;12;12;;NOVOS VOTOS
SAO JOSE DOS CAMPOS;;0;87;12;12;;NOVOS VOTOS
SAO VICENTE;;0;88;12;12;;NOVOS VOTOS
ARACARIGUAMA;;0;89;11;11;;NOVOS VOTOS
GUARUJA;;0;90;11;11;;NOVOS VOTOS
MIRA ESTRELA;;0;91;11;11;;NOVOS VOTOS
VITORIA BRASIL;;0;92;11;11;;NOVOS VOTOS
CAMPINA DO MONTE ALEGRE;;0;93;10;10;;NOVOS VOTOS
CAMPO LIMPO PAULISTA;;0;94;10;10;;NOVOS VOTOS
EMBU GUACU;;0;95;10;10;;NOVOS VOTOS
PIRAPOZINHO;;0;96;10;10;;NOVOS VOTOS
IBIUNA;;0;97;9;9;;NOVOS VOTOS
INDAIATUBA;;0;98;9;9;;NOVOS VOTOS
MACEDONIA;;0;99;9;9;;NOVOS VOTOS
PIRACICABA;;0;100;9;9;;NOVOS VOTOS
RIBEIRAO PIRES;;0;101;9;9;;NOVOS VOTOS
TAUBATE;;0;102;9;9;;NOVOS VOTOS
BERTIOGA;;0;103;8;8;;NOVOS VOTOS
BORBOREMA;;0;104;8;8;;NOVOS VOTOS
JANDIRA;;0;105;8;8;;NOVOS VOTOS
SAO ROQUE;;0;106;8;8;;NOVOS VOTOS
SERTAOZINHO;;0;107;8;8;;NOVOS VOTOS
UBATUBA;;0;108;8;8;;NOVOS VOTOS
CABREUVA;;0;109;7;7;;NOVOS VOTOS
JARINU;;0;110;7;7;;NOVOS VOTOS
MARILIA;;0;111;7;7;;NOVOS VOTOS
SANTA FE DO SUL;;0;112;7;7;;NOVOS VOTOS
SAO SEBASTIAO;;0;113;7;7;;NOVOS VOTOS
SERRA NEGRA;;0;114;7;7;;NOVOS VOTOS
TUIUTI;;0;115;7;7;;NOVOS VOTOS
JAGUARIUNA;;0;116;6;6;;NOVOS VOTOS
SANTA CLARA D'OESTE;;0;117;6;6;;NOVOS VOTOS
SANTO ANASTACIO;;0;118;6;6;;NOVOS VOTOS
SAO JOAO DE IRACEMA;;0;119;6;6;;NOVOS VOTOS
SAO LOURENCO DA SERRA;;0;120;6;6;;NOVOS VOTOS
TAQUARITINGA;;0;121;6;6;;NOVOS VOTOS
AMPARO;;0;122;5;5;;NOVOS VOTOS
BIRITIBA MIRIM;;0;123;5;5;;NOVOS VOTOS
CAPELA DO ALTO;;0;124;5;5;;NOVOS VOTOS
CERQUILHO;;0;125;5;5;;NOVOS VOTOS
NOVA ODESSA;;0;126;5;5;;NOVOS VOTOS
PARDINHO;;0;127;5;5;;NOVOS VOTOS
PEDRANOPOLIS;;0;128;5;5;;NOVOS VOTOS
SAO SEBASTIAO DA GRAMA;;0;129;5;5;;NOVOS VOTOS
TUPI PAULISTA;;0;130;5;5;;NOVOS VOTOS
TURMALINA;;0;131;5;5;;NOVOS VOTOS
AGUAS DE SAO PEDRO;;0;132;4;4;;NOVOS VOTOS
ASSIS;;0;133;4;4;;NOVOS VOTOS
CESARIO LANGE;;0;134;4;4;;NOVOS VOTOS
CUBATAO;;0;135;4;4;;NOVOS VOTOS
GENERAL SALGADO;;0;136;4;4;;NOVOS VOTOS
ILHABELA;;0;137;4;4;;NOVOS VOTOS
JABOTICABAL;;0;138;4;4;;NOVOS VOTOS
JACAREI;;0;139;4;4;;NOVOS VOTOS
MAIRINQUE;;0;140;4;4;;NOVOS VOTOS
MOGI GUACU;;0;141;4;4;;NOVOS VOTOS
PINDAMONHANGABA;;0;142;4;4;;NOVOS VOTOS
PRESIDENTE PRUDENTE;;0;143;4;4;;NOVOS VOTOS
REGISTRO;;0;144;4;4;;NOVOS VOTOS
SAO CARLOS;;0;145;4;4;;NOVOS VOTOS
BOM JESUS DOS PERDOES;;0;146;3;3;;NOVOS VOTOS
ITAPEVA;;0;147;3;3;;NOVOS VOTOS
JAU;;0;148;3;3;;NOVOS VOTOS
MESOPOLIS;;0;149;3;3;;NOVOS VOTOS
MORUNGABA;;0;150;3;3;;NOVOS VOTOS
QUADRA;;0;151;3;3;;NOVOS VOTOS
SALES;;0;152;3;3;;NOVOS VOTOS
SAO JOAO DAS DUAS PONTES;;0;153;3;3;;NOVOS VOTOS
TATUI;;0;154;3;3;;NOVOS VOTOS
UCHOA;;0;155;3;3;;NOVOS VOTOS
URUPES;;0;156;3;3;;NOVOS VOTOS
AGUAS DA PRATA;;0;157;2;2;;NOVOS VOTOS
ARACATUBA;;0;158;2;2;;NOVOS VOTOS
ARACOIABA DA SERRA;;0;159;2;2;;NOVOS VOTOS
ARARAQUARA;;0;160;2;2;;NOVOS VOTOS
BOITUVA;;0;161;2;2;;NOVOS VOTOS
BOTUCATU;;0;162;2;2;;NOVOS VOTOS
BURITAMA;;0;163;2;2;;NOVOS VOTOS
CACHOEIRA PAULISTA;;0;164;2;2;;NOVOS VOTOS
CATIGUA;;0;165;2;2;;NOVOS VOTOS
COLINA;;0;166;2;2;;NOVOS VOTOS
COSMOPOLIS;;0;167;2;2;;NOVOS VOTOS
DRACENA;;0;168;2;2;;NOVOS VOTOS
ELIAS FAUSTO;;0;169;2;2;;NOVOS VOTOS
GABRIEL MONTEIRO;;0;170;2;2;;NOVOS VOTOS
GUARANI D'OESTE;;0;171;2;2;;NOVOS VOTOS
GUARARAPES;;0;172;2;2;;NOVOS VOTOS
GUARAREMA;;0;173;2;2;;NOVOS VOTOS
GUARATINGUETA;;0;174;2;2;;NOVOS VOTOS
IGARATA;;0;175;2;2;;NOVOS VOTOS
ILHA COMPRIDA;;0;176;2;2;;NOVOS VOTOS
ITAPUI;;0;177;2;2;;NOVOS VOTOS
JACUPIRANGA;;0;178;2;2;;NOVOS VOTOS
LENCOIS PAULISTA;;0;179;2;2;;NOVOS VOTOS
LINS;;0;180;2;2;;NOVOS VOTOS
MACATUBA;;0;181;2;2;;NOVOS VOTOS
MIRACATU;;0;182;2;2;;NOVOS VOTOS
MONTE ALTO;;0;183;2;2;;NOVOS VOTOS
MONTE APRAZIVEL;;0;184;2;2;;NOVOS VOTOS
MONTE AZUL PAULISTA;;0;185;2;2;;NOVOS VOTOS
MONTE CASTELO;;0;186;2;2;;NOVOS VOTOS
MONTEIRO LOBATO;;0;187;2;2;;NOVOS VOTOS
NEVES PAULISTA;;0;188;2;2;;NOVOS VOTOS
PALMARES PAULISTA;;0;189;2;2;;NOVOS VOTOS
PAULICEIA;;0;190;2;2;;NOVOS VOTOS
PAULINIA;;0;191;2;2;;NOVOS VOTOS
PAULO DE FARIA;;0;192;2;2;;NOVOS VOTOS
PEDRO DE TOLEDO;;0;193;2;2;;NOVOS VOTOS
PIRAPORA DO BOM JESUS;;0;194;2;2;;NOVOS VOTOS
PIRATININGA;;0;195;2;2;;NOVOS VOTOS
PORANGABA;;0;196;2;2;;NOVOS VOTOS
REGENTE FEIJO;;0;197;2;2;;NOVOS VOTOS
RIOLANDIA;;0;198;2;2;;NOVOS VOTOS
SALESOPOLIS;;0;199;2;2;;NOVOS VOTOS
SAO JOAO DO PAU D'ALHO;;0;200;2;2;;NOVOS VOTOS
SAO PEDRO;;0;201;2;2;;NOVOS VOTOS
SAO SIMAO;;0;202;2;2;;NOVOS VOTOS
SARUTAIA;;0;203;2;2;;NOVOS VOTOS
SEVERINIA;;0;204;2;2;;NOVOS VOTOS
UBARANA;;0;205;2;2;;NOVOS VOTOS
VALENTIM GENTIL;;0;206;2;2;;NOVOS VOTOS
ALVARES FLORENCE;;0;207;1;1;;NOVOS VOTOS
AMERICO DE CAMPOS;;0;208;1;1;;NOVOS VOTOS
ARTUR NOGUEIRA;;0;209;1;1;;NOVOS VOTOS
BARRA BONITA;;0;210;1;1;;NOVOS VOTOS
BILAC;;0;211;1;1;;NOVOS VOTOS
BIRIGUI;;0;212;1;1;;NOVOS VOTOS
BOFETE;;0;213;1;1;;NOVOS VOTOS
CANDIDO MOTA;;0;214;1;1;;NOVOS VOTOS
CAPAO BONITO;;0;215;1;1;;NOVOS VOTOS
CAPIVARI;;0;216;1;1;;NOVOS VOTOS
CERQUEIRA CESAR;;0;217;1;1;;NOVOS VOTOS
CORDEIROPOLIS;;0;218;1;1;;NOVOS VOTOS
COSMORAMA;;0;219;1;1;;NOVOS VOTOS
DOBRADA;;0;220;1;1;;NOVOS VOTOS
EMILIANOPOLIS;;0;221;1;1;;NOVOS VOTOS
FERNANDO PRESTES;;0;222;1;1;;NOVOS VOTOS
FRANCA;;0;223;1;1;;NOVOS VOTOS
GUARA;;0;224;1;1;;NOVOS VOTOS
GUARACI;;0;225;1;1;;NOVOS VOTOS
GUARANTA;;0;226;1;1;;NOVOS VOTOS
HOLAMBRA;;0;227;1;1;;NOVOS VOTOS
IBATE;;0;228;1;1;;NOVOS VOTOS
IGARAPAVA;;0;229;1;1;;NOVOS VOTOS
INDIANA;;0;230;1;1;;NOVOS VOTOS
IPAUSSU;;0;231;1;1;;NOVOS VOTOS
IPORANGA;;0;232;1;1;;NOVOS VOTOS
ITAI;;0;233;1;1;;NOVOS VOTOS
ITAPETININGA;;0;234;1;1;;NOVOS VOTOS
ITIRAPINA;;0;235;1;1;;NOVOS VOTOS
JAMBEIRO;;0;236;1;1;;NOVOS VOTOS
LEME;;0;237;1;1;;NOVOS VOTOS
LUCELIA;;0;238;1;1;;NOVOS VOTOS
MAGDA;;0;239;1;1;;NOVOS VOTOS
MANDURI;;0;240;1;1;;NOVOS VOTOS
MARAPOAMA;;0;241;1;1;;NOVOS VOTOS
MARINOPOLIS;;0;242;1;1;;NOVOS VOTOS
MIGUELOPOLIS;;0;243;1;1;;NOVOS VOTOS
MOGI MIRIM;;0;244;1;1;;NOVOS VOTOS
MORRO AGUDO;;0;245;1;1;;NOVOS VOTOS
NOVA CANAA PAULISTA;;0;246;1;1;;NOVOS VOTOS
OLIMPIA;;0;247;1;1;;NOVOS VOTOS
OURINHOS;;0;248;1;1;;NOVOS VOTOS
PALMITAL;;0;249;1;1;;NOVOS VOTOS
PARAIBUNA;;0;250;1;1;;NOVOS VOTOS
PARANAPUA;;0;251;1;1;;NOVOS VOTOS
PARIQUERA ACU;;0;252;1;1;;NOVOS VOTOS
PEDERNEIRAS;;0;253;1;1;;NOVOS VOTOS
PEDRA BELA;;0;254;1;1;;NOVOS VOTOS
PENAPOLIS;;0;255;1;1;;NOVOS VOTOS
PEREIRA BARRETO;;0;256;1;1;;NOVOS VOTOS
PIEDADE;;0;257;1;1;;NOVOS VOTOS
PIQUETE;;0;258;1;1;;NOVOS VOTOS
PITANGUEIRAS;;0;259;1;1;;NOVOS VOTOS
PONTALINDA;;0;260;1;1;;NOVOS VOTOS
PORTO FELIZ;;0;261;1;1;;NOVOS VOTOS
PORTO FERREIRA;;0;262;1;1;;NOVOS VOTOS
PRESIDENTE VENCESLAU;;0;263;1;1;;NOVOS VOTOS
RIBEIRA;;0;264;1;1;;NOVOS VOTOS
RIO DAS PEDRAS;;0;265;1;1;;NOVOS VOTOS
ROSANA;;0;266;1;1;;NOVOS VOTOS
SALTO DE PIRAPORA;;0;267;1;1;;NOVOS VOTOS
SANTA ALBERTINA;;0;268;1;1;;NOVOS VOTOS
SANTA CRUZ DAS PALMEIRAS;;0;269;1;1;;NOVOS VOTOS
SANTA MARIA DA SERRA;;0;270;1;1;;NOVOS VOTOS
SANTA ROSA DE VITERBO;;0;271;1;1;;NOVOS VOTOS
SANTO ANTONIO DE POSSE;;0;272;1;1;;NOVOS VOTOS
SAO FRANCISCO;;0;273;1;1;;NOVOS VOTOS
SAO JOAQUIM DA BARRA;;0;274;1;1;;NOVOS VOTOS
SAO JOSE DO RIO PARDO;;0;275;1;1;;NOVOS VOTOS
SAO MIGUEL ARCANJO;;0;276;1;1;;NOVOS VOTOS
SARAPUI;;0;277;1;1;;NOVOS VOTOS
SERRANA;;0;278;1;1;;NOVOS VOTOS
SETE BARRAS;;0;279;1;1;;NOVOS VOTOS
TAPIRAI;;0;280;1;1;;NOVOS VOTOS
TAPIRATIBA;;0;281;1;1;;NOVOS VOTOS
TUPA;;0;282;1;1;;NOVOS VOTOS
VARGEM;;0;283;1;1;;NOVOS VOTOS
VOTORANTIM;;0;284;1;1;;NOVOS VOTOS
ADAMANTINA;;0;;0;0;;SEM VOTOS
ADOLFO;;0;;0;0;;SEM VOTOS
AGUAI;;0;;0;0;;SEM VOTOS
AGUAS DE SANTA BARBARA;;0;;0;0;;SEM VOTOS
AGUDOS;;0;;0;0;;SEM VOTOS
ALAMBARI;;0;;0;0;;SEM VOTOS
ALFREDO MARCONDES;;0;;0;0;;SEM VOTOS
ALTAIR;;0;;0;0;;SEM VOTOS
ALTINOPOLIS;;0;;0;0;;SEM VOTOS
ALTO ALEGRE;;0;;0;0;;SEM VOTOS
ALUMINIO;;0;;0;0;;SEM VOTOS
ALVARES MACHADO;;0;;0;0;;SEM VOTOS
ALVARO DE CARVALHO;;0;;0;0;;SEM VOTOS
ALVINLANDIA;;0;;0;0;;SEM VOTOS
AMERICO BRASILIENSE;;0;;0;0;;SEM VOTOS
ANALANDIA;;0;;0;0;;SEM VOTOS
ANDRADINA;;0;;0;0;;SEM VOTOS
ANGATUBA;;0;;0;0;;SEM VOTOS
ANHEMBI;;0;;0;0;;SEM VOTOS
ANHUMAS;;0;;0;0;;SEM VOTOS
APARECIDA;;0;;0;0;;SEM VOTOS
APIAI;;0;;0;0;;SEM VOTOS
ARAMINA;;0;;0;0;;SEM VOTOS
ARANDU;;0;;0;0;;SEM VOTOS
ARAPEI;;0;;0;0;;SEM VOTOS
ARCO IRIS;;0;;0;0;;SEM VOTOS
AREALVA;;0;;0;0;;SEM VOTOS
AREIAS;;0;;0;0;;SEM VOTOS
AREIOPOLIS;;0;;0;0;;SEM VOTOS
ARIRANHA;;0;;0;0;;SEM VOTOS
ASPASIA;;0;;0;0;;SEM VOTOS
AURIFLAMA;;0;;0;0;;SEM VOTOS
AVAI;;0;;0;0;;SEM VOTOS
AVANHANDAVA;;0;;0;0;;SEM VOTOS
BADY BASSITT;;0;;0;0;;SEM VOTOS
BALBINOS;;0;;0;0;;SEM VOTOS
BALSAMO;;0;;0;0;;SEM VOTOS
BANANAL;;0;;0;0;;SEM VOTOS
BARAO DE ANTONINA;;0;;0;0;;SEM VOTOS
BARBOSA;;0;;0;0;;SEM VOTOS
BARIRI;;0;;0;0;;SEM VOTOS
BARRA DO CHAPEU;;0;;0;0;;SEM VOTOS
BARRA DO TURVO;;0;;0;0;;SEM VOTOS
BARRINHA;;0;;0;0;;SEM VOTOS
BASTOS;;0;;0;0;;SEM VOTOS
BATATAIS;;0;;0;0;;SEM VOTOS
BEBEDOURO;;0;;0;0;;SEM VOTOS
BENTO DE ABREU;;0;;0;0;;SEM VOTOS
BERNARDINO DE CAMPOS;;0;;0;0;;SEM VOTOS
BOA ESPERANCA DO SUL;;0;;0;0;;SEM VOTOS
BOCAINA;;0;;0;0;;SEM VOTOS
BOM SUCESSO DE ITARARE;;0;;0;0;;SEM VOTOS
BORA;;0;;0;0;;SEM VOTOS
BORACEIA;;0;;0;0;;SEM VOTOS
BOREBI;;0;;0;0;;SEM VOTOS
BRAUNA;;0;;0;0;;SEM VOTOS
BREJO ALEGRE;;0;;0;0;;SEM VOTOS
BRODOWSKI;;0;;0;0;;SEM VOTOS
BROTAS;;0;;0;0;;SEM VOTOS
BURI;;0;;0;0;;SEM VOTOS
BURITIZAL;;0;;0;0;;SEM VOTOS
CABRALIA PAULISTA;;0;;0;0;;SEM VOTOS
CACAPAVA;;0;;0;0;;SEM VOTOS
CACONDE;;0;;0;0;;SEM VOTOS
CAIABU;;0;;0;0;;SEM VOTOS
CAIUA;;0;;0;0;;SEM VOTOS
CAJOBI;;0;;0;0;;SEM VOTOS
CAJURU;;0;;0;0;;SEM VOTOS
CAMPOS DO JORDAO;;0;;0;0;;SEM VOTOS
CAMPOS NOVOS PAULISTA;;0;;0;0;;SEM VOTOS
CANANEIA;;0;;0;0;;SEM VOTOS
CANAS;;0;;0;0;;SEM VOTOS
CANDIDO RODRIGUES;;0;;0;0;;SEM VOTOS
CANITAR;;0;;0;0;;SEM VOTOS
CASA BRANCA;;0;;0;0;;SEM VOTOS
CASSIA DOS COQUEIROS;;0;;0;0;;SEM VOTOS
CASTILHO;;0;;0;0;;SEM VOTOS
CEDRAL;;0;;0;0;;SEM VOTOS
CHARQUEADA;;0;;0;0;;SEM VOTOS
CHAVANTES;;0;;0;0;;SEM VOTOS
CLEMENTINA;;0;;0;0;;SEM VOTOS
COLOMBIA;;0;;0;0;;SEM VOTOS
CONCHAL;;0;;0;0;;SEM VOTOS
CONCHAS;;0;;0;0;;SEM VOTOS
COROADOS;;0;;0;0;;SEM VOTOS
CORONEL MACEDO;;0;;0;0;;SEM VOTOS
CORUMBATAI;;0;;0;0;;SEM VOTOS
CRAVINHOS;;0;;0;0;;SEM VOTOS
CRISTAIS PAULISTA;;0;;0;0;;SEM VOTOS
CRUZALIA;;0;;0;0;;SEM VOTOS
CRUZEIRO;;0;;0;0;;SEM VOTOS
CUNHA;;0;;0;0;;SEM VOTOS
DESCALVADO;;0;;0;0;;SEM VOTOS
DIRCE REIS;;0;;0;0;;SEM VOTOS
DIVINOLANDIA;;0;;0;0;;SEM VOTOS
DOIS CORREGOS;;0;;0;0;;SEM VOTOS
DOURADO;;0;;0;0;;SEM VOTOS
DUARTINA;;0;;0;0;;SEM VOTOS
DUMONT;;0;;0;0;;SEM VOTOS
ECHAPORA;;0;;0;0;;SEM VOTOS
ELISIARIO;;0;;0;0;;SEM VOTOS
EMBAUBA;;0;;0;0;;SEM VOTOS
ENGENHEIRO COELHO;;0;;0;0;;SEM VOTOS
ESPIRITO SANTO DO PINHAL;;0;;0;0;;SEM VOTOS
ESPIRITO SANTO DO TURVO;;0;;0;0;;SEM VOTOS
ESTIVA GERBI;;0;;0;0;;SEM VOTOS
ESTRELA DO NORTE;;0;;0;0;;SEM VOTOS
EUCLIDES DA CUNHA PAULISTA;;0;;0;0;;SEM VOTOS
FARTURA;;0;;0;0;;SEM VOTOS
FERNAO;;0;;0;0;;SEM VOTOS
FLORA RICA;;0;;0;0;;SEM VOTOS
FLOREAL;;0;;0;0;;SEM VOTOS
FLORIDA PAULISTA;;0;;0;0;;SEM VOTOS
FLORINEA;;0;;0;0;;SEM VOTOS
GALIA;;0;;0;0;;SEM VOTOS
GARCA;;0;;0;0;;SEM VOTOS
GASTAO VIDIGAL;;0;;0;0;;SEM VOTOS
GAVIAO PEIXOTO;;0;;0;0;;SEM VOTOS
GETULINA;;0;;0;0;;SEM VOTOS
GLICERIO;;0;;0;0;;SEM VOTOS
GUAICARA;;0;;0;0;;SEM VOTOS
GUAIMBE;;0;;0;0;;SEM VOTOS
GUAIRA;;0;;0;0;;SEM VOTOS
GUAPIACU;;0;;0;0;;SEM VOTOS
GUAPIARA;;0;;0;0;;SEM VOTOS
GUARACAI;;0;;0;0;;SEM VOTOS
GUAREI;;0;;0;0;;SEM VOTOS
GUARIBA;;0;;0;0;;SEM VOTOS
GUATAPARA;;0;;0;0;;SEM VOTOS
GUZOLANDIA;;0;;0;0;;SEM VOTOS
HERCULANDIA;;0;;0;0;;SEM VOTOS
IACANGA;;0;;0;0;;SEM VOTOS
IACRI;;0;;0;0;;SEM VOTOS
IARAS;;0;;0;0;;SEM VOTOS
IBIRA;;0;;0;0;;SEM VOTOS
IBIRAREMA;;0;;0;0;;SEM VOTOS
IBITINGA;;0;;0;0;;SEM VOTOS
ICEM;;0;;0;0;;SEM VOTOS
IEPE;;0;;0;0;;SEM VOTOS
IGARACU DO TIETE;;0;;0;0;;SEM VOTOS
IGUAPE;;0;;0;0;;SEM VOTOS
ILHA SOLTEIRA;;0;;0;0;;SEM VOTOS
INUBIA PAULISTA;;0;;0;0;;SEM VOTOS
IPERO;;0;;0;0;;SEM VOTOS
IPEUNA;;0;;0;0;;SEM VOTOS
IPIGUA;;0;;0;0;;SEM VOTOS
IPUA;;0;;0;0;;SEM VOTOS
IRAPUA;;0;;0;0;;SEM VOTOS
IRAPURU;;0;;0;0;;SEM VOTOS
ITABERA;;0;;0;0;;SEM VOTOS
ITAJOBI;;0;;0;0;;SEM VOTOS
ITAJU;;0;;0;0;;SEM VOTOS
ITAOCA;;0;;0;0;;SEM VOTOS
ITAPIRA;;0;;0;0;;SEM VOTOS
ITAPIRAPUA PAULISTA;;0;;0;0;;SEM VOTOS
ITAPOLIS;;0;;0;0;;SEM VOTOS
ITAPORANGA;;0;;0;0;;SEM VOTOS
ITAPURA;;0;;0;0;;SEM VOTOS
ITARARE;;0;;0;0;;SEM VOTOS
ITARIRI;;0;;0;0;;SEM VOTOS
ITATINGA;;0;;0;0;;SEM VOTOS
ITIRAPUA;;0;;0;0;;SEM VOTOS
ITOBI;;0;;0;0;;SEM VOTOS
ITUVERAVA;;0;;0;0;;SEM VOTOS
JABORANDI;;0;;0;0;;SEM VOTOS
JACI;;0;;0;0;;SEM VOTOS
JARDINOPOLIS;;0;;0;0;;SEM VOTOS
JERIQUARA;;0;;0;0;;SEM VOTOS
JOANOPOLIS;;0;;0;0;;SEM VOTOS
JOAO RAMALHO;;0;;0;0;;SEM VOTOS
JOSE BONIFACIO;;0;;0;0;;SEM VOTOS
JULIO MESQUITA;;0;;0;0;;SEM VOTOS
JUMIRIM;;0;;0;0;;SEM VOTOS
JUNQUEIROPOLIS;;0;;0;0;;SEM VOTOS
JUQUIA;;0;;0;0;;SEM VOTOS
LAGOINHA;;0;;0;0;;SEM VOTOS
LARANJAL PAULISTA;;0;;0;0;;SEM VOTOS
LAVINIA;;0;;0;0;;SEM VOTOS
LAVRINHAS;;0;;0;0;;SEM VOTOS
LINDOIA;;0;;0;0;;SEM VOTOS
LORENA;;0;;0;0;;SEM VOTOS
LOURDES;;0;;0;0;;SEM VOTOS
LUCIANOPOLIS;;0;;0;0;;SEM VOTOS
LUIS ANTONIO;;0;;0;0;;SEM VOTOS
LUIZIANIA;;0;;0;0;;SEM VOTOS
LUPERCIO;;0;;0;0;;SEM VOTOS
LUTECIA;;0;;0;0;;SEM VOTOS
MACAUBAL;;0;;0;0;;SEM VOTOS
MARABA PAULISTA;;0;;0;0;;SEM VOTOS
MARACAI;;0;;0;0;;SEM VOTOS
MARIAPOLIS;;0;;0;0;;SEM VOTOS
MATAO;;0;;0;0;;SEM VOTOS
MENDONCA;;0;;0;0;;SEM VOTOS
MINEIROS DO TIETE;;0;;0;0;;SEM VOTOS
MIRANDOPOLIS;;0;;0;0;;SEM VOTOS
MIRANTE DO PARANAPANEMA;;0;;0;0;;SEM VOTOS
MIRASSOL;;0;;0;0;;SEM VOTOS
MIRASSOLANDIA;;0;;0;0;;SEM VOTOS
MOCOCA;;0;;0;0;;SEM VOTOS
MOMBUCA;;0;;0;0;;SEM VOTOS
MONCOES;;0;;0;0;;SEM VOTOS
MONTE ALEGRE DO SUL;;0;;0;0;;SEM VOTOS
MOTUCA;;0;;0;0;;SEM VOTOS
MURUTINGA DO SUL;;0;;0;0;;SEM VOTOS
NANTES;;0;;0;0;;SEM VOTOS
NARANDIBA;;0;;0;0;;SEM VOTOS
NATIVIDADE DA SERRA;;0;;0;0;;SEM VOTOS
NHANDEARA;;0;;0;0;;SEM VOTOS
NIPOA;;0;;0;0;;SEM VOTOS
NOVA ALIANCA;;0;;0;0;;SEM VOTOS
NOVA CAMPINA;;0;;0;0;;SEM VOTOS
NOVA CASTILHO;;0;;0;0;;SEM VOTOS
NOVA EUROPA;;0;;0;0;;SEM VOTOS
NOVA GRANADA;;0;;0;0;;SEM VOTOS
NOVA GUATAPORANGA;;0;;0;0;;SEM VOTOS
NOVA INDEPENDENCIA;;0;;0;0;;SEM VOTOS
NOVA LUZITANIA;;0;;0;0;;SEM VOTOS
NOVAIS;;0;;0;0;;SEM VOTOS
NOVO HORIZONTE;;0;;0;0;;SEM VOTOS
NUPORANGA;;0;;0;0;;SEM VOTOS
OCAUCU;;0;;0;0;;SEM VOTOS
OLEO;;0;;0;0;;SEM VOTOS
ONDA VERDE;;0;;0;0;;SEM VOTOS
ORIENTE;;0;;0;0;;SEM VOTOS
ORINDIUVA;;0;;0;0;;SEM VOTOS
ORLANDIA;;0;;0;0;;SEM VOTOS
OSCAR BRESSANE;;0;;0;0;;SEM VOTOS
OSVALDO CRUZ;;0;;0;0;;SEM VOTOS
OURO VERDE;;0;;0;0;;SEM VOTOS
PACAEMBU;;0;;0;0;;SEM VOTOS
PALESTINA;;0;;0;0;;SEM VOTOS
PALMEIRA D'OESTE;;0;;0;0;;SEM VOTOS
PANORAMA;;0;;0;0;;SEM VOTOS
PARAGUACU PAULISTA;;0;;0;0;;SEM VOTOS
PARAISO;;0;;0;0;;SEM VOTOS
PARANAPANEMA;;0;;0;0;;SEM VOTOS
PARAPUA;;0;;0;0;;SEM VOTOS
PARISI;;0;;0;0;;SEM VOTOS
PATROCINIO PAULISTA;;0;;0;0;;SEM VOTOS
PAULISTANIA;;0;;0;0;;SEM VOTOS
PEDREGULHO;;0;;0;0;;SEM VOTOS
PEDREIRA;;0;;0;0;;SEM VOTOS
PEDRINHAS PAULISTA;;0;;0;0;;SEM VOTOS
PEREIRAS;;0;;0;0;;SEM VOTOS
PIACATU;;0;;0;0;;SEM VOTOS
PILAR DO SUL;;0;;0;0;;SEM VOTOS
PINDORAMA;;0;;0;0;;SEM VOTOS
PIQUEROBI;;0;;0;0;;SEM VOTOS
PIRAJU;;0;;0;0;;SEM VOTOS
PIRAJUI;;0;;0;0;;SEM VOTOS
PIRANGI;;0;;0;0;;SEM VOTOS
PLANALTO;;0;;0;0;;SEM VOTOS
PLATINA;;0;;0;0;;SEM VOTOS
POLONI;;0;;0;0;;SEM VOTOS
POMPEIA;;0;;0;0;;SEM VOTOS
PONGAI;;0;;0;0;;SEM VOTOS
PONTAL;;0;;0;0;;SEM VOTOS
PONTES GESTAL;;0;;0;0;;SEM VOTOS
POTIM;;0;;0;0;;SEM VOTOS
POTIRENDABA;;0;;0;0;;SEM VOTOS
PRACINHA;;0;;0;0;;SEM VOTOS
PRADOPOLIS;;0;;0;0;;SEM VOTOS
PRATANIA;;0;;0;0;;SEM VOTOS
PRESIDENTE ALVES;;0;;0;0;;SEM VOTOS
PRESIDENTE BERNARDES;;0;;0;0;;SEM VOTOS
PRESIDENTE EPITACIO;;0;;0;0;;SEM VOTOS
PROMISSAO;;0;;0;0;;SEM VOTOS
QUATA;;0;;0;0;;SEM VOTOS
QUEIROZ;;0;;0;0;;SEM VOTOS
QUELUZ;;0;;0;0;;SEM VOTOS
QUINTANA;;0;;0;0;;SEM VOTOS
RAFARD;;0;;0;0;;SEM VOTOS
RANCHARIA;;0;;0;0;;SEM VOTOS
REDENCAO DA SERRA;;0;;0;0;;SEM VOTOS
REGINOPOLIS;;0;;0;0;;SEM VOTOS
RESTINGA;;0;;0;0;;SEM VOTOS
RIBEIRAO BONITO;;0;;0;0;;SEM VOTOS
RIBEIRAO BRANCO;;0;;0;0;;SEM VOTOS
RIBEIRAO CORRENTE;;0;;0;0;;SEM VOTOS
RIBEIRAO DO SUL;;0;;0;0;;SEM VOTOS
RIBEIRAO DOS INDIOS;;0;;0;0;;SEM VOTOS
RIBEIRAO GRANDE;;0;;0;0;;SEM VOTOS
RIFAINA;;0;;0;0;;SEM VOTOS
RINCAO;;0;;0;0;;SEM VOTOS
RINOPOLIS;;0;;0;0;;SEM VOTOS
RIVERSUL;;0;;0;0;;SEM VOTOS
ROSEIRA;;0;;0;0;;SEM VOTOS
RUBIACEA;;0;;0;0;;SEM VOTOS
RUBINEIA;;0;;0;0;;SEM VOTOS
SABINO;;0;;0;0;;SEM VOTOS
SAGRES;;0;;0;0;;SEM VOTOS
SALES OLIVEIRA;;0;;0;0;;SEM VOTOS
SALMOURAO;;0;;0;0;;SEM VOTOS
SALTINHO;;0;;0;0;;SEM VOTOS
SALTO;;0;;0;0;;SEM VOTOS
SALTO GRANDE;;0;;0;0;;SEM VOTOS
SANDOVALINA;;0;;0;0;;SEM VOTOS
SANTA ADELIA;;0;;0;0;;SEM VOTOS
SANTA BRANCA;;0;;0;0;;SEM VOTOS
SANTA CRUZ DA CONCEICAO;;0;;0;0;;SEM VOTOS
SANTA CRUZ DA ESPERANCA;;0;;0;0;;SEM VOTOS
SANTA CRUZ DO RIO PARDO;;0;;0;0;;SEM VOTOS
SANTA ERNESTINA;;0;;0;0;;SEM VOTOS
SANTA GERTRUDES;;0;;0;0;;SEM VOTOS
SANTA LUCIA;;0;;0;0;;SEM VOTOS
SANTA MERCEDES;;0;;0;0;;SEM VOTOS
SANTA RITA D'OESTE;;0;;0;0;;SEM VOTOS
SANTA RITA DO PASSA QUATRO;;0;;0;0;;SEM VOTOS
SANTA SALETE;;0;;0;0;;SEM VOTOS
SANTANA DA PONTE PENSA;;0;;0;0;;SEM VOTOS
SANTO ANTONIO DA ALEGRIA;;0;;0;0;;SEM VOTOS
SANTO ANTONIO DO ARACANGUA;;0;;0;0;;SEM VOTOS
SANTO ANTONIO DO JARDIM;;0;;0;0;;SEM VOTOS
SANTO ANTONIO DO PINHAL;;0;;0;0;;SEM VOTOS
SANTO EXPEDITO;;0;;0;0;;SEM VOTOS
SANTOPOLIS DO AGUAPEI;;0;;0;0;;SEM VOTOS
SAO BENTO DO SAPUCAI;;0;;0;0;;SEM VOTOS
SAO JOAO DA BOA VISTA;;0;;0;0;;SEM VOTOS
SAO JOSE DA BELA VISTA;;0;;0;0;;SEM VOTOS
SAO JOSE DO BARREIRO;;0;;0;0;;SEM VOTOS
SAO LUIS DO PARAITINGA;;0;;0;0;;SEM VOTOS
SAO MANUEL;;0;;0;0;;SEM VOTOS
SAO PEDRO DO TURVO;;0;;0;0;;SEM VOTOS
SEBASTIANOPOLIS DO SUL;;0;;0;0;;SEM VOTOS
SERRA AZUL;;0;;0;0;;SEM VOTOS
SILVEIRAS;;0;;0;0;;SEM VOTOS
SUD MENNUCCI;;0;;0;0;;SEM VOTOS
SUZANAPOLIS;;0;;0;0;;SEM VOTOS
TABAPUA;;0;;0;0;;SEM VOTOS
TABATINGA;;0;;0;0;;SEM VOTOS
TACIBA;;0;;0;0;;SEM VOTOS
TAGUAI;;0;;0;0;;SEM VOTOS
TAIACU;;0;;0;0;;SEM VOTOS
TAIUVA;;0;;0;0;;SEM VOTOS
TAMBAU;;0;;0;0;;SEM VOTOS
TAQUARAL;;0;;0;0;;SEM VOTOS
TAQUARITUBA;;0;;0;0;;SEM VOTOS
TAQUARIVAI;;0;;0;0;;SEM VOTOS
TARABAI;;0;;0;0;;SEM VOTOS
TARUMA;;0;;0;0;;SEM VOTOS
TEJUPA;;0;;0;0;;SEM VOTOS
TEODORO SAMPAIO;;0;;0;0;;SEM VOTOS
TERRA ROXA;;0;;0;0;;SEM VOTOS
TIETE;;0;;0;0;;SEM VOTOS
TIMBURI;;0;;0;0;;SEM VOTOS
TORRE DE PEDRA;;0;;0;0;;SEM VOTOS
TORRINHA;;0;;0;0;;SEM VOTOS
TRABIJU;;0;;0;0;;SEM VOTOS
TREMEMBE;;0;;0;0;;SEM VOTOS
TRES FRONTEIRAS;;0;;0;0;;SEM VOTOS
TURIUBA;;0;;0;0;;SEM VOTOS
UBIRAJARA;;0;;0;0;;SEM VOTOS
UNIAO PAULISTA;;0;;0;0;;SEM VOTOS
URANIA;;0;;0;0;;SEM VOTOS
URU;;0;;0;0;;SEM VOTOS
VALPARAISO;;0;;0;0;;SEM VOTOS
VARGEM GRANDE DO SUL;;0;;0;0;;SEM VOTOS
VERA CRUZ;;0;;0;0;;SEM VOTOS
VIRADOURO;;0;;0;0;;SEM VOTOS
VISTA ALEGRE DO ALTO;;0;;0;0;;SEM VOTOS
ZACARIAS;;0;;0;0;;SEM VOTOS
