MUNICIPIO;ZONA;ZONA_BAIRRO_REFERENCIA;REGIAO;RANK_2024;VOTOS_2024;RANK_2026;VOTOS_2026;DIFERENCA;VARIACAO_PERCENTUAL;STATUS;COMPARABILIDADE
SAO PAULO;376;Brasilândia;Norte;1;10664;1;10930;266;2.49%;CRESCIMENTO;COMPARAVEL
SAO PAULO;327;Nossa Senhora do Ó;Norte;2;9013;2;9208;195;2.16%;CRESCIMENTO;COMPARAVEL
SAO PAULO;389;Perus;Norte;3;5256;3;3166;-2090;-39.76%;REDUCAO;COMPARAVEL
SAO PAULO;403;Jaraguá;Norte;4;2834;4;2532;-302;-10.66%;REDUCAO;COMPARAVEL
SAO PAULO;255;Casa Verde;Norte;6;1864;5;2529;665;35.68%;CRESCIMENTO;COMPARAVEL
SAO PAULO;325;Pirituba;Norte;5;2494;6;2054;-440;-17.64%;REDUCAO;COMPARAVEL
SAO PAULO;422;Lauzane Paulista;Norte;7;1089;7;1813;724;66.48%;CRESCIMENTO;COMPARAVEL
FERNANDOPOLIS;150;FERNANDOPOLIS;Interior;;0;8;763;763;;NOVOS VOTOS;NAO DIRETAMENTE COMPARAVEL: 2024 ERA MUNICIPAL
SAO PAULO;249;Santana;Norte;9;446;9;637;191;42.83%;CRESCIMENTO;COMPARAVEL
SAO PAULO;250;Lapa;Oeste;8;629;10;547;-82;-13.04%;REDUCAO;COMPARAVEL
SAO PAULO;420;Vila Sabrina;Norte;30;72;11;346;274;380.56%;CRESCIMENTO;COMPARAVEL
SAO PAULO;256;Tucuruvi;Norte;11;280;12;336;56;20.00%;CRESCIMENTO;COMPARAVEL
SAO PAULO;2;Perdizes;Oeste;10;299;13;297;-2;-0.67%;REDUCAO;COMPARAVEL
SAO PAULO;373;Capão Redondo;Sul;52;42;14;284;242;576.19%;CRESCIMENTO;COMPARAVEL
SAO PAULO;254;Vila Maria;Norte;15;118;15;267;149;126.27%;CRESCIMENTO;COMPARAVEL
SAO PAULO;421;Teotônio Vilela;Leste;44;52;16;245;193;371.15%;CRESCIMENTO;COMPARAVEL
SAO PAULO;3;Santa Ifigênia;Centro;12;223;17;217;-6;-2.69%;REDUCAO;COMPARAVEL
FRANCISCO MORATO;367;FRANCISCO MORATO;Grande SP;;0;18;214;214;;NOVOS VOTOS;NAO DIRETAMENTE COMPARAVEL: 2024 ERA MUNICIPAL
SAO PAULO;347;Vila Matilde;Leste;25;87;19;202;115;132.18%;CRESCIMENTO;COMPARAVEL
SAO PAULO;397;Jardim Helena;Leste;19;110;20;194;84;76.36%;CRESCIMENTO;COMPARAVEL
SAO PAULO;349;Jaçanã;Norte;18;115;21;187;72;62.61%;CRESCIMENTO;COMPARAVEL
SAO PAULO;20;Valo Velho;Sul;54;37;22;184;147;397.30%;CRESCIMENTO;COMPARAVEL
SAO PAULO;375;São Mateus;Leste;42;54;23;167;113;209.26%;CRESCIMENTO;COMPARAVEL
CAIEIRAS;192;CAIEIRAS;Grande SP;;0;24;159;159;;NOVOS VOTOS;NAO DIRETAMENTE COMPARAVEL: 2024 ERA MUNICIPAL
IRACEMAPOLIS;243;IRACEMAPOLIS;Interior;;0;25;156;156;;NOVOS VOTOS;NAO DIRETAMENTE COMPARAVEL: 2024 ERA MUNICIPAL
SAO PAULO;392;Ponte Rasa;Leste;22;99;26;140;41;41.41%;CRESCIMENTO;COMPARAVEL
SAO PAULO;328;Campo Limpo;Sul;51;42;27;135;93;221.43%;CRESCIMENTO;COMPARAVEL
ITATIBA;58;ITATIBA;Interior;;0;28;127;127;;NOVOS VOTOS;NAO DIRETAMENTE COMPARAVEL: 2024 ERA MUNICIPAL
INDIAPORA;302;INDIAPORA;Interior;;0;29;124;124;;NOVOS VOTOS;NAO DIRETAMENTE COMPARAVEL: 2024 ERA MUNICIPAL
SAO PAULO;350;Sapopemba;Leste;49;46;30;119;73;158.70%;CRESCIMENTO;COMPARAVEL
SAO PAULO;253;Tatuapé;Leste;38;61;31;118;57;93.44%;CRESCIMENTO;COMPARAVEL
SAO PAULO;390;Cangaíba;Leste;36;64;32;116;52;81.25%;CRESCIMENTO;COMPARAVEL
SAO PAULO;374;Rio Pequeno;Oeste;13;160;33;115;-45;-28.12%;REDUCAO;COMPARAVEL
SAO PAULO;248;Itaquera;Leste;35;65;34;114;49;75.38%;CRESCIMENTO;COMPARAVEL
SAO PAULO;404;Cidade Tiradentes;Leste;48;50;35;114;64;128.00%;CRESCIMENTO;COMPARAVEL
SAO PAULO;348;Vila Formosa;Leste;34;66;36;111;45;68.18%;CRESCIMENTO;COMPARAVEL
SAO PAULO;1;Bela Vista;Centro;17;116;37;109;-7;-6.03%;REDUCAO;COMPARAVEL
SAO PAULO;247;São Miguel Paulista;Leste;37;62;38;107;45;72.58%;CRESCIMENTO;COMPARAVEL
SAO PAULO;257;Vila Prudente;Leste;45;51;39;105;54;105.88%;CRESCIMENTO;COMPARAVEL
OUROESTE;302;OUROESTE;Interior;;0;40;103;103;;NOVOS VOTOS;NAO DIRETAMENTE COMPARAVEL: 2024 ERA MUNICIPAL
SAO PAULO;326;Ermelino Matarazzo;Leste;56;33;41;101;68;206.06%;CRESCIMENTO;COMPARAVEL
OSASCO;331;OSASCO;Grande SP;;0;42;99;99;;NOVOS VOTOS;NAO DIRETAMENTE COMPARAVEL: 2024 ERA MUNICIPAL
SAO PAULO;260;Ipiranga;Sul;29;74;43;97;23;31.08%;CRESCIMENTO;COMPARAVEL
SAO PAULO;252;Penha de França;Leste;24;94;44;96;2;2.13%;CRESCIMENTO;COMPARAVEL
SAO PAULO;6;Vila Mariana;Sul;23;95;45;92;-3;-3.16%;REDUCAO;COMPARAVEL
SAO PAULO;346;Morumbi;Oeste;16;118;47;90;-28;-23.73%;REDUCAO;COMPARAVEL
SAO PAULO;251;Pinheiros;Oeste;21;100;46;90;-10;-10.00%;REDUCAO;COMPARAVEL
SAO PAULO;413;Cursino;Sul;50;45;49;84;39;86.67%;CRESCIMENTO;COMPARAVEL
MAIRIPORA;237;MAIRIPORA;Grande SP;;0;48;84;84;;NOVOS VOTOS;NAO DIRETAMENTE COMPARAVEL: 2024 ERA MUNICIPAL
SAO PAULO;372;Piraporinha;Sul;55;37;50;82;45;121.62%;CRESCIMENTO;COMPARAVEL
SAO PAULO;258;Indianópolis;Sul;14;132;51;80;-52;-39.39%;REDUCAO;COMPARAVEL
FRANCO DA ROCHA;192;FRANCO DA ROCHA;Grande SP;;0;52;79;79;;NOVOS VOTOS;NAO DIRETAMENTE COMPARAVEL: 2024 ERA MUNICIPAL
SAO PAULO;352;Itaim Paulista;Leste;33;67;53;75;8;11.94%;CRESCIMENTO;COMPARAVEL
SAO PAULO;4;Mooca;Leste;41;59;54;75;16;27.12%;CRESCIMENTO;COMPARAVEL
SUMARE;230;SUMARE;Interior;;0;55;75;75;;NOVOS VOTOS;NAO DIRETAMENTE COMPARAVEL: 2024 ERA MUNICIPAL
SAO PAULO;5;Jardim Paulista;Oeste;20;104;56;70;-34;-32.69%;REDUCAO;COMPARAVEL
SAO PAULO;353;Guaianases;Leste;39;60;57;69;9;15.00%;CRESCIMENTO;COMPARAVEL
SAO PAULO;259;Saúde;Sul;26;80;59;68;-12;-15.00%;REDUCAO;COMPARAVEL
SANTANA DE PARNAIBA;428;SANTANA DE PARNAIBA;Grande SP;;0;58;68;68;;NOVOS VOTOS;NAO DIRETAMENTE COMPARAVEL: 2024 ERA MUNICIPAL
SAO PAULO;417;Parque do Carmo;Leste;47;51;60;67;16;31.37%;CRESCIMENTO;COMPARAVEL
SAO PAULO;405;Conjunto José Bonifácio;Leste;43;52;61;65;13;25.00%;CRESCIMENTO;COMPARAVEL
VINHEDO;345;VINHEDO;Interior;;0;62;57;57;;NOVOS VOTOS;NAO DIRETAMENTE COMPARAVEL: 2024 ERA MUNICIPAL
BARRETOS;21;BARRETOS;Interior;;0;63;56;56;;NOVOS VOTOS;NAO DIRETAMENTE COMPARAVEL: 2024 ERA MUNICIPAL
SAO PAULO;320;Jabaquara;Sul;28;75;64;53;-22;-29.33%;REDUCAO;COMPARAVEL
SAO PAULO;351;Cidade Ademar;Sul;46;51;65;53;2;3.92%;CRESCIMENTO;COMPARAVEL
OSASCO;276;OSASCO;Grande SP;;0;66;52;52;;NOVOS VOTOS;NAO DIRETAMENTE COMPARAVEL: 2024 ERA MUNICIPAL
SAO PAULO;246;Santo Amaro;Sul;32;67;67;51;-16;-23.88%;REDUCAO;COMPARAVEL
VARZEA PAULISTA;242;VARZEA PAULISTA;Interior;;0;68;51;51;;NOVOS VOTOS;NAO DIRETAMENTE COMPARAVEL: 2024 ERA MUNICIPAL
NAZARE PAULISTA;16;NAZARE PAULISTA;Interior;;0;69;49;49;;NOVOS VOTOS;NAO DIRETAMENTE COMPARAVEL: 2024 ERA MUNICIPAL
SAO PAULO;408;Jardim São Luís;Sul;31;69;70;48;-21;-30.43%;REDUCAO;COMPARAVEL
ITUPEVA;65;ITUPEVA;Interior;;0;71;45;45;;NOVOS VOTOS;NAO DIRETAMENTE COMPARAVEL: 2024 ERA MUNICIPAL
PIRACAIA;92;PIRACAIA;Interior;;0;72;44;44;;NOVOS VOTOS;NAO DIRETAMENTE COMPARAVEL: 2024 ERA MUNICIPAL
BARUERI;386;BARUERI;Grande SP;;0;73;43;43;;NOVOS VOTOS;NAO DIRETAMENTE COMPARAVEL: 2024 ERA MUNICIPAL
POPULINA;233;POPULINA;Interior;;0;74;42;42;;NOVOS VOTOS;NAO DIRETAMENTE COMPARAVEL: 2024 ERA MUNICIPAL
COTIA;227;COTIA;Grande SP;;0;75;41;41;;NOVOS VOTOS;NAO DIRETAMENTE COMPARAVEL: 2024 ERA MUNICIPAL
CARAPICUIBA;303;CARAPICUIBA;Grande SP;;0;76;39;39;;NOVOS VOTOS;NAO DIRETAMENTE COMPARAVEL: 2024 ERA MUNICIPAL
GUARULHOS;176;GUARULHOS;Grande SP;;0;77;38;38;;NOVOS VOTOS;NAO DIRETAMENTE COMPARAVEL: 2024 ERA MUNICIPAL
JUQUITIBA;201;JUQUITIBA;Grande SP;;0;78;38;38;;NOVOS VOTOS;NAO DIRETAMENTE COMPARAVEL: 2024 ERA MUNICIPAL
POA;219;POA;Grande SP;;0;79;38;38;;NOVOS VOTOS;NAO DIRETAMENTE COMPARAVEL: 2024 ERA MUNICIPAL
BARUERI;199;BARUERI;Grande SP;;0;80;37;37;;NOVOS VOTOS;NAO DIRETAMENTE COMPARAVEL: 2024 ERA MUNICIPAL
JUNDIAI;281;JUNDIAI;Interior;;0;81;37;37;;NOVOS VOTOS;NAO DIRETAMENTE COMPARAVEL: 2024 ERA MUNICIPAL
SAO PAULO;418;Pedreira;Sul;53;41;83;35;-6;-14.63%;REDUCAO;COMPARAVEL
MONTE MOR;358;MONTE MOR;Interior;;0;82;35;35;;NOVOS VOTOS;NAO DIRETAMENTE COMPARAVEL: 2024 ERA MUNICIPAL
SAO PAULO;371;Grajaú;Sul;40;59;85;34;-25;-42.37%;REDUCAO;COMPARAVEL
JUNDIAI;65;JUNDIAI;Interior;;0;84;34;34;;NOVOS VOTOS;NAO DIRETAMENTE COMPARAVEL: 2024 ERA MUNICIPAL
BRAGANCA PAULISTA;27;BRAGANCA PAULISTA;Interior;;0;86;32;32;;NOVOS VOTOS;NAO DIRETAMENTE COMPARAVEL: 2024 ERA MUNICIPAL
GUARULHOS;393;GUARULHOS;Grande SP;;0;87;32;32;;NOVOS VOTOS;NAO DIRETAMENTE COMPARAVEL: 2024 ERA MUNICIPAL
CAJAMAR;354;CAJAMAR;Grande SP;;0;88;30;30;;NOVOS VOTOS;NAO DIRETAMENTE COMPARAVEL: 2024 ERA MUNICIPAL
EMBU DAS ARTES;391;EMBU DAS ARTES;Grande SP;;0;89;30;30;;NOVOS VOTOS;NAO DIRETAMENTE COMPARAVEL: 2024 ERA MUNICIPAL
PRAIA GRANDE;406;PRAIA GRANDE;Litoral;;0;90;30;30;;NOVOS VOTOS;NAO DIRETAMENTE COMPARAVEL: 2024 ERA MUNICIPAL
EMBU DAS ARTES;341;EMBU DAS ARTES;Grande SP;;0;91;29;29;;NOVOS VOTOS;NAO DIRETAMENTE COMPARAVEL: 2024 ERA MUNICIPAL
ITAPECERICA DA SERRA;201;ITAPECERICA DA SERRA;Grande SP;;0;92;29;29;;NOVOS VOTOS;NAO DIRETAMENTE COMPARAVEL: 2024 ERA MUNICIPAL
SANTO ANDRE;264;SANTO ANDRE;Grande SP;;0;93;29;29;;NOVOS VOTOS;NAO DIRETAMENTE COMPARAVEL: 2024 ERA MUNICIPAL
FERRAZ DE VASCONCELOS;401;FERRAZ DE VASCONCELOS;Grande SP;;0;94;27;27;;NOVOS VOTOS;NAO DIRETAMENTE COMPARAVEL: 2024 ERA MUNICIPAL
GUARULHOS;278;GUARULHOS;Grande SP;;0;95;27;27;;NOVOS VOTOS;NAO DIRETAMENTE COMPARAVEL: 2024 ERA MUNICIPAL
PIRASSUNUNGA;96;PIRASSUNUNGA;Interior;;0;96;26;26;;NOVOS VOTOS;NAO DIRETAMENTE COMPARAVEL: 2024 ERA MUNICIPAL
TANABI;138;TANABI;Interior;;0;97;26;26;;NOVOS VOTOS;NAO DIRETAMENTE COMPARAVEL: 2024 ERA MUNICIPAL
APARECIDA D'OESTE;232;APARECIDA D'OESTE;Interior;;0;98;25;25;;NOVOS VOTOS;NAO DIRETAMENTE COMPARAVEL: 2024 ERA MUNICIPAL
HORTOLANDIA;361;HORTOLANDIA;Interior;;0;99;25;25;;NOVOS VOTOS;NAO DIRETAMENTE COMPARAVEL: 2024 ERA MUNICIPAL
TABOAO DA SERRA;324;TABOAO DA SERRA;Grande SP;;0;100;25;25;;NOVOS VOTOS;NAO DIRETAMENTE COMPARAVEL: 2024 ERA MUNICIPAL
CARDOSO;224;CARDOSO;Interior;;0;101;24;24;;NOVOS VOTOS;NAO DIRETAMENTE COMPARAVEL: 2024 ERA MUNICIPAL
JUNDIAI;424;JUNDIAI;Interior;;0;102;24;24;;NOVOS VOTOS;NAO DIRETAMENTE COMPARAVEL: 2024 ERA MUNICIPAL
OSASCO;277;OSASCO;Grande SP;;0;103;24;24;;NOVOS VOTOS;NAO DIRETAMENTE COMPARAVEL: 2024 ERA MUNICIPAL
SAO PAULO;280;Capela do Socorro;Sul;57;26;105;23;-3;-11.54%;REDUCAO;COMPARAVEL
OSASCO;315;OSASCO;Grande SP;;0;104;23;23;;NOVOS VOTOS;NAO DIRETAMENTE COMPARAVEL: 2024 ERA MUNICIPAL
ARARAS;14;ARARAS;Interior;;0;106;22;22;;NOVOS VOTOS;NAO DIRETAMENTE COMPARAVEL: 2024 ERA MUNICIPAL
ATIBAIA;16;ATIBAIA;Interior;;0;107;22;22;;NOVOS VOTOS;NAO DIRETAMENTE COMPARAVEL: 2024 ERA MUNICIPAL
ELDORADO;148;ELDORADO;Interior;;0;108;22;22;;NOVOS VOTOS;NAO DIRETAMENTE COMPARAVEL: 2024 ERA MUNICIPAL
RIO GRANDE DA SERRA;382;RIO GRANDE DA SERRA;Grande SP;;0;109;22;22;;NOVOS VOTOS;NAO DIRETAMENTE COMPARAVEL: 2024 ERA MUNICIPAL
VARGEM GRANDE PAULISTA;286;VARGEM GRANDE PAULISTA;Grande SP;;0;110;22;22;;NOVOS VOTOS;NAO DIRETAMENTE COMPARAVEL: 2024 ERA MUNICIPAL
SAO PAULO;381;Parelheiros;Sul;27;77;114;21;-56;-72.73%;REDUCAO;COMPARAVEL
OSASCO;213;OSASCO;Grande SP;;0;111;21;21;;NOVOS VOTOS;NAO DIRETAMENTE COMPARAVEL: 2024 ERA MUNICIPAL
OSASCO;332;OSASCO;Grande SP;;0;112;21;21;;NOVOS VOTOS;NAO DIRETAMENTE COMPARAVEL: 2024 ERA MUNICIPAL
SAO BERNARDO DO CAMPO;296;SAO BERNARDO DO CAMPO;Grande SP;;0;113;21;21;;NOVOS VOTOS;NAO DIRETAMENTE COMPARAVEL: 2024 ERA MUNICIPAL
PINHALZINHO;136;PINHALZINHO;Interior;;0;115;20;20;;NOVOS VOTOS;NAO DIRETAMENTE COMPARAVEL: 2024 ERA MUNICIPAL
CARAGUATATUBA;206;CARAGUATATUBA;Litoral;;0;116;19;19;;NOVOS VOTOS;NAO DIRETAMENTE COMPARAVEL: 2024 ERA MUNICIPAL
CARAPICUIBA;388;CARAPICUIBA;Grande SP;;0;117;19;19;;NOVOS VOTOS;NAO DIRETAMENTE COMPARAVEL: 2024 ERA MUNICIPAL
CATANDUVA;40;CATANDUVA;Interior;;0;118;19;19;;NOVOS VOTOS;NAO DIRETAMENTE COMPARAVEL: 2024 ERA MUNICIPAL
DOLCINOPOLIS;233;DOLCINOPOLIS;Interior;;0;119;19;19;;NOVOS VOTOS;NAO DIRETAMENTE COMPARAVEL: 2024 ERA MUNICIPAL
PERUIBE;295;PERUIBE;Litoral;;0;120;19;19;;NOVOS VOTOS;NAO DIRETAMENTE COMPARAVEL: 2024 ERA MUNICIPAL
TABOAO DA SERRA;416;TABOAO DA SERRA;Grande SP;;0;121;19;19;;NOVOS VOTOS;NAO DIRETAMENTE COMPARAVEL: 2024 ERA MUNICIPAL
VOTUPORANGA;147;VOTUPORANGA;Interior;;0;122;19;19;;NOVOS VOTOS;NAO DIRETAMENTE COMPARAVEL: 2024 ERA MUNICIPAL
ITANHAEM;189;ITANHAEM;Litoral;;0;123;18;18;;NOVOS VOTOS;NAO DIRETAMENTE COMPARAVEL: 2024 ERA MUNICIPAL
MOGI DAS CRUZES;287;MOGI DAS CRUZES;Grande SP;;0;124;18;18;;NOVOS VOTOS;NAO DIRETAMENTE COMPARAVEL: 2024 ERA MUNICIPAL
MONGAGUA;189;MONGAGUA;Litoral;;0;125;18;18;;NOVOS VOTOS;NAO DIRETAMENTE COMPARAVEL: 2024 ERA MUNICIPAL
SANTO ANDRE;263;SANTO ANDRE;Grande SP;;0;126;18;18;;NOVOS VOTOS;NAO DIRETAMENTE COMPARAVEL: 2024 ERA MUNICIPAL
DIADEMA;329;DIADEMA;Grande SP;;0;127;17;17;;NOVOS VOTOS;NAO DIRETAMENTE COMPARAVEL: 2024 ERA MUNICIPAL
GUARULHOS;185;GUARULHOS;Grande SP;;0;128;17;17;;NOVOS VOTOS;NAO DIRETAMENTE COMPARAVEL: 2024 ERA MUNICIPAL
MERIDIANO;302;MERIDIANO;Interior;;0;129;17;17;;NOVOS VOTOS;NAO DIRETAMENTE COMPARAVEL: 2024 ERA MUNICIPAL
CAMPINAS;274;CAMPINAS;Interior;;0;130;16;16;;NOVOS VOTOS;NAO DIRETAMENTE COMPARAVEL: 2024 ERA MUNICIPAL
GUARULHOS;279;GUARULHOS;Grande SP;;0;131;16;16;;NOVOS VOTOS;NAO DIRETAMENTE COMPARAVEL: 2024 ERA MUNICIPAL
ITAPEVI;359;ITAPEVI;Grande SP;;0;132;15;15;;NOVOS VOTOS;NAO DIRETAMENTE COMPARAVEL: 2024 ERA MUNICIPAL
RIO CLARO;110;RIO CLARO;Interior;;0;133;15;15;;NOVOS VOTOS;NAO DIRETAMENTE COMPARAVEL: 2024 ERA MUNICIPAL
VALINHOS;34;VALINHOS;Interior;;0;134;15;15;;NOVOS VOTOS;NAO DIRETAMENTE COMPARAVEL: 2024 ERA MUNICIPAL
AGUAS DE LINDOIA;134;AGUAS DE LINDOIA;Interior;;0;136;14;14;;NOVOS VOTOS;NAO DIRETAMENTE COMPARAVEL: 2024 ERA MUNICIPAL
CAFELANDIA;31;CAFELANDIA;Interior;;0;137;14;14;;NOVOS VOTOS;NAO DIRETAMENTE COMPARAVEL: 2024 ERA MUNICIPAL
CAJATI;228;CAJATI;Interior;;0;138;14;14;;NOVOS VOTOS;NAO DIRETAMENTE COMPARAVEL: 2024 ERA MUNICIPAL
ITU;59;ITU;Interior;;0;139;14;14;;NOVOS VOTOS;NAO DIRETAMENTE COMPARAVEL: 2024 ERA MUNICIPAL
SANTA BARBARA D'OESTE;186;SANTA BARBARA D'OESTE;Interior;;0;135;14;14;;NOVOS VOTOS;NAO DIRETAMENTE COMPARAVEL: 2024 ERA MUNICIPAL
SAO CAETANO DO SUL;166;SAO CAETANO DO SUL;Grande SP;;0;140;14;14;;NOVOS VOTOS;NAO DIRETAMENTE COMPARAVEL: 2024 ERA MUNICIPAL
SOCORRO;136;SOCORRO;Interior;;0;141;14;14;;NOVOS VOTOS;NAO DIRETAMENTE COMPARAVEL: 2024 ERA MUNICIPAL
SUZANO;415;SUZANO;Grande SP;;0;142;14;14;;NOVOS VOTOS;NAO DIRETAMENTE COMPARAVEL: 2024 ERA MUNICIPAL
ARUJA;335;ARUJA;Grande SP;;0;144;13;13;;NOVOS VOTOS;NAO DIRETAMENTE COMPARAVEL: 2024 ERA MUNICIPAL
AVARE;17;AVARE;Interior;;0;145;13;13;;NOVOS VOTOS;NAO DIRETAMENTE COMPARAVEL: 2024 ERA MUNICIPAL
DIADEMA;222;DIADEMA;Grande SP;;0;146;13;13;;NOVOS VOTOS;NAO DIRETAMENTE COMPARAVEL: 2024 ERA MUNICIPAL
ESTRELA D'OESTE;233;ESTRELA D'OESTE;Interior;;0;143;13;13;;NOVOS VOTOS;NAO DIRETAMENTE COMPARAVEL: 2024 ERA MUNICIPAL
ITAQUAQUECETUBA;419;ITAQUAQUECETUBA;Grande SP;;0;147;13;13;;NOVOS VOTOS;NAO DIRETAMENTE COMPARAVEL: 2024 ERA MUNICIPAL
LIMEIRA;66;LIMEIRA;Interior;;0;148;13;13;;NOVOS VOTOS;NAO DIRETAMENTE COMPARAVEL: 2024 ERA MUNICIPAL
MARTINOPOLIS;71;MARTINOPOLIS;Interior;;0;149;13;13;;NOVOS VOTOS;NAO DIRETAMENTE COMPARAVEL: 2024 ERA MUNICIPAL
BAURU;23;BAURU;Interior;;0;150;12;12;;NOVOS VOTOS;NAO DIRETAMENTE COMPARAVEL: 2024 ERA MUNICIPAL
JALES;152;JALES;Interior;;0;151;12;12;;NOVOS VOTOS;NAO DIRETAMENTE COMPARAVEL: 2024 ERA MUNICIPAL
LOUVEIRA;345;LOUVEIRA;Interior;;0;152;12;12;;NOVOS VOTOS;NAO DIRETAMENTE COMPARAVEL: 2024 ERA MUNICIPAL
SANTA ISABEL;115;SANTA ISABEL;Grande SP;;0;153;12;12;;NOVOS VOTOS;NAO DIRETAMENTE COMPARAVEL: 2024 ERA MUNICIPAL
AMERICANA;384;AMERICANA;Interior;;0;154;11;11;;NOVOS VOTOS;NAO DIRETAMENTE COMPARAVEL: 2024 ERA MUNICIPAL
ARACARIGUAMA;131;ARACARIGUAMA;Interior;;0;155;11;11;;NOVOS VOTOS;NAO DIRETAMENTE COMPARAVEL: 2024 ERA MUNICIPAL
GUARULHOS;395;GUARULHOS;Grande SP;;0;156;11;11;;NOVOS VOTOS;NAO DIRETAMENTE COMPARAVEL: 2024 ERA MUNICIPAL
MIRA ESTRELA;224;MIRA ESTRELA;Interior;;0;157;11;11;;NOVOS VOTOS;NAO DIRETAMENTE COMPARAVEL: 2024 ERA MUNICIPAL
MOGI DAS CRUZES;74;MOGI DAS CRUZES;Grande SP;;0;158;11;11;;NOVOS VOTOS;NAO DIRETAMENTE COMPARAVEL: 2024 ERA MUNICIPAL
SANTO ANDRE;306;SANTO ANDRE;Grande SP;;0;159;11;11;;NOVOS VOTOS;NAO DIRETAMENTE COMPARAVEL: 2024 ERA MUNICIPAL
SANTOS;273;SANTOS;Litoral;;0;160;11;11;;NOVOS VOTOS;NAO DIRETAMENTE COMPARAVEL: 2024 ERA MUNICIPAL
VITORIA BRASIL;233;VITORIA BRASIL;Interior;;0;161;11;11;;NOVOS VOTOS;NAO DIRETAMENTE COMPARAVEL: 2024 ERA MUNICIPAL
AMERICANA;158;AMERICANA;Interior;;0;162;10;10;;NOVOS VOTOS;NAO DIRETAMENTE COMPARAVEL: 2024 ERA MUNICIPAL
CAMPINA DO MONTE ALEGRE;215;CAMPINA DO MONTE ALEGRE;Interior;;0;163;10;10;;NOVOS VOTOS;NAO DIRETAMENTE COMPARAVEL: 2024 ERA MUNICIPAL
CAMPINAS;275;CAMPINAS;Interior;;0;164;10;10;;NOVOS VOTOS;NAO DIRETAMENTE COMPARAVEL: 2024 ERA MUNICIPAL
CAMPO LIMPO PAULISTA;344;CAMPO LIMPO PAULISTA;Interior;;0;165;10;10;;NOVOS VOTOS;NAO DIRETAMENTE COMPARAVEL: 2024 ERA MUNICIPAL
EMBU GUACU;370;EMBU GUACU;Grande SP;;0;166;10;10;;NOVOS VOTOS;NAO DIRETAMENTE COMPARAVEL: 2024 ERA MUNICIPAL
PIRAPOZINHO;261;PIRAPOZINHO;Interior;;0;167;10;10;;NOVOS VOTOS;NAO DIRETAMENTE COMPARAVEL: 2024 ERA MUNICIPAL
PRAIA GRANDE;317;PRAIA GRANDE;Litoral;;0;168;10;10;;NOVOS VOTOS;NAO DIRETAMENTE COMPARAVEL: 2024 ERA MUNICIPAL
SAO BERNARDO DO CAMPO;414;SAO BERNARDO DO CAMPO;Grande SP;;0;169;10;10;;NOVOS VOTOS;NAO DIRETAMENTE COMPARAVEL: 2024 ERA MUNICIPAL
SAO JOSE DO RIO PRETO;125;SAO JOSE DO RIO PRETO;Interior;;0;170;10;10;;NOVOS VOTOS;NAO DIRETAMENTE COMPARAVEL: 2024 ERA MUNICIPAL
COTIA;286;COTIA;Grande SP;;0;171;9;9;;NOVOS VOTOS;NAO DIRETAMENTE COMPARAVEL: 2024 ERA MUNICIPAL
IBIUNA;191;IBIUNA;Interior;;0;172;9;9;;NOVOS VOTOS;NAO DIRETAMENTE COMPARAVEL: 2024 ERA MUNICIPAL
INDAIATUBA;211;INDAIATUBA;Interior;;0;173;9;9;;NOVOS VOTOS;NAO DIRETAMENTE COMPARAVEL: 2024 ERA MUNICIPAL
ITAQUAQUECETUBA;377;ITAQUAQUECETUBA;Grande SP;;0;174;9;9;;NOVOS VOTOS;NAO DIRETAMENTE COMPARAVEL: 2024 ERA MUNICIPAL
MACEDONIA;302;MACEDONIA;Interior;;0;175;9;9;;NOVOS VOTOS;NAO DIRETAMENTE COMPARAVEL: 2024 ERA MUNICIPAL
SAO CAETANO DO SUL;269;SAO CAETANO DO SUL;Grande SP;;0;176;9;9;;NOVOS VOTOS;NAO DIRETAMENTE COMPARAVEL: 2024 ERA MUNICIPAL
BERTIOGA;272;BERTIOGA;Litoral;;0;177;8;8;;NOVOS VOTOS;NAO DIRETAMENTE COMPARAVEL: 2024 ERA MUNICIPAL
BORBOREMA;55;BORBOREMA;Interior;;0;178;8;8;;NOVOS VOTOS;NAO DIRETAMENTE COMPARAVEL: 2024 ERA MUNICIPAL
GUARUJA;212;GUARUJA;Litoral;;0;179;8;8;;NOVOS VOTOS;NAO DIRETAMENTE COMPARAVEL: 2024 ERA MUNICIPAL
GUARULHOS;394;GUARULHOS;Grande SP;;0;180;8;8;;NOVOS VOTOS;NAO DIRETAMENTE COMPARAVEL: 2024 ERA MUNICIPAL
JANDIRA;304;JANDIRA;Grande SP;;0;181;8;8;;NOVOS VOTOS;NAO DIRETAMENTE COMPARAVEL: 2024 ERA MUNICIPAL
SAO ROQUE;131;SAO ROQUE;Interior;;0;182;8;8;;NOVOS VOTOS;NAO DIRETAMENTE COMPARAVEL: 2024 ERA MUNICIPAL
SAO VICENTE;177;SAO VICENTE;Litoral;;0;183;8;8;;NOVOS VOTOS;NAO DIRETAMENTE COMPARAVEL: 2024 ERA MUNICIPAL
SERTAOZINHO;135;SERTAOZINHO;Interior;;0;184;8;8;;NOVOS VOTOS;NAO DIRETAMENTE COMPARAVEL: 2024 ERA MUNICIPAL
SOROCABA;343;SOROCABA;Interior;;0;185;8;8;;NOVOS VOTOS;NAO DIRETAMENTE COMPARAVEL: 2024 ERA MUNICIPAL
SUZANO;181;SUZANO;Grande SP;;0;186;8;8;;NOVOS VOTOS;NAO DIRETAMENTE COMPARAVEL: 2024 ERA MUNICIPAL
UBATUBA;144;UBATUBA;Litoral;;0;187;8;8;;NOVOS VOTOS;NAO DIRETAMENTE COMPARAVEL: 2024 ERA MUNICIPAL
CABREUVA;59;CABREUVA;Interior;;0;188;7;7;;NOVOS VOTOS;NAO DIRETAMENTE COMPARAVEL: 2024 ERA MUNICIPAL
CAMPINAS;33;CAMPINAS;Interior;;0;189;7;7;;NOVOS VOTOS;NAO DIRETAMENTE COMPARAVEL: 2024 ERA MUNICIPAL
JARINU;344;JARINU;Interior;;0;190;7;7;;NOVOS VOTOS;NAO DIRETAMENTE COMPARAVEL: 2024 ERA MUNICIPAL
MAUA;217;MAUA;Grande SP;;0;191;7;7;;NOVOS VOTOS;NAO DIRETAMENTE COMPARAVEL: 2024 ERA MUNICIPAL
RIBEIRAO PIRES;183;RIBEIRAO PIRES;Grande SP;;0;192;7;7;;NOVOS VOTOS;NAO DIRETAMENTE COMPARAVEL: 2024 ERA MUNICIPAL
SANTA FE DO SUL;187;SANTA FE DO SUL;Interior;;0;193;7;7;;NOVOS VOTOS;NAO DIRETAMENTE COMPARAVEL: 2024 ERA MUNICIPAL
SANTO ANDRE;156;SANTO ANDRE;Grande SP;;0;194;7;7;;NOVOS VOTOS;NAO DIRETAMENTE COMPARAVEL: 2024 ERA MUNICIPAL
SAO BERNARDO DO CAMPO;284;SAO BERNARDO DO CAMPO;Grande SP;;0;195;7;7;;NOVOS VOTOS;NAO DIRETAMENTE COMPARAVEL: 2024 ERA MUNICIPAL
SAO JOSE DOS CAMPOS;411;SAO JOSE DOS CAMPOS;Interior;;0;196;7;7;;NOVOS VOTOS;NAO DIRETAMENTE COMPARAVEL: 2024 ERA MUNICIPAL
SAO SEBASTIAO;132;SAO SEBASTIAO;Litoral;;0;197;7;7;;NOVOS VOTOS;NAO DIRETAMENTE COMPARAVEL: 2024 ERA MUNICIPAL
SERRA NEGRA;134;SERRA NEGRA;Interior;;0;198;7;7;;NOVOS VOTOS;NAO DIRETAMENTE COMPARAVEL: 2024 ERA MUNICIPAL
TUIUTI;298;TUIUTI;Interior;;0;199;7;7;;NOVOS VOTOS;NAO DIRETAMENTE COMPARAVEL: 2024 ERA MUNICIPAL
CAMPINAS;378;CAMPINAS;Interior;;0;201;6;6;;NOVOS VOTOS;NAO DIRETAMENTE COMPARAVEL: 2024 ERA MUNICIPAL
CAMPINAS;379;CAMPINAS;Interior;;0;202;6;6;;NOVOS VOTOS;NAO DIRETAMENTE COMPARAVEL: 2024 ERA MUNICIPAL
CAMPINAS;380;CAMPINAS;Interior;;0;203;6;6;;NOVOS VOTOS;NAO DIRETAMENTE COMPARAVEL: 2024 ERA MUNICIPAL
JAGUARIUNA;333;JAGUARIUNA;Interior;;0;204;6;6;;NOVOS VOTOS;NAO DIRETAMENTE COMPARAVEL: 2024 ERA MUNICIPAL
LIMEIRA;399;LIMEIRA;Interior;;0;205;6;6;;NOVOS VOTOS;NAO DIRETAMENTE COMPARAVEL: 2024 ERA MUNICIPAL
MARILIA;400;MARILIA;Interior;;0;206;6;6;;NOVOS VOTOS;NAO DIRETAMENTE COMPARAVEL: 2024 ERA MUNICIPAL
MAUA;365;MAUA;Grande SP;;0;207;6;6;;NOVOS VOTOS;NAO DIRETAMENTE COMPARAVEL: 2024 ERA MUNICIPAL
SANTA CLARA D'OESTE;187;SANTA CLARA D'OESTE;Interior;;0;200;6;6;;NOVOS VOTOS;NAO DIRETAMENTE COMPARAVEL: 2024 ERA MUNICIPAL
SANTO ANASTACIO;117;SANTO ANASTACIO;Interior;;0;208;6;6;;NOVOS VOTOS;NAO DIRETAMENTE COMPARAVEL: 2024 ERA MUNICIPAL
SAO BERNARDO DO CAMPO;283;SAO BERNARDO DO CAMPO;Grande SP;;0;209;6;6;;NOVOS VOTOS;NAO DIRETAMENTE COMPARAVEL: 2024 ERA MUNICIPAL
SAO JOAO DE IRACEMA;225;SAO JOAO DE IRACEMA;Interior;;0;210;6;6;;NOVOS VOTOS;NAO DIRETAMENTE COMPARAVEL: 2024 ERA MUNICIPAL
SAO JOSE DO RIO PRETO;268;SAO JOSE DO RIO PRETO;Interior;;0;211;6;6;;NOVOS VOTOS;NAO DIRETAMENTE COMPARAVEL: 2024 ERA MUNICIPAL
SAO LOURENCO DA SERRA;201;SAO LOURENCO DA SERRA;Grande SP;;0;212;6;6;;NOVOS VOTOS;NAO DIRETAMENTE COMPARAVEL: 2024 ERA MUNICIPAL
SOROCABA;342;SOROCABA;Interior;;0;213;6;6;;NOVOS VOTOS;NAO DIRETAMENTE COMPARAVEL: 2024 ERA MUNICIPAL
SOROCABA;356;SOROCABA;Interior;;0;214;6;6;;NOVOS VOTOS;NAO DIRETAMENTE COMPARAVEL: 2024 ERA MUNICIPAL
TAQUARITINGA;139;TAQUARITINGA;Interior;;0;215;6;6;;NOVOS VOTOS;NAO DIRETAMENTE COMPARAVEL: 2024 ERA MUNICIPAL
TAUBATE;141;TAUBATE;Interior;;0;216;6;6;;NOVOS VOTOS;NAO DIRETAMENTE COMPARAVEL: 2024 ERA MUNICIPAL
AMPARO;8;AMPARO;Interior;;0;217;5;5;;NOVOS VOTOS;NAO DIRETAMENTE COMPARAVEL: 2024 ERA MUNICIPAL
BIRITIBA MIRIM;319;BIRITIBA MIRIM;Grande SP;;0;218;5;5;;NOVOS VOTOS;NAO DIRETAMENTE COMPARAVEL: 2024 ERA MUNICIPAL
CAMPINAS;423;CAMPINAS;Interior;;0;219;5;5;;NOVOS VOTOS;NAO DIRETAMENTE COMPARAVEL: 2024 ERA MUNICIPAL
CAPELA DO ALTO;140;CAPELA DO ALTO;Interior;;0;220;5;5;;NOVOS VOTOS;NAO DIRETAMENTE COMPARAVEL: 2024 ERA MUNICIPAL
CERQUILHO;355;CERQUILHO;Interior;;0;221;5;5;;NOVOS VOTOS;NAO DIRETAMENTE COMPARAVEL: 2024 ERA MUNICIPAL
NOVA ODESSA;292;NOVA ODESSA;Interior;;0;222;5;5;;NOVOS VOTOS;NAO DIRETAMENTE COMPARAVEL: 2024 ERA MUNICIPAL
PARDINHO;26;PARDINHO;Interior;;0;223;5;5;;NOVOS VOTOS;NAO DIRETAMENTE COMPARAVEL: 2024 ERA MUNICIPAL
PEDRANOPOLIS;302;PEDRANOPOLIS;Interior;;0;224;5;5;;NOVOS VOTOS;NAO DIRETAMENTE COMPARAVEL: 2024 ERA MUNICIPAL
PIRACICABA;270;PIRACICABA;Interior;;0;225;5;5;;NOVOS VOTOS;NAO DIRETAMENTE COMPARAVEL: 2024 ERA MUNICIPAL
RIBEIRAO PRETO;305;RIBEIRAO PRETO;Interior;;0;226;5;5;;NOVOS VOTOS;NAO DIRETAMENTE COMPARAVEL: 2024 ERA MUNICIPAL
SAO JOSE DO RIO PRETO;267;SAO JOSE DO RIO PRETO;Interior;;0;227;5;5;;NOVOS VOTOS;NAO DIRETAMENTE COMPARAVEL: 2024 ERA MUNICIPAL
SAO SEBASTIAO DA GRAMA;229;SAO SEBASTIAO DA GRAMA;Interior;;0;228;5;5;;NOVOS VOTOS;NAO DIRETAMENTE COMPARAVEL: 2024 ERA MUNICIPAL
SOROCABA;271;SOROCABA;Interior;;0;229;5;5;;NOVOS VOTOS;NAO DIRETAMENTE COMPARAVEL: 2024 ERA MUNICIPAL
TUPI PAULISTA;175;TUPI PAULISTA;Interior;;0;230;5;5;;NOVOS VOTOS;NAO DIRETAMENTE COMPARAVEL: 2024 ERA MUNICIPAL
TURMALINA;233;TURMALINA;Interior;;0;231;5;5;;NOVOS VOTOS;NAO DIRETAMENTE COMPARAVEL: 2024 ERA MUNICIPAL
AGUAS DE SAO PEDRO;130;AGUAS DE SAO PEDRO;Interior;;0;232;4;4;;NOVOS VOTOS;NAO DIRETAMENTE COMPARAVEL: 2024 ERA MUNICIPAL
ASSIS;15;ASSIS;Interior;;0;233;4;4;;NOVOS VOTOS;NAO DIRETAMENTE COMPARAVEL: 2024 ERA MUNICIPAL
BRAGANCA PAULISTA;298;BRAGANCA PAULISTA;Interior;;0;234;4;4;;NOVOS VOTOS;NAO DIRETAMENTE COMPARAVEL: 2024 ERA MUNICIPAL
CESARIO LANGE;355;CESARIO LANGE;Interior;;0;235;4;4;;NOVOS VOTOS;NAO DIRETAMENTE COMPARAVEL: 2024 ERA MUNICIPAL
CUBATAO;119;CUBATAO;Litoral;;0;236;4;4;;NOVOS VOTOS;NAO DIRETAMENTE COMPARAVEL: 2024 ERA MUNICIPAL
GENERAL SALGADO;225;GENERAL SALGADO;Interior;;0;237;4;4;;NOVOS VOTOS;NAO DIRETAMENTE COMPARAVEL: 2024 ERA MUNICIPAL
ILHABELA;132;ILHABELA;Litoral;;0;238;4;4;;NOVOS VOTOS;NAO DIRETAMENTE COMPARAVEL: 2024 ERA MUNICIPAL
JABOTICABAL;61;JABOTICABAL;Interior;;0;239;4;4;;NOVOS VOTOS;NAO DIRETAMENTE COMPARAVEL: 2024 ERA MUNICIPAL
MAIRINQUE;131;MAIRINQUE;Interior;;0;240;4;4;;NOVOS VOTOS;NAO DIRETAMENTE COMPARAVEL: 2024 ERA MUNICIPAL
MAUA;339;MAUA;Grande SP;;0;241;4;4;;NOVOS VOTOS;NAO DIRETAMENTE COMPARAVEL: 2024 ERA MUNICIPAL
MOGI DAS CRUZES;319;MOGI DAS CRUZES;Grande SP;;0;242;4;4;;NOVOS VOTOS;NAO DIRETAMENTE COMPARAVEL: 2024 ERA MUNICIPAL
MOGI GUACU;216;MOGI GUACU;Interior;;0;243;4;4;;NOVOS VOTOS;NAO DIRETAMENTE COMPARAVEL: 2024 ERA MUNICIPAL
PINDAMONHANGABA;90;PINDAMONHANGABA;Interior;;0;244;4;4;;NOVOS VOTOS;NAO DIRETAMENTE COMPARAVEL: 2024 ERA MUNICIPAL
PIRACICABA;93;PIRACICABA;Interior;;0;245;4;4;;NOVOS VOTOS;NAO DIRETAMENTE COMPARAVEL: 2024 ERA MUNICIPAL
PRESIDENTE PRUDENTE;402;PRESIDENTE PRUDENTE;Interior;;0;246;4;4;;NOVOS VOTOS;NAO DIRETAMENTE COMPARAVEL: 2024 ERA MUNICIPAL
REGISTRO;172;REGISTRO;Interior;;0;247;4;4;;NOVOS VOTOS;NAO DIRETAMENTE COMPARAVEL: 2024 ERA MUNICIPAL
RIBEIRAO PRETO;108;RIBEIRAO PRETO;Interior;;0;248;4;4;;NOVOS VOTOS;NAO DIRETAMENTE COMPARAVEL: 2024 ERA MUNICIPAL
SANTO ANDRE;383;SANTO ANDRE;Grande SP;;0;249;4;4;;NOVOS VOTOS;NAO DIRETAMENTE COMPARAVEL: 2024 ERA MUNICIPAL
SANTOS;272;SANTOS;Litoral;;0;250;4;4;;NOVOS VOTOS;NAO DIRETAMENTE COMPARAVEL: 2024 ERA MUNICIPAL
SAO BERNARDO DO CAMPO;174;SAO BERNARDO DO CAMPO;Grande SP;;0;251;4;4;;NOVOS VOTOS;NAO DIRETAMENTE COMPARAVEL: 2024 ERA MUNICIPAL
SAO VICENTE;340;SAO VICENTE;Litoral;;0;252;4;4;;NOVOS VOTOS;NAO DIRETAMENTE COMPARAVEL: 2024 ERA MUNICIPAL
BOM JESUS DOS PERDOES;16;BOM JESUS DOS PERDOES;Interior;;0;253;3;3;;NOVOS VOTOS;NAO DIRETAMENTE COMPARAVEL: 2024 ERA MUNICIPAL
DIADEMA;426;DIADEMA;Grande SP;;0;254;3;3;;NOVOS VOTOS;NAO DIRETAMENTE COMPARAVEL: 2024 ERA MUNICIPAL
GUARUJA;310;GUARUJA;Litoral;;0;255;3;3;;NOVOS VOTOS;NAO DIRETAMENTE COMPARAVEL: 2024 ERA MUNICIPAL
ITAPEVA;53;ITAPEVA;Interior;;0;256;3;3;;NOVOS VOTOS;NAO DIRETAMENTE COMPARAVEL: 2024 ERA MUNICIPAL
JACAREI;396;JACAREI;Interior;;0;257;3;3;;NOVOS VOTOS;NAO DIRETAMENTE COMPARAVEL: 2024 ERA MUNICIPAL
JAU;63;JAU;Interior;;0;258;3;3;;NOVOS VOTOS;NAO DIRETAMENTE COMPARAVEL: 2024 ERA MUNICIPAL
MESOPOLIS;427;MESOPOLIS;Interior;;0;259;3;3;;NOVOS VOTOS;NAO DIRETAMENTE COMPARAVEL: 2024 ERA MUNICIPAL
MORUNGABA;58;MORUNGABA;Interior;;0;260;3;3;;NOVOS VOTOS;NAO DIRETAMENTE COMPARAVEL: 2024 ERA MUNICIPAL
QUADRA;355;QUADRA;Interior;;0;261;3;3;;NOVOS VOTOS;NAO DIRETAMENTE COMPARAVEL: 2024 ERA MUNICIPAL
RIBEIRAO PRETO;265;RIBEIRAO PRETO;Interior;;0;262;3;3;;NOVOS VOTOS;NAO DIRETAMENTE COMPARAVEL: 2024 ERA MUNICIPAL
SALES;207;SALES;Interior;;0;263;3;3;;NOVOS VOTOS;NAO DIRETAMENTE COMPARAVEL: 2024 ERA MUNICIPAL
SAO CARLOS;121;SAO CARLOS;Interior;;0;264;3;3;;NOVOS VOTOS;NAO DIRETAMENTE COMPARAVEL: 2024 ERA MUNICIPAL
SAO JOAO DAS DUAS PONTES;233;SAO JOAO DAS DUAS PONTES;Interior;;0;265;3;3;;NOVOS VOTOS;NAO DIRETAMENTE COMPARAVEL: 2024 ERA MUNICIPAL
SAO JOSE DOS CAMPOS;127;SAO JOSE DOS CAMPOS;Interior;;0;266;3;3;;NOVOS VOTOS;NAO DIRETAMENTE COMPARAVEL: 2024 ERA MUNICIPAL
SOROCABA;137;SOROCABA;Interior;;0;267;3;3;;NOVOS VOTOS;NAO DIRETAMENTE COMPARAVEL: 2024 ERA MUNICIPAL
TATUI;140;TATUI;Interior;;0;268;3;3;;NOVOS VOTOS;NAO DIRETAMENTE COMPARAVEL: 2024 ERA MUNICIPAL
TAUBATE;407;TAUBATE;Interior;;0;269;3;3;;NOVOS VOTOS;NAO DIRETAMENTE COMPARAVEL: 2024 ERA MUNICIPAL
UCHOA;312;UCHOA;Interior;;0;270;3;3;;NOVOS VOTOS;NAO DIRETAMENTE COMPARAVEL: 2024 ERA MUNICIPAL
URUPES;207;URUPES;Interior;;0;271;3;3;;NOVOS VOTOS;NAO DIRETAMENTE COMPARAVEL: 2024 ERA MUNICIPAL
AGUAS DA PRATA;122;AGUAS DA PRATA;Interior;;0;274;2;2;;NOVOS VOTOS;NAO DIRETAMENTE COMPARAVEL: 2024 ERA MUNICIPAL
ARACATUBA;299;ARACATUBA;Interior;;0;275;2;2;;NOVOS VOTOS;NAO DIRETAMENTE COMPARAVEL: 2024 ERA MUNICIPAL
ARACOIABA DA SERRA;294;ARACOIABA DA SERRA;Interior;;0;276;2;2;;NOVOS VOTOS;NAO DIRETAMENTE COMPARAVEL: 2024 ERA MUNICIPAL
ARARAQUARA;13;ARARAQUARA;Interior;;0;277;2;2;;NOVOS VOTOS;NAO DIRETAMENTE COMPARAVEL: 2024 ERA MUNICIPAL
BAURU;300;BAURU;Interior;;0;278;2;2;;NOVOS VOTOS;NAO DIRETAMENTE COMPARAVEL: 2024 ERA MUNICIPAL
BAURU;387;BAURU;Interior;;0;279;2;2;;NOVOS VOTOS;NAO DIRETAMENTE COMPARAVEL: 2024 ERA MUNICIPAL
BOITUVA;369;BOITUVA;Interior;;0;280;2;2;;NOVOS VOTOS;NAO DIRETAMENTE COMPARAVEL: 2024 ERA MUNICIPAL
BOTUCATU;26;BOTUCATU;Interior;;0;281;2;2;;NOVOS VOTOS;NAO DIRETAMENTE COMPARAVEL: 2024 ERA MUNICIPAL
BURITAMA;214;BURITAMA;Interior;;0;282;2;2;;NOVOS VOTOS;NAO DIRETAMENTE COMPARAVEL: 2024 ERA MUNICIPAL
CACHOEIRA PAULISTA;145;CACHOEIRA PAULISTA;Interior;;0;283;2;2;;NOVOS VOTOS;NAO DIRETAMENTE COMPARAVEL: 2024 ERA MUNICIPAL
CATIGUA;179;CATIGUA;Interior;;0;284;2;2;;NOVOS VOTOS;NAO DIRETAMENTE COMPARAVEL: 2024 ERA MUNICIPAL
COLINA;178;COLINA;Interior;;0;285;2;2;;NOVOS VOTOS;NAO DIRETAMENTE COMPARAVEL: 2024 ERA MUNICIPAL
COSMOPOLIS;360;COSMOPOLIS;Interior;;0;286;2;2;;NOVOS VOTOS;NAO DIRETAMENTE COMPARAVEL: 2024 ERA MUNICIPAL
DRACENA;149;DRACENA;Interior;;0;287;2;2;;NOVOS VOTOS;NAO DIRETAMENTE COMPARAVEL: 2024 ERA MUNICIPAL
ELIAS FAUSTO;358;ELIAS FAUSTO;Interior;;0;288;2;2;;NOVOS VOTOS;NAO DIRETAMENTE COMPARAVEL: 2024 ERA MUNICIPAL
GABRIEL MONTEIRO;210;GABRIEL MONTEIRO;Interior;;0;289;2;2;;NOVOS VOTOS;NAO DIRETAMENTE COMPARAVEL: 2024 ERA MUNICIPAL
GUARANI D'OESTE;302;GUARANI D'OESTE;Interior;;0;272;2;2;;NOVOS VOTOS;NAO DIRETAMENTE COMPARAVEL: 2024 ERA MUNICIPAL
GUARARAPES;151;GUARARAPES;Interior;;0;290;2;2;;NOVOS VOTOS;NAO DIRETAMENTE COMPARAVEL: 2024 ERA MUNICIPAL
GUARAREMA;319;GUARAREMA;Grande SP;;0;291;2;2;;NOVOS VOTOS;NAO DIRETAMENTE COMPARAVEL: 2024 ERA MUNICIPAL
GUARATINGUETA;48;GUARATINGUETA;Interior;;0;292;2;2;;NOVOS VOTOS;NAO DIRETAMENTE COMPARAVEL: 2024 ERA MUNICIPAL
IGARATA;115;IGARATA;Interior;;0;293;2;2;;NOVOS VOTOS;NAO DIRETAMENTE COMPARAVEL: 2024 ERA MUNICIPAL
ILHA COMPRIDA;51;ILHA COMPRIDA;Litoral;;0;294;2;2;;NOVOS VOTOS;NAO DIRETAMENTE COMPARAVEL: 2024 ERA MUNICIPAL
ITAPUI;241;ITAPUI;Interior;;0;295;2;2;;NOVOS VOTOS;NAO DIRETAMENTE COMPARAVEL: 2024 ERA MUNICIPAL
JACUPIRANGA;228;JACUPIRANGA;Interior;;0;296;2;2;;NOVOS VOTOS;NAO DIRETAMENTE COMPARAVEL: 2024 ERA MUNICIPAL
LENCOIS PAULISTA;161;LENCOIS PAULISTA;Interior;;0;297;2;2;;NOVOS VOTOS;NAO DIRETAMENTE COMPARAVEL: 2024 ERA MUNICIPAL
LINS;67;LINS;Interior;;0;298;2;2;;NOVOS VOTOS;NAO DIRETAMENTE COMPARAVEL: 2024 ERA MUNICIPAL
MACATUBA;86;MACATUBA;Interior;;0;299;2;2;;NOVOS VOTOS;NAO DIRETAMENTE COMPARAVEL: 2024 ERA MUNICIPAL
MIRACATU;218;MIRACATU;Interior;;0;300;2;2;;NOVOS VOTOS;NAO DIRETAMENTE COMPARAVEL: 2024 ERA MUNICIPAL
MONTE ALTO;76;MONTE ALTO;Interior;;0;301;2;2;;NOVOS VOTOS;NAO DIRETAMENTE COMPARAVEL: 2024 ERA MUNICIPAL
MONTE APRAZIVEL;77;MONTE APRAZIVEL;Interior;;0;302;2;2;;NOVOS VOTOS;NAO DIRETAMENTE COMPARAVEL: 2024 ERA MUNICIPAL
MONTE AZUL PAULISTA;171;MONTE AZUL PAULISTA;Interior;;0;303;2;2;;NOVOS VOTOS;NAO DIRETAMENTE COMPARAVEL: 2024 ERA MUNICIPAL
MONTE CASTELO;175;MONTE CASTELO;Interior;;0;304;2;2;;NOVOS VOTOS;NAO DIRETAMENTE COMPARAVEL: 2024 ERA MUNICIPAL
MONTEIRO LOBATO;282;MONTEIRO LOBATO;Interior;;0;305;2;2;;NOVOS VOTOS;NAO DIRETAMENTE COMPARAVEL: 2024 ERA MUNICIPAL
NEVES PAULISTA;72;NEVES PAULISTA;Interior;;0;306;2;2;;NOVOS VOTOS;NAO DIRETAMENTE COMPARAVEL: 2024 ERA MUNICIPAL
PALMARES PAULISTA;111;PALMARES PAULISTA;Interior;;0;307;2;2;;NOVOS VOTOS;NAO DIRETAMENTE COMPARAVEL: 2024 ERA MUNICIPAL
PAULICEIA;175;PAULICEIA;Interior;;0;308;2;2;;NOVOS VOTOS;NAO DIRETAMENTE COMPARAVEL: 2024 ERA MUNICIPAL
PAULINIA;323;PAULINIA;Interior;;0;309;2;2;;NOVOS VOTOS;NAO DIRETAMENTE COMPARAVEL: 2024 ERA MUNICIPAL
PAULO DE FARIA;164;PAULO DE FARIA;Interior;;0;310;2;2;;NOVOS VOTOS;NAO DIRETAMENTE COMPARAVEL: 2024 ERA MUNICIPAL
PEDRO DE TOLEDO;295;PEDRO DE TOLEDO;Interior;;0;311;2;2;;NOVOS VOTOS;NAO DIRETAMENTE COMPARAVEL: 2024 ERA MUNICIPAL
PIRAPORA DO BOM JESUS;428;PIRAPORA DO BOM JESUS;Grande SP;;0;312;2;2;;NOVOS VOTOS;NAO DIRETAMENTE COMPARAVEL: 2024 ERA MUNICIPAL
PIRATININGA;23;PIRATININGA;Interior;;0;313;2;2;;NOVOS VOTOS;NAO DIRETAMENTE COMPARAVEL: 2024 ERA MUNICIPAL
PORANGABA;140;PORANGABA;Interior;;0;314;2;2;;NOVOS VOTOS;NAO DIRETAMENTE COMPARAVEL: 2024 ERA MUNICIPAL
REGENTE FEIJO;167;REGENTE FEIJO;Interior;;0;315;2;2;;NOVOS VOTOS;NAO DIRETAMENTE COMPARAVEL: 2024 ERA MUNICIPAL
RIBEIRAO PIRES;382;RIBEIRAO PIRES;Grande SP;;0;316;2;2;;NOVOS VOTOS;NAO DIRETAMENTE COMPARAVEL: 2024 ERA MUNICIPAL
RIBEIRAO PRETO;266;RIBEIRAO PRETO;Interior;;0;317;2;2;;NOVOS VOTOS;NAO DIRETAMENTE COMPARAVEL: 2024 ERA MUNICIPAL
RIO CLARO;288;RIO CLARO;Interior;;0;318;2;2;;NOVOS VOTOS;NAO DIRETAMENTE COMPARAVEL: 2024 ERA MUNICIPAL
RIOLANDIA;164;RIOLANDIA;Interior;;0;319;2;2;;NOVOS VOTOS;NAO DIRETAMENTE COMPARAVEL: 2024 ERA MUNICIPAL
SALESOPOLIS;112;SALESOPOLIS;Grande SP;;0;320;2;2;;NOVOS VOTOS;NAO DIRETAMENTE COMPARAVEL: 2024 ERA MUNICIPAL
SANTOS;118;SANTOS;Litoral;;0;321;2;2;;NOVOS VOTOS;NAO DIRETAMENTE COMPARAVEL: 2024 ERA MUNICIPAL
SAO BERNARDO DO CAMPO;409;SAO BERNARDO DO CAMPO;Grande SP;;0;322;2;2;;NOVOS VOTOS;NAO DIRETAMENTE COMPARAVEL: 2024 ERA MUNICIPAL
SAO JOAO DO PAU D'ALHO;175;SAO JOAO DO PAU D'ALHO;Interior;;0;273;2;2;;NOVOS VOTOS;NAO DIRETAMENTE COMPARAVEL: 2024 ERA MUNICIPAL
SAO JOSE DOS CAMPOS;412;SAO JOSE DOS CAMPOS;Interior;;0;323;2;2;;NOVOS VOTOS;NAO DIRETAMENTE COMPARAVEL: 2024 ERA MUNICIPAL
SAO PEDRO;130;SAO PEDRO;Interior;;0;324;2;2;;NOVOS VOTOS;NAO DIRETAMENTE COMPARAVEL: 2024 ERA MUNICIPAL
SAO SIMAO;133;SAO SIMAO;Interior;;0;325;2;2;;NOVOS VOTOS;NAO DIRETAMENTE COMPARAVEL: 2024 ERA MUNICIPAL
SARUTAIA;234;SARUTAIA;Interior;;0;326;2;2;;NOVOS VOTOS;NAO DIRETAMENTE COMPARAVEL: 2024 ERA MUNICIPAL
SEVERINIA;80;SEVERINIA;Interior;;0;327;2;2;;NOVOS VOTOS;NAO DIRETAMENTE COMPARAVEL: 2024 ERA MUNICIPAL
UBARANA;64;UBARANA;Interior;;0;328;2;2;;NOVOS VOTOS;NAO DIRETAMENTE COMPARAVEL: 2024 ERA MUNICIPAL
VALENTIM GENTIL;147;VALENTIM GENTIL;Interior;;0;329;2;2;;NOVOS VOTOS;NAO DIRETAMENTE COMPARAVEL: 2024 ERA MUNICIPAL
ALVARES FLORENCE;147;ALVARES FLORENCE;Interior;;0;330;1;1;;NOVOS VOTOS;NAO DIRETAMENTE COMPARAVEL: 2024 ERA MUNICIPAL
AMERICO DE CAMPOS;138;AMERICO DE CAMPOS;Interior;;0;331;1;1;;NOVOS VOTOS;NAO DIRETAMENTE COMPARAVEL: 2024 ERA MUNICIPAL
ARTUR NOGUEIRA;360;ARTUR NOGUEIRA;Interior;;0;332;1;1;;NOVOS VOTOS;NAO DIRETAMENTE COMPARAVEL: 2024 ERA MUNICIPAL
BARRA BONITA;200;BARRA BONITA;Interior;;0;333;1;1;;NOVOS VOTOS;NAO DIRETAMENTE COMPARAVEL: 2024 ERA MUNICIPAL
BILAC;210;BILAC;Interior;;0;334;1;1;;NOVOS VOTOS;NAO DIRETAMENTE COMPARAVEL: 2024 ERA MUNICIPAL
BIRIGUI;25;BIRIGUI;Interior;;0;335;1;1;;NOVOS VOTOS;NAO DIRETAMENTE COMPARAVEL: 2024 ERA MUNICIPAL
BOFETE;41;BOFETE;Interior;;0;336;1;1;;NOVOS VOTOS;NAO DIRETAMENTE COMPARAVEL: 2024 ERA MUNICIPAL
CANDIDO MOTA;226;CANDIDO MOTA;Interior;;0;337;1;1;;NOVOS VOTOS;NAO DIRETAMENTE COMPARAVEL: 2024 ERA MUNICIPAL
CAPAO BONITO;37;CAPAO BONITO;Interior;;0;338;1;1;;NOVOS VOTOS;NAO DIRETAMENTE COMPARAVEL: 2024 ERA MUNICIPAL
CAPIVARI;38;CAPIVARI;Interior;;0;339;1;1;;NOVOS VOTOS;NAO DIRETAMENTE COMPARAVEL: 2024 ERA MUNICIPAL
CERQUEIRA CESAR;205;CERQUEIRA CESAR;Interior;;0;340;1;1;;NOVOS VOTOS;NAO DIRETAMENTE COMPARAVEL: 2024 ERA MUNICIPAL
CORDEIROPOLIS;243;CORDEIROPOLIS;Interior;;0;341;1;1;;NOVOS VOTOS;NAO DIRETAMENTE COMPARAVEL: 2024 ERA MUNICIPAL
COSMORAMA;138;COSMORAMA;Interior;;0;342;1;1;;NOVOS VOTOS;NAO DIRETAMENTE COMPARAVEL: 2024 ERA MUNICIPAL
DOBRADA;170;DOBRADA;Interior;;0;343;1;1;;NOVOS VOTOS;NAO DIRETAMENTE COMPARAVEL: 2024 ERA MUNICIPAL
EMILIANOPOLIS;165;EMILIANOPOLIS;Interior;;0;344;1;1;;NOVOS VOTOS;NAO DIRETAMENTE COMPARAVEL: 2024 ERA MUNICIPAL
FERNANDO PRESTES;139;FERNANDO PRESTES;Interior;;0;345;1;1;;NOVOS VOTOS;NAO DIRETAMENTE COMPARAVEL: 2024 ERA MUNICIPAL
FRANCA;46;FRANCA;Interior;;0;346;1;1;;NOVOS VOTOS;NAO DIRETAMENTE COMPARAVEL: 2024 ERA MUNICIPAL
GUARA;60;GUARA;Interior;;0;347;1;1;;NOVOS VOTOS;NAO DIRETAMENTE COMPARAVEL: 2024 ERA MUNICIPAL
GUARACI;80;GUARACI;Interior;;0;348;1;1;;NOVOS VOTOS;NAO DIRETAMENTE COMPARAVEL: 2024 ERA MUNICIPAL
GUARANTA;31;GUARANTA;Interior;;0;349;1;1;;NOVOS VOTOS;NAO DIRETAMENTE COMPARAVEL: 2024 ERA MUNICIPAL
HOLAMBRA;360;HOLAMBRA;Interior;;0;350;1;1;;NOVOS VOTOS;NAO DIRETAMENTE COMPARAVEL: 2024 ERA MUNICIPAL
IBATE;410;IBATE;Interior;;0;351;1;1;;NOVOS VOTOS;NAO DIRETAMENTE COMPARAVEL: 2024 ERA MUNICIPAL
IGARAPAVA;50;IGARAPAVA;Interior;;0;352;1;1;;NOVOS VOTOS;NAO DIRETAMENTE COMPARAVEL: 2024 ERA MUNICIPAL
INDIANA;71;INDIANA;Interior;;0;353;1;1;;NOVOS VOTOS;NAO DIRETAMENTE COMPARAVEL: 2024 ERA MUNICIPAL
IPAUSSU;114;IPAUSSU;Interior;;0;354;1;1;;NOVOS VOTOS;NAO DIRETAMENTE COMPARAVEL: 2024 ERA MUNICIPAL
IPORANGA;148;IPORANGA;Interior;;0;355;1;1;;NOVOS VOTOS;NAO DIRETAMENTE COMPARAVEL: 2024 ERA MUNICIPAL
ITAI;301;ITAI;Interior;;0;356;1;1;;NOVOS VOTOS;NAO DIRETAMENTE COMPARAVEL: 2024 ERA MUNICIPAL
ITAPETININGA;52;ITAPETININGA;Interior;;0;357;1;1;;NOVOS VOTOS;NAO DIRETAMENTE COMPARAVEL: 2024 ERA MUNICIPAL
ITIRAPINA;245;ITIRAPINA;Interior;;0;358;1;1;;NOVOS VOTOS;NAO DIRETAMENTE COMPARAVEL: 2024 ERA MUNICIPAL
JACAREI;62;JACAREI;Interior;;0;359;1;1;;NOVOS VOTOS;NAO DIRETAMENTE COMPARAVEL: 2024 ERA MUNICIPAL
JAMBEIRO;29;JAMBEIRO;Interior;;0;360;1;1;;NOVOS VOTOS;NAO DIRETAMENTE COMPARAVEL: 2024 ERA MUNICIPAL
LEME;188;LEME;Interior;;0;361;1;1;;NOVOS VOTOS;NAO DIRETAMENTE COMPARAVEL: 2024 ERA MUNICIPAL
LUCELIA;69;LUCELIA;Interior;;0;362;1;1;;NOVOS VOTOS;NAO DIRETAMENTE COMPARAVEL: 2024 ERA MUNICIPAL
MAGDA;162;MAGDA;Interior;;0;363;1;1;;NOVOS VOTOS;NAO DIRETAMENTE COMPARAVEL: 2024 ERA MUNICIPAL
MANDURI;94;MANDURI;Interior;;0;364;1;1;;NOVOS VOTOS;NAO DIRETAMENTE COMPARAVEL: 2024 ERA MUNICIPAL
MARAPOAMA;79;MARAPOAMA;Interior;;0;365;1;1;;NOVOS VOTOS;NAO DIRETAMENTE COMPARAVEL: 2024 ERA MUNICIPAL
MARILIA;70;MARILIA;Interior;;0;366;1;1;;NOVOS VOTOS;NAO DIRETAMENTE COMPARAVEL: 2024 ERA MUNICIPAL
MARINOPOLIS;232;MARINOPOLIS;Interior;;0;367;1;1;;NOVOS VOTOS;NAO DIRETAMENTE COMPARAVEL: 2024 ERA MUNICIPAL
MIGUELOPOLIS;208;MIGUELOPOLIS;Interior;;0;368;1;1;;NOVOS VOTOS;NAO DIRETAMENTE COMPARAVEL: 2024 ERA MUNICIPAL
MOGI MIRIM;75;MOGI MIRIM;Interior;;0;369;1;1;;NOVOS VOTOS;NAO DIRETAMENTE COMPARAVEL: 2024 ERA MUNICIPAL
MORRO AGUDO;336;MORRO AGUDO;Interior;;0;370;1;1;;NOVOS VOTOS;NAO DIRETAMENTE COMPARAVEL: 2024 ERA MUNICIPAL
NOVA CANAA PAULISTA;187;NOVA CANAA PAULISTA;Interior;;0;371;1;1;;NOVOS VOTOS;NAO DIRETAMENTE COMPARAVEL: 2024 ERA MUNICIPAL
OLIMPIA;80;OLIMPIA;Interior;;0;372;1;1;;NOVOS VOTOS;NAO DIRETAMENTE COMPARAVEL: 2024 ERA MUNICIPAL
OURINHOS;82;OURINHOS;Interior;;0;373;1;1;;NOVOS VOTOS;NAO DIRETAMENTE COMPARAVEL: 2024 ERA MUNICIPAL
PALMITAL;83;PALMITAL;Interior;;0;374;1;1;;NOVOS VOTOS;NAO DIRETAMENTE COMPARAVEL: 2024 ERA MUNICIPAL
PARAIBUNA;84;PARAIBUNA;Interior;;0;375;1;1;;NOVOS VOTOS;NAO DIRETAMENTE COMPARAVEL: 2024 ERA MUNICIPAL
PARANAPUA;427;PARANAPUA;Interior;;0;376;1;1;;NOVOS VOTOS;NAO DIRETAMENTE COMPARAVEL: 2024 ERA MUNICIPAL
PARIQUERA ACU;228;PARIQUERA ACU;Interior;;0;377;1;1;;NOVOS VOTOS;NAO DIRETAMENTE COMPARAVEL: 2024 ERA MUNICIPAL
PEDERNEIRAS;86;PEDERNEIRAS;Interior;;0;378;1;1;;NOVOS VOTOS;NAO DIRETAMENTE COMPARAVEL: 2024 ERA MUNICIPAL
PEDRA BELA;298;PEDRA BELA;Interior;;0;379;1;1;;NOVOS VOTOS;NAO DIRETAMENTE COMPARAVEL: 2024 ERA MUNICIPAL
PENAPOLIS;87;PENAPOLIS;Interior;;0;380;1;1;;NOVOS VOTOS;NAO DIRETAMENTE COMPARAVEL: 2024 ERA MUNICIPAL
PEREIRA BARRETO;88;PEREIRA BARRETO;Interior;;0;381;1;1;;NOVOS VOTOS;NAO DIRETAMENTE COMPARAVEL: 2024 ERA MUNICIPAL
PIEDADE;89;PIEDADE;Interior;;0;382;1;1;;NOVOS VOTOS;NAO DIRETAMENTE COMPARAVEL: 2024 ERA MUNICIPAL
PIQUETE;68;PIQUETE;Interior;;0;383;1;1;;NOVOS VOTOS;NAO DIRETAMENTE COMPARAVEL: 2024 ERA MUNICIPAL
PITANGUEIRAS;98;PITANGUEIRAS;Interior;;0;384;1;1;;NOVOS VOTOS;NAO DIRETAMENTE COMPARAVEL: 2024 ERA MUNICIPAL
PONTALINDA;152;PONTALINDA;Interior;;0;385;1;1;;NOVOS VOTOS;NAO DIRETAMENTE COMPARAVEL: 2024 ERA MUNICIPAL
PORTO FELIZ;100;PORTO FELIZ;Interior;;0;386;1;1;;NOVOS VOTOS;NAO DIRETAMENTE COMPARAVEL: 2024 ERA MUNICIPAL
PORTO FERREIRA;194;PORTO FERREIRA;Interior;;0;387;1;1;;NOVOS VOTOS;NAO DIRETAMENTE COMPARAVEL: 2024 ERA MUNICIPAL
PRESIDENTE VENCESLAU;102;PRESIDENTE VENCESLAU;Interior;;0;388;1;1;;NOVOS VOTOS;NAO DIRETAMENTE COMPARAVEL: 2024 ERA MUNICIPAL
RIBEIRA;10;RIBEIRA;Interior;;0;389;1;1;;NOVOS VOTOS;NAO DIRETAMENTE COMPARAVEL: 2024 ERA MUNICIPAL
RIO DAS PEDRAS;244;RIO DAS PEDRAS;Interior;;0;390;1;1;;NOVOS VOTOS;NAO DIRETAMENTE COMPARAVEL: 2024 ERA MUNICIPAL
ROSANA;330;ROSANA;Interior;;0;391;1;1;;NOVOS VOTOS;NAO DIRETAMENTE COMPARAVEL: 2024 ERA MUNICIPAL
SALTO DE PIRAPORA;294;SALTO DE PIRAPORA;Interior;;0;392;1;1;;NOVOS VOTOS;NAO DIRETAMENTE COMPARAVEL: 2024 ERA MUNICIPAL
SANTA ALBERTINA;427;SANTA ALBERTINA;Interior;;0;393;1;1;;NOVOS VOTOS;NAO DIRETAMENTE COMPARAVEL: 2024 ERA MUNICIPAL
SANTA CRUZ DAS PALMEIRAS;39;SANTA CRUZ DAS PALMEIRAS;Interior;;0;394;1;1;;NOVOS VOTOS;NAO DIRETAMENTE COMPARAVEL: 2024 ERA MUNICIPAL
SANTA MARIA DA SERRA;130;SANTA MARIA DA SERRA;Interior;;0;395;1;1;;NOVOS VOTOS;NAO DIRETAMENTE COMPARAVEL: 2024 ERA MUNICIPAL
SANTA ROSA DE VITERBO;133;SANTA ROSA DE VITERBO;Interior;;0;396;1;1;;NOVOS VOTOS;NAO DIRETAMENTE COMPARAVEL: 2024 ERA MUNICIPAL
SANTO ANDRE;307;SANTO ANDRE;Grande SP;;0;397;1;1;;NOVOS VOTOS;NAO DIRETAMENTE COMPARAVEL: 2024 ERA MUNICIPAL
SANTO ANTONIO DE POSSE;333;SANTO ANTONIO DE POSSE;Interior;;0;398;1;1;;NOVOS VOTOS;NAO DIRETAMENTE COMPARAVEL: 2024 ERA MUNICIPAL
SAO CARLOS;410;SAO CARLOS;Interior;;0;399;1;1;;NOVOS VOTOS;NAO DIRETAMENTE COMPARAVEL: 2024 ERA MUNICIPAL
SAO FRANCISCO;232;SAO FRANCISCO;Interior;;0;400;1;1;;NOVOS VOTOS;NAO DIRETAMENTE COMPARAVEL: 2024 ERA MUNICIPAL
SAO JOAQUIM DA BARRA;123;SAO JOAQUIM DA BARRA;Interior;;0;401;1;1;;NOVOS VOTOS;NAO DIRETAMENTE COMPARAVEL: 2024 ERA MUNICIPAL
SAO JOSE DO RIO PARDO;124;SAO JOSE DO RIO PARDO;Interior;;0;402;1;1;;NOVOS VOTOS;NAO DIRETAMENTE COMPARAVEL: 2024 ERA MUNICIPAL
SAO MIGUEL ARCANJO;318;SAO MIGUEL ARCANJO;Interior;;0;403;1;1;;NOVOS VOTOS;NAO DIRETAMENTE COMPARAVEL: 2024 ERA MUNICIPAL
SARAPUI;52;SARAPUI;Interior;;0;404;1;1;;NOVOS VOTOS;NAO DIRETAMENTE COMPARAVEL: 2024 ERA MUNICIPAL
SERRANA;109;SERRANA;Interior;;0;405;1;1;;NOVOS VOTOS;NAO DIRETAMENTE COMPARAVEL: 2024 ERA MUNICIPAL
SETE BARRAS;172;SETE BARRAS;Interior;;0;406;1;1;;NOVOS VOTOS;NAO DIRETAMENTE COMPARAVEL: 2024 ERA MUNICIPAL
SUMARE;362;SUMARE;Interior;;0;407;1;1;;NOVOS VOTOS;NAO DIRETAMENTE COMPARAVEL: 2024 ERA MUNICIPAL
TAPIRAI;89;TAPIRAI;Interior;;0;408;1;1;;NOVOS VOTOS;NAO DIRETAMENTE COMPARAVEL: 2024 ERA MUNICIPAL
TAPIRATIBA;30;TAPIRATIBA;Interior;;0;409;1;1;;NOVOS VOTOS;NAO DIRETAMENTE COMPARAVEL: 2024 ERA MUNICIPAL
TUPA;143;TUPA;Interior;;0;410;1;1;;NOVOS VOTOS;NAO DIRETAMENTE COMPARAVEL: 2024 ERA MUNICIPAL
VARGEM;298;VARGEM;Interior;;0;411;1;1;;NOVOS VOTOS;NAO DIRETAMENTE COMPARAVEL: 2024 ERA MUNICIPAL
VOTORANTIM;220;VOTORANTIM;Interior;;0;412;1;1;;NOVOS VOTOS;NAO DIRETAMENTE COMPARAVEL: 2024 ERA MUNICIPAL
ADAMANTINA;157;ADAMANTINA;Interior;;0;;0;0;;SEM VOTOS;NAO DIRETAMENTE COMPARAVEL: 2024 ERA MUNICIPAL
ADOLFO;64;ADOLFO;Interior;;0;;0;0;;SEM VOTOS;NAO DIRETAMENTE COMPARAVEL: 2024 ERA MUNICIPAL
AGUAI;122;AGUAI;Interior;;0;;0;0;;SEM VOTOS;NAO DIRETAMENTE COMPARAVEL: 2024 ERA MUNICIPAL
AGUAS DE SANTA BARBARA;205;AGUAS DE SANTA BARBARA;Interior;;0;;0;0;;SEM VOTOS;NAO DIRETAMENTE COMPARAVEL: 2024 ERA MUNICIPAL
AGUDOS;7;AGUDOS;Interior;;0;;0;0;;SEM VOTOS;NAO DIRETAMENTE COMPARAVEL: 2024 ERA MUNICIPAL
ALAMBARI;52;ALAMBARI;Interior;;0;;0;0;;SEM VOTOS;NAO DIRETAMENTE COMPARAVEL: 2024 ERA MUNICIPAL
ALFREDO MARCONDES;182;ALFREDO MARCONDES;Interior;;0;;0;0;;SEM VOTOS;NAO DIRETAMENTE COMPARAVEL: 2024 ERA MUNICIPAL
ALTAIR;80;ALTAIR;Interior;;0;;0;0;;SEM VOTOS;NAO DIRETAMENTE COMPARAVEL: 2024 ERA MUNICIPAL
ALTINOPOLIS;202;ALTINOPOLIS;Interior;;0;;0;0;;SEM VOTOS;NAO DIRETAMENTE COMPARAVEL: 2024 ERA MUNICIPAL
ALTO ALEGRE;289;ALTO ALEGRE;Interior;;0;;0;0;;SEM VOTOS;NAO DIRETAMENTE COMPARAVEL: 2024 ERA MUNICIPAL
ALUMINIO;131;ALUMINIO;Interior;;0;;0;0;;SEM VOTOS;NAO DIRETAMENTE COMPARAVEL: 2024 ERA MUNICIPAL
ALVARES MACHADO;182;ALVARES MACHADO;Interior;;0;;0;0;;SEM VOTOS;NAO DIRETAMENTE COMPARAVEL: 2024 ERA MUNICIPAL
ALVARO DE CARVALHO;47;ALVARO DE CARVALHO;Interior;;0;;0;0;;SEM VOTOS;NAO DIRETAMENTE COMPARAVEL: 2024 ERA MUNICIPAL
ALVINLANDIA;47;ALVINLANDIA;Interior;;0;;0;0;;SEM VOTOS;NAO DIRETAMENTE COMPARAVEL: 2024 ERA MUNICIPAL
AMERICO BRASILIENSE;239;AMERICO BRASILIENSE;Interior;;0;;0;0;;SEM VOTOS;NAO DIRETAMENTE COMPARAVEL: 2024 ERA MUNICIPAL
ANALANDIA;245;ANALANDIA;Interior;;0;;0;0;;SEM VOTOS;NAO DIRETAMENTE COMPARAVEL: 2024 ERA MUNICIPAL
ANDRADINA;9;ANDRADINA;Interior;;0;;0;0;;SEM VOTOS;NAO DIRETAMENTE COMPARAVEL: 2024 ERA MUNICIPAL
ANGATUBA;215;ANGATUBA;Interior;;0;;0;0;;SEM VOTOS;NAO DIRETAMENTE COMPARAVEL: 2024 ERA MUNICIPAL
ANHEMBI;41;ANHEMBI;Interior;;0;;0;0;;SEM VOTOS;NAO DIRETAMENTE COMPARAVEL: 2024 ERA MUNICIPAL
ANHUMAS;182;ANHUMAS;Interior;;0;;0;0;;SEM VOTOS;NAO DIRETAMENTE COMPARAVEL: 2024 ERA MUNICIPAL
APARECIDA;190;APARECIDA;Interior;;0;;0;0;;SEM VOTOS;NAO DIRETAMENTE COMPARAVEL: 2024 ERA MUNICIPAL
APIAI;10;APIAI;Interior;;0;;0;0;;SEM VOTOS;NAO DIRETAMENTE COMPARAVEL: 2024 ERA MUNICIPAL
ARACATUBA;11;ARACATUBA;Interior;;0;;0;0;;SEM VOTOS;NAO DIRETAMENTE COMPARAVEL: 2024 ERA MUNICIPAL
ARAMINA;50;ARAMINA;Interior;;0;;0;0;;SEM VOTOS;NAO DIRETAMENTE COMPARAVEL: 2024 ERA MUNICIPAL
ARANDU;301;ARANDU;Interior;;0;;0;0;;SEM VOTOS;NAO DIRETAMENTE COMPARAVEL: 2024 ERA MUNICIPAL
ARAPEI;18;ARAPEI;Interior;;0;;0;0;;SEM VOTOS;NAO DIRETAMENTE COMPARAVEL: 2024 ERA MUNICIPAL
ARARAQUARA;385;ARARAQUARA;Interior;;0;;0;0;;SEM VOTOS;NAO DIRETAMENTE COMPARAVEL: 2024 ERA MUNICIPAL
ARCO IRIS;143;ARCO IRIS;Interior;;0;;0;0;;SEM VOTOS;NAO DIRETAMENTE COMPARAVEL: 2024 ERA MUNICIPAL
AREALVA;300;AREALVA;Interior;;0;;0;0;;SEM VOTOS;NAO DIRETAMENTE COMPARAVEL: 2024 ERA MUNICIPAL
AREIAS;42;AREIAS;Interior;;0;;0;0;;SEM VOTOS;NAO DIRETAMENTE COMPARAVEL: 2024 ERA MUNICIPAL
AREIOPOLIS;129;AREIOPOLIS;Interior;;0;;0;0;;SEM VOTOS;NAO DIRETAMENTE COMPARAVEL: 2024 ERA MUNICIPAL
ARIRANHA;111;ARIRANHA;Interior;;0;;0;0;;SEM VOTOS;NAO DIRETAMENTE COMPARAVEL: 2024 ERA MUNICIPAL
ASPASIA;427;ASPASIA;Interior;;0;;0;0;;SEM VOTOS;NAO DIRETAMENTE COMPARAVEL: 2024 ERA MUNICIPAL
AURIFLAMA;225;AURIFLAMA;Interior;;0;;0;0;;SEM VOTOS;NAO DIRETAMENTE COMPARAVEL: 2024 ERA MUNICIPAL
AVAI;300;AVAI;Interior;;0;;0;0;;SEM VOTOS;NAO DIRETAMENTE COMPARAVEL: 2024 ERA MUNICIPAL
AVANHANDAVA;289;AVANHANDAVA;Interior;;0;;0;0;;SEM VOTOS;NAO DIRETAMENTE COMPARAVEL: 2024 ERA MUNICIPAL
BADY BASSITT;126;BADY BASSITT;Interior;;0;;0;0;;SEM VOTOS;NAO DIRETAMENTE COMPARAVEL: 2024 ERA MUNICIPAL
BALBINOS;95;BALBINOS;Interior;;0;;0;0;;SEM VOTOS;NAO DIRETAMENTE COMPARAVEL: 2024 ERA MUNICIPAL
BALSAMO;72;BALSAMO;Interior;;0;;0;0;;SEM VOTOS;NAO DIRETAMENTE COMPARAVEL: 2024 ERA MUNICIPAL
BANANAL;18;BANANAL;Interior;;0;;0;0;;SEM VOTOS;NAO DIRETAMENTE COMPARAVEL: 2024 ERA MUNICIPAL
BARAO DE ANTONINA;56;BARAO DE ANTONINA;Interior;;0;;0;0;;SEM VOTOS;NAO DIRETAMENTE COMPARAVEL: 2024 ERA MUNICIPAL
BARBOSA;289;BARBOSA;Interior;;0;;0;0;;SEM VOTOS;NAO DIRETAMENTE COMPARAVEL: 2024 ERA MUNICIPAL
BARIRI;19;BARIRI;Interior;;0;;0;0;;SEM VOTOS;NAO DIRETAMENTE COMPARAVEL: 2024 ERA MUNICIPAL
BARRA DO CHAPEU;10;BARRA DO CHAPEU;Interior;;0;;0;0;;SEM VOTOS;NAO DIRETAMENTE COMPARAVEL: 2024 ERA MUNICIPAL
BARRA DO TURVO;228;BARRA DO TURVO;Interior;;0;;0;0;;SEM VOTOS;NAO DIRETAMENTE COMPARAVEL: 2024 ERA MUNICIPAL
BARRINHA;135;BARRINHA;Interior;;0;;0;0;;SEM VOTOS;NAO DIRETAMENTE COMPARAVEL: 2024 ERA MUNICIPAL
BASTOS;184;BASTOS;Interior;;0;;0;0;;SEM VOTOS;NAO DIRETAMENTE COMPARAVEL: 2024 ERA MUNICIPAL
BATATAIS;22;BATATAIS;Interior;;0;;0;0;;SEM VOTOS;NAO DIRETAMENTE COMPARAVEL: 2024 ERA MUNICIPAL
BEBEDOURO;24;BEBEDOURO;Interior;;0;;0;0;;SEM VOTOS;NAO DIRETAMENTE COMPARAVEL: 2024 ERA MUNICIPAL
BENTO DE ABREU;146;BENTO DE ABREU;Interior;;0;;0;0;;SEM VOTOS;NAO DIRETAMENTE COMPARAVEL: 2024 ERA MUNICIPAL
BERNARDINO DE CAMPOS;114;BERNARDINO DE CAMPOS;Interior;;0;;0;0;;SEM VOTOS;NAO DIRETAMENTE COMPARAVEL: 2024 ERA MUNICIPAL
BOA ESPERANCA DO SUL;107;BOA ESPERANCA DO SUL;Interior;;0;;0;0;;SEM VOTOS;NAO DIRETAMENTE COMPARAVEL: 2024 ERA MUNICIPAL
BOCAINA;241;BOCAINA;Interior;;0;;0;0;;SEM VOTOS;NAO DIRETAMENTE COMPARAVEL: 2024 ERA MUNICIPAL
BOM SUCESSO DE ITARARE;57;BOM SUCESSO DE ITARARE;Interior;;0;;0;0;;SEM VOTOS;NAO DIRETAMENTE COMPARAVEL: 2024 ERA MUNICIPAL
BORA;12;BORA;Interior;;0;;0;0;;SEM VOTOS;NAO DIRETAMENTE COMPARAVEL: 2024 ERA MUNICIPAL
BORACEIA;86;BORACEIA;Interior;;0;;0;0;;SEM VOTOS;NAO DIRETAMENTE COMPARAVEL: 2024 ERA MUNICIPAL
BOREBI;161;BOREBI;Interior;;0;;0;0;;SEM VOTOS;NAO DIRETAMENTE COMPARAVEL: 2024 ERA MUNICIPAL
BRAUNA;289;BRAUNA;Interior;;0;;0;0;;SEM VOTOS;NAO DIRETAMENTE COMPARAVEL: 2024 ERA MUNICIPAL
BREJO ALEGRE;25;BREJO ALEGRE;Interior;;0;;0;0;;SEM VOTOS;NAO DIRETAMENTE COMPARAVEL: 2024 ERA MUNICIPAL
BRODOWSKI;204;BRODOWSKI;Interior;;0;;0;0;;SEM VOTOS;NAO DIRETAMENTE COMPARAVEL: 2024 ERA MUNICIPAL
BROTAS;28;BROTAS;Interior;;0;;0;0;;SEM VOTOS;NAO DIRETAMENTE COMPARAVEL: 2024 ERA MUNICIPAL
BURI;215;BURI;Interior;;0;;0;0;;SEM VOTOS;NAO DIRETAMENTE COMPARAVEL: 2024 ERA MUNICIPAL
BURITIZAL;50;BURITIZAL;Interior;;0;;0;0;;SEM VOTOS;NAO DIRETAMENTE COMPARAVEL: 2024 ERA MUNICIPAL
CABRALIA PAULISTA;159;CABRALIA PAULISTA;Interior;;0;;0;0;;SEM VOTOS;NAO DIRETAMENTE COMPARAVEL: 2024 ERA MUNICIPAL
CACAPAVA;29;CACAPAVA;Interior;;0;;0;0;;SEM VOTOS;NAO DIRETAMENTE COMPARAVEL: 2024 ERA MUNICIPAL
CACONDE;30;CACONDE;Interior;;0;;0;0;;SEM VOTOS;NAO DIRETAMENTE COMPARAVEL: 2024 ERA MUNICIPAL
CAIABU;71;CAIABU;Interior;;0;;0;0;;SEM VOTOS;NAO DIRETAMENTE COMPARAVEL: 2024 ERA MUNICIPAL
CAIUA;102;CAIUA;Interior;;0;;0;0;;SEM VOTOS;NAO DIRETAMENTE COMPARAVEL: 2024 ERA MUNICIPAL
CAJOBI;171;CAJOBI;Interior;;0;;0;0;;SEM VOTOS;NAO DIRETAMENTE COMPARAVEL: 2024 ERA MUNICIPAL
CAJURU;32;CAJURU;Interior;;0;;0;0;;SEM VOTOS;NAO DIRETAMENTE COMPARAVEL: 2024 ERA MUNICIPAL
CAMPOS DO JORDAO;35;CAMPOS DO JORDAO;Interior;;0;;0;0;;SEM VOTOS;NAO DIRETAMENTE COMPARAVEL: 2024 ERA MUNICIPAL
CAMPOS NOVOS PAULISTA;83;CAMPOS NOVOS PAULISTA;Interior;;0;;0;0;;SEM VOTOS;NAO DIRETAMENTE COMPARAVEL: 2024 ERA MUNICIPAL
CANANEIA;36;CANANEIA;Litoral;;0;;0;0;;SEM VOTOS;NAO DIRETAMENTE COMPARAVEL: 2024 ERA MUNICIPAL
CANAS;68;CANAS;Interior;;0;;0;0;;SEM VOTOS;NAO DIRETAMENTE COMPARAVEL: 2024 ERA MUNICIPAL
CANDIDO RODRIGUES;139;CANDIDO RODRIGUES;Interior;;0;;0;0;;SEM VOTOS;NAO DIRETAMENTE COMPARAVEL: 2024 ERA MUNICIPAL
CANITAR;313;CANITAR;Interior;;0;;0;0;;SEM VOTOS;NAO DIRETAMENTE COMPARAVEL: 2024 ERA MUNICIPAL
CASA BRANCA;39;CASA BRANCA;Interior;;0;;0;0;;SEM VOTOS;NAO DIRETAMENTE COMPARAVEL: 2024 ERA MUNICIPAL
CASSIA DOS COQUEIROS;32;CASSIA DOS COQUEIROS;Interior;;0;;0;0;;SEM VOTOS;NAO DIRETAMENTE COMPARAVEL: 2024 ERA MUNICIPAL
CASTILHO;9;CASTILHO;Interior;;0;;0;0;;SEM VOTOS;NAO DIRETAMENTE COMPARAVEL: 2024 ERA MUNICIPAL
CEDRAL;312;CEDRAL;Interior;;0;;0;0;;SEM VOTOS;NAO DIRETAMENTE COMPARAVEL: 2024 ERA MUNICIPAL
CHARQUEADA;244;CHARQUEADA;Interior;;0;;0;0;;SEM VOTOS;NAO DIRETAMENTE COMPARAVEL: 2024 ERA MUNICIPAL
CHAVANTES;313;CHAVANTES;Interior;;0;;0;0;;SEM VOTOS;NAO DIRETAMENTE COMPARAVEL: 2024 ERA MUNICIPAL
CLEMENTINA;25;CLEMENTINA;Interior;;0;;0;0;;SEM VOTOS;NAO DIRETAMENTE COMPARAVEL: 2024 ERA MUNICIPAL
COLOMBIA;21;COLOMBIA;Interior;;0;;0;0;;SEM VOTOS;NAO DIRETAMENTE COMPARAVEL: 2024 ERA MUNICIPAL
CONCHAL;75;CONCHAL;Interior;;0;;0;0;;SEM VOTOS;NAO DIRETAMENTE COMPARAVEL: 2024 ERA MUNICIPAL
CONCHAS;41;CONCHAS;Interior;;0;;0;0;;SEM VOTOS;NAO DIRETAMENTE COMPARAVEL: 2024 ERA MUNICIPAL
COROADOS;25;COROADOS;Interior;;0;;0;0;;SEM VOTOS;NAO DIRETAMENTE COMPARAVEL: 2024 ERA MUNICIPAL
CORONEL MACEDO;236;CORONEL MACEDO;Interior;;0;;0;0;;SEM VOTOS;NAO DIRETAMENTE COMPARAVEL: 2024 ERA MUNICIPAL
CORUMBATAI;245;CORUMBATAI;Interior;;0;;0;0;;SEM VOTOS;NAO DIRETAMENTE COMPARAVEL: 2024 ERA MUNICIPAL
CRAVINHOS;293;CRAVINHOS;Interior;;0;;0;0;;SEM VOTOS;NAO DIRETAMENTE COMPARAVEL: 2024 ERA MUNICIPAL
CRISTAIS PAULISTA;240;CRISTAIS PAULISTA;Interior;;0;;0;0;;SEM VOTOS;NAO DIRETAMENTE COMPARAVEL: 2024 ERA MUNICIPAL
CRUZALIA;290;CRUZALIA;Interior;;0;;0;0;;SEM VOTOS;NAO DIRETAMENTE COMPARAVEL: 2024 ERA MUNICIPAL
CRUZEIRO;42;CRUZEIRO;Interior;;0;;0;0;;SEM VOTOS;NAO DIRETAMENTE COMPARAVEL: 2024 ERA MUNICIPAL
CUNHA;43;CUNHA;Interior;;0;;0;0;;SEM VOTOS;NAO DIRETAMENTE COMPARAVEL: 2024 ERA MUNICIPAL
DESCALVADO;44;DESCALVADO;Interior;;0;;0;0;;SEM VOTOS;NAO DIRETAMENTE COMPARAVEL: 2024 ERA MUNICIPAL
DIRCE REIS;152;DIRCE REIS;Interior;;0;;0;0;;SEM VOTOS;NAO DIRETAMENTE COMPARAVEL: 2024 ERA MUNICIPAL
DIVINOLANDIA;229;DIVINOLANDIA;Interior;;0;;0;0;;SEM VOTOS;NAO DIRETAMENTE COMPARAVEL: 2024 ERA MUNICIPAL
DOIS CORREGOS;241;DOIS CORREGOS;Interior;;0;;0;0;;SEM VOTOS;NAO DIRETAMENTE COMPARAVEL: 2024 ERA MUNICIPAL
DOURADO;107;DOURADO;Interior;;0;;0;0;;SEM VOTOS;NAO DIRETAMENTE COMPARAVEL: 2024 ERA MUNICIPAL
DUARTINA;159;DUARTINA;Interior;;0;;0;0;;SEM VOTOS;NAO DIRETAMENTE COMPARAVEL: 2024 ERA MUNICIPAL
DUMONT;293;DUMONT;Interior;;0;;0;0;;SEM VOTOS;NAO DIRETAMENTE COMPARAVEL: 2024 ERA MUNICIPAL
ECHAPORA;15;ECHAPORA;Interior;;0;;0;0;;SEM VOTOS;NAO DIRETAMENTE COMPARAVEL: 2024 ERA MUNICIPAL
ELISIARIO;40;ELISIARIO;Interior;;0;;0;0;;SEM VOTOS;NAO DIRETAMENTE COMPARAVEL: 2024 ERA MUNICIPAL
EMBAUBA;171;EMBAUBA;Interior;;0;;0;0;;SEM VOTOS;NAO DIRETAMENTE COMPARAVEL: 2024 ERA MUNICIPAL
ENGENHEIRO COELHO;75;ENGENHEIRO COELHO;Interior;;0;;0;0;;SEM VOTOS;NAO DIRETAMENTE COMPARAVEL: 2024 ERA MUNICIPAL
ESPIRITO SANTO DO PINHAL;91;ESPIRITO SANTO DO PINHAL;Interior;;0;;0;0;;SEM VOTOS;NAO DIRETAMENTE COMPARAVEL: 2024 ERA MUNICIPAL
ESPIRITO SANTO DO TURVO;114;ESPIRITO SANTO DO TURVO;Interior;;0;;0;0;;SEM VOTOS;NAO DIRETAMENTE COMPARAVEL: 2024 ERA MUNICIPAL
ESTIVA GERBI;216;ESTIVA GERBI;Interior;;0;;0;0;;SEM VOTOS;NAO DIRETAMENTE COMPARAVEL: 2024 ERA MUNICIPAL
ESTRELA DO NORTE;261;ESTRELA DO NORTE;Interior;;0;;0;0;;SEM VOTOS;NAO DIRETAMENTE COMPARAVEL: 2024 ERA MUNICIPAL
EUCLIDES DA CUNHA PAULISTA;330;EUCLIDES DA CUNHA PAULISTA;Interior;;0;;0;0;;SEM VOTOS;NAO DIRETAMENTE COMPARAVEL: 2024 ERA MUNICIPAL
FARTURA;234;FARTURA;Interior;;0;;0;0;;SEM VOTOS;NAO DIRETAMENTE COMPARAVEL: 2024 ERA MUNICIPAL
FERNAO;47;FERNAO;Interior;;0;;0;0;;SEM VOTOS;NAO DIRETAMENTE COMPARAVEL: 2024 ERA MUNICIPAL
FLORA RICA;196;FLORA RICA;Interior;;0;;0;0;;SEM VOTOS;NAO DIRETAMENTE COMPARAVEL: 2024 ERA MUNICIPAL
FLOREAL;162;FLOREAL;Interior;;0;;0;0;;SEM VOTOS;NAO DIRETAMENTE COMPARAVEL: 2024 ERA MUNICIPAL
FLORIDA PAULISTA;157;FLORIDA PAULISTA;Interior;;0;;0;0;;SEM VOTOS;NAO DIRETAMENTE COMPARAVEL: 2024 ERA MUNICIPAL
FLORINEA;290;FLORINEA;Interior;;0;;0;0;;SEM VOTOS;NAO DIRETAMENTE COMPARAVEL: 2024 ERA MUNICIPAL
FRANCA;291;FRANCA;Interior;;0;;0;0;;SEM VOTOS;NAO DIRETAMENTE COMPARAVEL: 2024 ERA MUNICIPAL
GALIA;47;GALIA;Interior;;0;;0;0;;SEM VOTOS;NAO DIRETAMENTE COMPARAVEL: 2024 ERA MUNICIPAL
GARCA;47;GARCA;Interior;;0;;0;0;;SEM VOTOS;NAO DIRETAMENTE COMPARAVEL: 2024 ERA MUNICIPAL
GASTAO VIDIGAL;162;GASTAO VIDIGAL;Interior;;0;;0;0;;SEM VOTOS;NAO DIRETAMENTE COMPARAVEL: 2024 ERA MUNICIPAL
GAVIAO PEIXOTO;13;GAVIAO PEIXOTO;Interior;;0;;0;0;;SEM VOTOS;NAO DIRETAMENTE COMPARAVEL: 2024 ERA MUNICIPAL
GETULINA;297;GETULINA;Interior;;0;;0;0;;SEM VOTOS;NAO DIRETAMENTE COMPARAVEL: 2024 ERA MUNICIPAL
GLICERIO;289;GLICERIO;Interior;;0;;0;0;;SEM VOTOS;NAO DIRETAMENTE COMPARAVEL: 2024 ERA MUNICIPAL
GUAICARA;297;GUAICARA;Interior;;0;;0;0;;SEM VOTOS;NAO DIRETAMENTE COMPARAVEL: 2024 ERA MUNICIPAL
GUAIMBE;297;GUAIMBE;Interior;;0;;0;0;;SEM VOTOS;NAO DIRETAMENTE COMPARAVEL: 2024 ERA MUNICIPAL
GUAIRA;169;GUAIRA;Interior;;0;;0;0;;SEM VOTOS;NAO DIRETAMENTE COMPARAVEL: 2024 ERA MUNICIPAL
GUAPIACU;312;GUAPIACU;Interior;;0;;0;0;;SEM VOTOS;NAO DIRETAMENTE COMPARAVEL: 2024 ERA MUNICIPAL
GUAPIARA;37;GUAPIARA;Interior;;0;;0;0;;SEM VOTOS;NAO DIRETAMENTE COMPARAVEL: 2024 ERA MUNICIPAL
GUARACAI;153;GUARACAI;Interior;;0;;0;0;;SEM VOTOS;NAO DIRETAMENTE COMPARAVEL: 2024 ERA MUNICIPAL
GUAREI;140;GUAREI;Interior;;0;;0;0;;SEM VOTOS;NAO DIRETAMENTE COMPARAVEL: 2024 ERA MUNICIPAL
GUARIBA;197;GUARIBA;Interior;;0;;0;0;;SEM VOTOS;NAO DIRETAMENTE COMPARAVEL: 2024 ERA MUNICIPAL
GUATAPARA;293;GUATAPARA;Interior;;0;;0;0;;SEM VOTOS;NAO DIRETAMENTE COMPARAVEL: 2024 ERA MUNICIPAL
GUZOLANDIA;225;GUZOLANDIA;Interior;;0;;0;0;;SEM VOTOS;NAO DIRETAMENTE COMPARAVEL: 2024 ERA MUNICIPAL
HERCULANDIA;184;HERCULANDIA;Interior;;0;;0;0;;SEM VOTOS;NAO DIRETAMENTE COMPARAVEL: 2024 ERA MUNICIPAL
IACANGA;49;IACANGA;Interior;;0;;0;0;;SEM VOTOS;NAO DIRETAMENTE COMPARAVEL: 2024 ERA MUNICIPAL
IACRI;184;IACRI;Interior;;0;;0;0;;SEM VOTOS;NAO DIRETAMENTE COMPARAVEL: 2024 ERA MUNICIPAL
IARAS;205;IARAS;Interior;;0;;0;0;;SEM VOTOS;NAO DIRETAMENTE COMPARAVEL: 2024 ERA MUNICIPAL
IBIRA;179;IBIRA;Interior;;0;;0;0;;SEM VOTOS;NAO DIRETAMENTE COMPARAVEL: 2024 ERA MUNICIPAL
IBIRAREMA;83;IBIRAREMA;Interior;;0;;0;0;;SEM VOTOS;NAO DIRETAMENTE COMPARAVEL: 2024 ERA MUNICIPAL
IBITINGA;49;IBITINGA;Interior;;0;;0;0;;SEM VOTOS;NAO DIRETAMENTE COMPARAVEL: 2024 ERA MUNICIPAL
ICEM;78;ICEM;Interior;;0;;0;0;;SEM VOTOS;NAO DIRETAMENTE COMPARAVEL: 2024 ERA MUNICIPAL
IEPE;106;IEPE;Interior;;0;;0;0;;SEM VOTOS;NAO DIRETAMENTE COMPARAVEL: 2024 ERA MUNICIPAL
IGARACU DO TIETE;200;IGARACU DO TIETE;Interior;;0;;0;0;;SEM VOTOS;NAO DIRETAMENTE COMPARAVEL: 2024 ERA MUNICIPAL
IGUAPE;51;IGUAPE;Litoral;;0;;0;0;;SEM VOTOS;NAO DIRETAMENTE COMPARAVEL: 2024 ERA MUNICIPAL
ILHA SOLTEIRA;368;ILHA SOLTEIRA;Interior;;0;;0;0;;SEM VOTOS;NAO DIRETAMENTE COMPARAVEL: 2024 ERA MUNICIPAL
INUBIA PAULISTA;69;INUBIA PAULISTA;Interior;;0;;0;0;;SEM VOTOS;NAO DIRETAMENTE COMPARAVEL: 2024 ERA MUNICIPAL
IPERO;369;IPERO;Interior;;0;;0;0;;SEM VOTOS;NAO DIRETAMENTE COMPARAVEL: 2024 ERA MUNICIPAL
IPEUNA;245;IPEUNA;Interior;;0;;0;0;;SEM VOTOS;NAO DIRETAMENTE COMPARAVEL: 2024 ERA MUNICIPAL
IPIGUA;312;IPIGUA;Interior;;0;;0;0;;SEM VOTOS;NAO DIRETAMENTE COMPARAVEL: 2024 ERA MUNICIPAL
IPUA;123;IPUA;Interior;;0;;0;0;;SEM VOTOS;NAO DIRETAMENTE COMPARAVEL: 2024 ERA MUNICIPAL
IRAPUA;207;IRAPUA;Interior;;0;;0;0;;SEM VOTOS;NAO DIRETAMENTE COMPARAVEL: 2024 ERA MUNICIPAL
IRAPURU;196;IRAPURU;Interior;;0;;0;0;;SEM VOTOS;NAO DIRETAMENTE COMPARAVEL: 2024 ERA MUNICIPAL
ITABERA;236;ITABERA;Interior;;0;;0;0;;SEM VOTOS;NAO DIRETAMENTE COMPARAVEL: 2024 ERA MUNICIPAL
ITAJOBI;79;ITAJOBI;Interior;;0;;0;0;;SEM VOTOS;NAO DIRETAMENTE COMPARAVEL: 2024 ERA MUNICIPAL
ITAJU;19;ITAJU;Interior;;0;;0;0;;SEM VOTOS;NAO DIRETAMENTE COMPARAVEL: 2024 ERA MUNICIPAL
ITAOCA;10;ITAOCA;Interior;;0;;0;0;;SEM VOTOS;NAO DIRETAMENTE COMPARAVEL: 2024 ERA MUNICIPAL
ITAPIRA;54;ITAPIRA;Interior;;0;;0;0;;SEM VOTOS;NAO DIRETAMENTE COMPARAVEL: 2024 ERA MUNICIPAL
ITAPIRAPUA PAULISTA;10;ITAPIRAPUA PAULISTA;Interior;;0;;0;0;;SEM VOTOS;NAO DIRETAMENTE COMPARAVEL: 2024 ERA MUNICIPAL
ITAPOLIS;55;ITAPOLIS;Interior;;0;;0;0;;SEM VOTOS;NAO DIRETAMENTE COMPARAVEL: 2024 ERA MUNICIPAL
ITAPORANGA;56;ITAPORANGA;Interior;;0;;0;0;;SEM VOTOS;NAO DIRETAMENTE COMPARAVEL: 2024 ERA MUNICIPAL
ITAPURA;368;ITAPURA;Interior;;0;;0;0;;SEM VOTOS;NAO DIRETAMENTE COMPARAVEL: 2024 ERA MUNICIPAL
ITARARE;57;ITARARE;Interior;;0;;0;0;;SEM VOTOS;NAO DIRETAMENTE COMPARAVEL: 2024 ERA MUNICIPAL
ITARIRI;295;ITARIRI;Interior;;0;;0;0;;SEM VOTOS;NAO DIRETAMENTE COMPARAVEL: 2024 ERA MUNICIPAL
ITATINGA;26;ITATINGA;Interior;;0;;0;0;;SEM VOTOS;NAO DIRETAMENTE COMPARAVEL: 2024 ERA MUNICIPAL
ITIRAPUA;46;ITIRAPUA;Interior;;0;;0;0;;SEM VOTOS;NAO DIRETAMENTE COMPARAVEL: 2024 ERA MUNICIPAL
ITOBI;39;ITOBI;Interior;;0;;0;0;;SEM VOTOS;NAO DIRETAMENTE COMPARAVEL: 2024 ERA MUNICIPAL
ITUVERAVA;60;ITUVERAVA;Interior;;0;;0;0;;SEM VOTOS;NAO DIRETAMENTE COMPARAVEL: 2024 ERA MUNICIPAL
JABORANDI;178;JABORANDI;Interior;;0;;0;0;;SEM VOTOS;NAO DIRETAMENTE COMPARAVEL: 2024 ERA MUNICIPAL
JACI;72;JACI;Interior;;0;;0;0;;SEM VOTOS;NAO DIRETAMENTE COMPARAVEL: 2024 ERA MUNICIPAL
JARDINOPOLIS;204;JARDINOPOLIS;Interior;;0;;0;0;;SEM VOTOS;NAO DIRETAMENTE COMPARAVEL: 2024 ERA MUNICIPAL
JERIQUARA;155;JERIQUARA;Interior;;0;;0;0;;SEM VOTOS;NAO DIRETAMENTE COMPARAVEL: 2024 ERA MUNICIPAL
JOANOPOLIS;92;JOANOPOLIS;Interior;;0;;0;0;;SEM VOTOS;NAO DIRETAMENTE COMPARAVEL: 2024 ERA MUNICIPAL
JOAO RAMALHO;106;JOAO RAMALHO;Interior;;0;;0;0;;SEM VOTOS;NAO DIRETAMENTE COMPARAVEL: 2024 ERA MUNICIPAL
JOSE BONIFACIO;64;JOSE BONIFACIO;Interior;;0;;0;0;;SEM VOTOS;NAO DIRETAMENTE COMPARAVEL: 2024 ERA MUNICIPAL
JULIO MESQUITA;31;JULIO MESQUITA;Interior;;0;;0;0;;SEM VOTOS;NAO DIRETAMENTE COMPARAVEL: 2024 ERA MUNICIPAL
JUMIRIM;142;JUMIRIM;Interior;;0;;0;0;;SEM VOTOS;NAO DIRETAMENTE COMPARAVEL: 2024 ERA MUNICIPAL
JUNQUEIROPOLIS;196;JUNQUEIROPOLIS;Interior;;0;;0;0;;SEM VOTOS;NAO DIRETAMENTE COMPARAVEL: 2024 ERA MUNICIPAL
JUQUIA;223;JUQUIA;Interior;;0;;0;0;;SEM VOTOS;NAO DIRETAMENTE COMPARAVEL: 2024 ERA MUNICIPAL
LAGOINHA;128;LAGOINHA;Interior;;0;;0;0;;SEM VOTOS;NAO DIRETAMENTE COMPARAVEL: 2024 ERA MUNICIPAL
LARANJAL PAULISTA;142;LARANJAL PAULISTA;Interior;;0;;0;0;;SEM VOTOS;NAO DIRETAMENTE COMPARAVEL: 2024 ERA MUNICIPAL
LAVINIA;146;LAVINIA;Interior;;0;;0;0;;SEM VOTOS;NAO DIRETAMENTE COMPARAVEL: 2024 ERA MUNICIPAL
LAVRINHAS;42;LAVRINHAS;Interior;;0;;0;0;;SEM VOTOS;NAO DIRETAMENTE COMPARAVEL: 2024 ERA MUNICIPAL
LINDOIA;134;LINDOIA;Interior;;0;;0;0;;SEM VOTOS;NAO DIRETAMENTE COMPARAVEL: 2024 ERA MUNICIPAL
LORENA;68;LORENA;Interior;;0;;0;0;;SEM VOTOS;NAO DIRETAMENTE COMPARAVEL: 2024 ERA MUNICIPAL
LOURDES;214;LOURDES;Interior;;0;;0;0;;SEM VOTOS;NAO DIRETAMENTE COMPARAVEL: 2024 ERA MUNICIPAL
LUCIANOPOLIS;159;LUCIANOPOLIS;Interior;;0;;0;0;;SEM VOTOS;NAO DIRETAMENTE COMPARAVEL: 2024 ERA MUNICIPAL
LUIS ANTONIO;133;LUIS ANTONIO;Interior;;0;;0;0;;SEM VOTOS;NAO DIRETAMENTE COMPARAVEL: 2024 ERA MUNICIPAL
LUIZIANIA;289;LUIZIANIA;Interior;;0;;0;0;;SEM VOTOS;NAO DIRETAMENTE COMPARAVEL: 2024 ERA MUNICIPAL
LUPERCIO;180;LUPERCIO;Interior;;0;;0;0;;SEM VOTOS;NAO DIRETAMENTE COMPARAVEL: 2024 ERA MUNICIPAL
LUTECIA;12;LUTECIA;Interior;;0;;0;0;;SEM VOTOS;NAO DIRETAMENTE COMPARAVEL: 2024 ERA MUNICIPAL
MACAUBAL;77;MACAUBAL;Interior;;0;;0;0;;SEM VOTOS;NAO DIRETAMENTE COMPARAVEL: 2024 ERA MUNICIPAL
MARABA PAULISTA;102;MARABA PAULISTA;Interior;;0;;0;0;;SEM VOTOS;NAO DIRETAMENTE COMPARAVEL: 2024 ERA MUNICIPAL
MARACAI;290;MARACAI;Interior;;0;;0;0;;SEM VOTOS;NAO DIRETAMENTE COMPARAVEL: 2024 ERA MUNICIPAL
MARIAPOLIS;157;MARIAPOLIS;Interior;;0;;0;0;;SEM VOTOS;NAO DIRETAMENTE COMPARAVEL: 2024 ERA MUNICIPAL
MATAO;170;MATAO;Interior;;0;;0;0;;SEM VOTOS;NAO DIRETAMENTE COMPARAVEL: 2024 ERA MUNICIPAL
MENDONCA;64;MENDONCA;Interior;;0;;0;0;;SEM VOTOS;NAO DIRETAMENTE COMPARAVEL: 2024 ERA MUNICIPAL
MINEIROS DO TIETE;241;MINEIROS DO TIETE;Interior;;0;;0;0;;SEM VOTOS;NAO DIRETAMENTE COMPARAVEL: 2024 ERA MUNICIPAL
MIRANDOPOLIS;153;MIRANDOPOLIS;Interior;;0;;0;0;;SEM VOTOS;NAO DIRETAMENTE COMPARAVEL: 2024 ERA MUNICIPAL
MIRANTE DO PARANAPANEMA;165;MIRANTE DO PARANAPANEMA;Interior;;0;;0;0;;SEM VOTOS;NAO DIRETAMENTE COMPARAVEL: 2024 ERA MUNICIPAL
MIRASSOL;72;MIRASSOL;Interior;;0;;0;0;;SEM VOTOS;NAO DIRETAMENTE COMPARAVEL: 2024 ERA MUNICIPAL
MIRASSOLANDIA;72;MIRASSOLANDIA;Interior;;0;;0;0;;SEM VOTOS;NAO DIRETAMENTE COMPARAVEL: 2024 ERA MUNICIPAL
MOCOCA;73;MOCOCA;Interior;;0;;0;0;;SEM VOTOS;NAO DIRETAMENTE COMPARAVEL: 2024 ERA MUNICIPAL
MOMBUCA;38;MOMBUCA;Interior;;0;;0;0;;SEM VOTOS;NAO DIRETAMENTE COMPARAVEL: 2024 ERA MUNICIPAL
MONCOES;162;MONCOES;Interior;;0;;0;0;;SEM VOTOS;NAO DIRETAMENTE COMPARAVEL: 2024 ERA MUNICIPAL
MONTE ALEGRE DO SUL;8;MONTE ALEGRE DO SUL;Interior;;0;;0;0;;SEM VOTOS;NAO DIRETAMENTE COMPARAVEL: 2024 ERA MUNICIPAL
MOTUCA;239;MOTUCA;Interior;;0;;0;0;;SEM VOTOS;NAO DIRETAMENTE COMPARAVEL: 2024 ERA MUNICIPAL
MURUTINGA DO SUL;9;MURUTINGA DO SUL;Interior;;0;;0;0;;SEM VOTOS;NAO DIRETAMENTE COMPARAVEL: 2024 ERA MUNICIPAL
NANTES;167;NANTES;Interior;;0;;0;0;;SEM VOTOS;NAO DIRETAMENTE COMPARAVEL: 2024 ERA MUNICIPAL
NARANDIBA;261;NARANDIBA;Interior;;0;;0;0;;SEM VOTOS;NAO DIRETAMENTE COMPARAVEL: 2024 ERA MUNICIPAL
NATIVIDADE DA SERRA;84;NATIVIDADE DA SERRA;Interior;;0;;0;0;;SEM VOTOS;NAO DIRETAMENTE COMPARAVEL: 2024 ERA MUNICIPAL
NHANDEARA;162;NHANDEARA;Interior;;0;;0;0;;SEM VOTOS;NAO DIRETAMENTE COMPARAVEL: 2024 ERA MUNICIPAL
NIPOA;77;NIPOA;Interior;;0;;0;0;;SEM VOTOS;NAO DIRETAMENTE COMPARAVEL: 2024 ERA MUNICIPAL
NOVA ALIANCA;126;NOVA ALIANCA;Interior;;0;;0;0;;SEM VOTOS;NAO DIRETAMENTE COMPARAVEL: 2024 ERA MUNICIPAL
NOVA CAMPINA;53;NOVA CAMPINA;Interior;;0;;0;0;;SEM VOTOS;NAO DIRETAMENTE COMPARAVEL: 2024 ERA MUNICIPAL
NOVA CASTILHO;225;NOVA CASTILHO;Interior;;0;;0;0;;SEM VOTOS;NAO DIRETAMENTE COMPARAVEL: 2024 ERA MUNICIPAL
NOVA EUROPA;13;NOVA EUROPA;Interior;;0;;0;0;;SEM VOTOS;NAO DIRETAMENTE COMPARAVEL: 2024 ERA MUNICIPAL
NOVA GRANADA;78;NOVA GRANADA;Interior;;0;;0;0;;SEM VOTOS;NAO DIRETAMENTE COMPARAVEL: 2024 ERA MUNICIPAL
NOVA GUATAPORANGA;175;NOVA GUATAPORANGA;Interior;;0;;0;0;;SEM VOTOS;NAO DIRETAMENTE COMPARAVEL: 2024 ERA MUNICIPAL
NOVA INDEPENDENCIA;9;NOVA INDEPENDENCIA;Interior;;0;;0;0;;SEM VOTOS;NAO DIRETAMENTE COMPARAVEL: 2024 ERA MUNICIPAL
NOVA LUZITANIA;162;NOVA LUZITANIA;Interior;;0;;0;0;;SEM VOTOS;NAO DIRETAMENTE COMPARAVEL: 2024 ERA MUNICIPAL
NOVAIS;179;NOVAIS;Interior;;0;;0;0;;SEM VOTOS;NAO DIRETAMENTE COMPARAVEL: 2024 ERA MUNICIPAL
NOVO HORIZONTE;79;NOVO HORIZONTE;Interior;;0;;0;0;;SEM VOTOS;NAO DIRETAMENTE COMPARAVEL: 2024 ERA MUNICIPAL
NUPORANGA;81;NUPORANGA;Interior;;0;;0;0;;SEM VOTOS;NAO DIRETAMENTE COMPARAVEL: 2024 ERA MUNICIPAL
OCAUCU;180;OCAUCU;Interior;;0;;0;0;;SEM VOTOS;NAO DIRETAMENTE COMPARAVEL: 2024 ERA MUNICIPAL
OLEO;94;OLEO;Interior;;0;;0;0;;SEM VOTOS;NAO DIRETAMENTE COMPARAVEL: 2024 ERA MUNICIPAL
ONDA VERDE;78;ONDA VERDE;Interior;;0;;0;0;;SEM VOTOS;NAO DIRETAMENTE COMPARAVEL: 2024 ERA MUNICIPAL
ORIENTE;180;ORIENTE;Interior;;0;;0;0;;SEM VOTOS;NAO DIRETAMENTE COMPARAVEL: 2024 ERA MUNICIPAL
ORINDIUVA;164;ORINDIUVA;Interior;;0;;0;0;;SEM VOTOS;NAO DIRETAMENTE COMPARAVEL: 2024 ERA MUNICIPAL
ORLANDIA;81;ORLANDIA;Interior;;0;;0;0;;SEM VOTOS;NAO DIRETAMENTE COMPARAVEL: 2024 ERA MUNICIPAL
OSCAR BRESSANE;12;OSCAR BRESSANE;Interior;;0;;0;0;;SEM VOTOS;NAO DIRETAMENTE COMPARAVEL: 2024 ERA MUNICIPAL
OSVALDO CRUZ;163;OSVALDO CRUZ;Interior;;0;;0;0;;SEM VOTOS;NAO DIRETAMENTE COMPARAVEL: 2024 ERA MUNICIPAL
OURO VERDE;149;OURO VERDE;Interior;;0;;0;0;;SEM VOTOS;NAO DIRETAMENTE COMPARAVEL: 2024 ERA MUNICIPAL
PACAEMBU;196;PACAEMBU;Interior;;0;;0;0;;SEM VOTOS;NAO DIRETAMENTE COMPARAVEL: 2024 ERA MUNICIPAL
PALESTINA;224;PALESTINA;Interior;;0;;0;0;;SEM VOTOS;NAO DIRETAMENTE COMPARAVEL: 2024 ERA MUNICIPAL
PALMEIRA D'OESTE;232;PALMEIRA D'OESTE;Interior;;0;;0;0;;SEM VOTOS;NAO DIRETAMENTE COMPARAVEL: 2024 ERA MUNICIPAL
PANORAMA;175;PANORAMA;Interior;;0;;0;0;;SEM VOTOS;NAO DIRETAMENTE COMPARAVEL: 2024 ERA MUNICIPAL
PARAGUACU PAULISTA;12;PARAGUACU PAULISTA;Interior;;0;;0;0;;SEM VOTOS;NAO DIRETAMENTE COMPARAVEL: 2024 ERA MUNICIPAL
PARAISO;171;PARAISO;Interior;;0;;0;0;;SEM VOTOS;NAO DIRETAMENTE COMPARAVEL: 2024 ERA MUNICIPAL
PARANAPANEMA;301;PARANAPANEMA;Interior;;0;;0;0;;SEM VOTOS;NAO DIRETAMENTE COMPARAVEL: 2024 ERA MUNICIPAL
PARAPUA;163;PARAPUA;Interior;;0;;0;0;;SEM VOTOS;NAO DIRETAMENTE COMPARAVEL: 2024 ERA MUNICIPAL
PARISI;147;PARISI;Interior;;0;;0;0;;SEM VOTOS;NAO DIRETAMENTE COMPARAVEL: 2024 ERA MUNICIPAL
PATROCINIO PAULISTA;46;PATROCINIO PAULISTA;Interior;;0;;0;0;;SEM VOTOS;NAO DIRETAMENTE COMPARAVEL: 2024 ERA MUNICIPAL
PAULISTANIA;7;PAULISTANIA;Interior;;0;;0;0;;SEM VOTOS;NAO DIRETAMENTE COMPARAVEL: 2024 ERA MUNICIPAL
PEDREGULHO;155;PEDREGULHO;Interior;;0;;0;0;;SEM VOTOS;NAO DIRETAMENTE COMPARAVEL: 2024 ERA MUNICIPAL
PEDREIRA;333;PEDREIRA;Interior;;0;;0;0;;SEM VOTOS;NAO DIRETAMENTE COMPARAVEL: 2024 ERA MUNICIPAL
PEDRINHAS PAULISTA;290;PEDRINHAS PAULISTA;Interior;;0;;0;0;;SEM VOTOS;NAO DIRETAMENTE COMPARAVEL: 2024 ERA MUNICIPAL
PEREIRAS;41;PEREIRAS;Interior;;0;;0;0;;SEM VOTOS;NAO DIRETAMENTE COMPARAVEL: 2024 ERA MUNICIPAL
PIACATU;210;PIACATU;Interior;;0;;0;0;;SEM VOTOS;NAO DIRETAMENTE COMPARAVEL: 2024 ERA MUNICIPAL
PILAR DO SUL;318;PILAR DO SUL;Interior;;0;;0;0;;SEM VOTOS;NAO DIRETAMENTE COMPARAVEL: 2024 ERA MUNICIPAL
PINDORAMA;111;PINDORAMA;Interior;;0;;0;0;;SEM VOTOS;NAO DIRETAMENTE COMPARAVEL: 2024 ERA MUNICIPAL
PIQUEROBI;117;PIQUEROBI;Interior;;0;;0;0;;SEM VOTOS;NAO DIRETAMENTE COMPARAVEL: 2024 ERA MUNICIPAL
PIRACICABA;244;PIRACICABA;Interior;;0;;0;0;;SEM VOTOS;NAO DIRETAMENTE COMPARAVEL: 2024 ERA MUNICIPAL
PIRAJU;94;PIRAJU;Interior;;0;;0;0;;SEM VOTOS;NAO DIRETAMENTE COMPARAVEL: 2024 ERA MUNICIPAL
PIRAJUI;95;PIRAJUI;Interior;;0;;0;0;;SEM VOTOS;NAO DIRETAMENTE COMPARAVEL: 2024 ERA MUNICIPAL
PIRANGI;76;PIRANGI;Interior;;0;;0;0;;SEM VOTOS;NAO DIRETAMENTE COMPARAVEL: 2024 ERA MUNICIPAL
PLANALTO;214;PLANALTO;Interior;;0;;0;0;;SEM VOTOS;NAO DIRETAMENTE COMPARAVEL: 2024 ERA MUNICIPAL
PLATINA;83;PLATINA;Interior;;0;;0;0;;SEM VOTOS;NAO DIRETAMENTE COMPARAVEL: 2024 ERA MUNICIPAL
POLONI;77;POLONI;Interior;;0;;0;0;;SEM VOTOS;NAO DIRETAMENTE COMPARAVEL: 2024 ERA MUNICIPAL
POMPEIA;99;POMPEIA;Interior;;0;;0;0;;SEM VOTOS;NAO DIRETAMENTE COMPARAVEL: 2024 ERA MUNICIPAL
PONGAI;95;PONGAI;Interior;;0;;0;0;;SEM VOTOS;NAO DIRETAMENTE COMPARAVEL: 2024 ERA MUNICIPAL
PONTAL;135;PONTAL;Interior;;0;;0;0;;SEM VOTOS;NAO DIRETAMENTE COMPARAVEL: 2024 ERA MUNICIPAL
PONTES GESTAL;224;PONTES GESTAL;Interior;;0;;0;0;;SEM VOTOS;NAO DIRETAMENTE COMPARAVEL: 2024 ERA MUNICIPAL
POTIM;190;POTIM;Interior;;0;;0;0;;SEM VOTOS;NAO DIRETAMENTE COMPARAVEL: 2024 ERA MUNICIPAL
POTIRENDABA;126;POTIRENDABA;Interior;;0;;0;0;;SEM VOTOS;NAO DIRETAMENTE COMPARAVEL: 2024 ERA MUNICIPAL
PRACINHA;69;PRACINHA;Interior;;0;;0;0;;SEM VOTOS;NAO DIRETAMENTE COMPARAVEL: 2024 ERA MUNICIPAL
PRADOPOLIS;197;PRADOPOLIS;Interior;;0;;0;0;;SEM VOTOS;NAO DIRETAMENTE COMPARAVEL: 2024 ERA MUNICIPAL
PRATANIA;129;PRATANIA;Interior;;0;;0;0;;SEM VOTOS;NAO DIRETAMENTE COMPARAVEL: 2024 ERA MUNICIPAL
PRESIDENTE ALVES;95;PRESIDENTE ALVES;Interior;;0;;0;0;;SEM VOTOS;NAO DIRETAMENTE COMPARAVEL: 2024 ERA MUNICIPAL
PRESIDENTE BERNARDES;165;PRESIDENTE BERNARDES;Interior;;0;;0;0;;SEM VOTOS;NAO DIRETAMENTE COMPARAVEL: 2024 ERA MUNICIPAL
PRESIDENTE EPITACIO;195;PRESIDENTE EPITACIO;Interior;;0;;0;0;;SEM VOTOS;NAO DIRETAMENTE COMPARAVEL: 2024 ERA MUNICIPAL
PRESIDENTE PRUDENTE;101;PRESIDENTE PRUDENTE;Interior;;0;;0;0;;SEM VOTOS;NAO DIRETAMENTE COMPARAVEL: 2024 ERA MUNICIPAL
PROMISSAO;103;PROMISSAO;Interior;;0;;0;0;;SEM VOTOS;NAO DIRETAMENTE COMPARAVEL: 2024 ERA MUNICIPAL
QUATA;106;QUATA;Interior;;0;;0;0;;SEM VOTOS;NAO DIRETAMENTE COMPARAVEL: 2024 ERA MUNICIPAL
QUEIROZ;99;QUEIROZ;Interior;;0;;0;0;;SEM VOTOS;NAO DIRETAMENTE COMPARAVEL: 2024 ERA MUNICIPAL
QUELUZ;42;QUELUZ;Interior;;0;;0;0;;SEM VOTOS;NAO DIRETAMENTE COMPARAVEL: 2024 ERA MUNICIPAL
QUINTANA;99;QUINTANA;Interior;;0;;0;0;;SEM VOTOS;NAO DIRETAMENTE COMPARAVEL: 2024 ERA MUNICIPAL
RAFARD;38;RAFARD;Interior;;0;;0;0;;SEM VOTOS;NAO DIRETAMENTE COMPARAVEL: 2024 ERA MUNICIPAL
RANCHARIA;106;RANCHARIA;Interior;;0;;0;0;;SEM VOTOS;NAO DIRETAMENTE COMPARAVEL: 2024 ERA MUNICIPAL
REDENCAO DA SERRA;128;REDENCAO DA SERRA;Interior;;0;;0;0;;SEM VOTOS;NAO DIRETAMENTE COMPARAVEL: 2024 ERA MUNICIPAL
REGINOPOLIS;95;REGINOPOLIS;Interior;;0;;0;0;;SEM VOTOS;NAO DIRETAMENTE COMPARAVEL: 2024 ERA MUNICIPAL
RESTINGA;240;RESTINGA;Interior;;0;;0;0;;SEM VOTOS;NAO DIRETAMENTE COMPARAVEL: 2024 ERA MUNICIPAL
RIBEIRAO BONITO;107;RIBEIRAO BONITO;Interior;;0;;0;0;;SEM VOTOS;NAO DIRETAMENTE COMPARAVEL: 2024 ERA MUNICIPAL
RIBEIRAO BRANCO;53;RIBEIRAO BRANCO;Interior;;0;;0;0;;SEM VOTOS;NAO DIRETAMENTE COMPARAVEL: 2024 ERA MUNICIPAL
RIBEIRAO CORRENTE;240;RIBEIRAO CORRENTE;Interior;;0;;0;0;;SEM VOTOS;NAO DIRETAMENTE COMPARAVEL: 2024 ERA MUNICIPAL
RIBEIRAO DO SUL;313;RIBEIRAO DO SUL;Interior;;0;;0;0;;SEM VOTOS;NAO DIRETAMENTE COMPARAVEL: 2024 ERA MUNICIPAL
RIBEIRAO DOS INDIOS;117;RIBEIRAO DOS INDIOS;Interior;;0;;0;0;;SEM VOTOS;NAO DIRETAMENTE COMPARAVEL: 2024 ERA MUNICIPAL
RIBEIRAO GRANDE;37;RIBEIRAO GRANDE;Interior;;0;;0;0;;SEM VOTOS;NAO DIRETAMENTE COMPARAVEL: 2024 ERA MUNICIPAL
RIFAINA;155;RIFAINA;Interior;;0;;0;0;;SEM VOTOS;NAO DIRETAMENTE COMPARAVEL: 2024 ERA MUNICIPAL
RINCAO;239;RINCAO;Interior;;0;;0;0;;SEM VOTOS;NAO DIRETAMENTE COMPARAVEL: 2024 ERA MUNICIPAL
RINOPOLIS;210;RINOPOLIS;Interior;;0;;0;0;;SEM VOTOS;NAO DIRETAMENTE COMPARAVEL: 2024 ERA MUNICIPAL
RIVERSUL;56;RIVERSUL;Interior;;0;;0;0;;SEM VOTOS;NAO DIRETAMENTE COMPARAVEL: 2024 ERA MUNICIPAL
ROSEIRA;190;ROSEIRA;Interior;;0;;0;0;;SEM VOTOS;NAO DIRETAMENTE COMPARAVEL: 2024 ERA MUNICIPAL
RUBIACEA;151;RUBIACEA;Interior;;0;;0;0;;SEM VOTOS;NAO DIRETAMENTE COMPARAVEL: 2024 ERA MUNICIPAL
RUBINEIA;187;RUBINEIA;Interior;;0;;0;0;;SEM VOTOS;NAO DIRETAMENTE COMPARAVEL: 2024 ERA MUNICIPAL
SABINO;297;SABINO;Interior;;0;;0;0;;SEM VOTOS;NAO DIRETAMENTE COMPARAVEL: 2024 ERA MUNICIPAL
SAGRES;163;SAGRES;Interior;;0;;0;0;;SEM VOTOS;NAO DIRETAMENTE COMPARAVEL: 2024 ERA MUNICIPAL
SALES OLIVEIRA;81;SALES OLIVEIRA;Interior;;0;;0;0;;SEM VOTOS;NAO DIRETAMENTE COMPARAVEL: 2024 ERA MUNICIPAL
SALMOURAO;69;SALMOURAO;Interior;;0;;0;0;;SEM VOTOS;NAO DIRETAMENTE COMPARAVEL: 2024 ERA MUNICIPAL
SALTINHO;270;SALTINHO;Interior;;0;;0;0;;SEM VOTOS;NAO DIRETAMENTE COMPARAVEL: 2024 ERA MUNICIPAL
SALTO;221;SALTO;Interior;;0;;0;0;;SEM VOTOS;NAO DIRETAMENTE COMPARAVEL: 2024 ERA MUNICIPAL
SALTO GRANDE;313;SALTO GRANDE;Interior;;0;;0;0;;SEM VOTOS;NAO DIRETAMENTE COMPARAVEL: 2024 ERA MUNICIPAL
SANDOVALINA;261;SANDOVALINA;Interior;;0;;0;0;;SEM VOTOS;NAO DIRETAMENTE COMPARAVEL: 2024 ERA MUNICIPAL
SANTA ADELIA;111;SANTA ADELIA;Interior;;0;;0;0;;SEM VOTOS;NAO DIRETAMENTE COMPARAVEL: 2024 ERA MUNICIPAL
SANTA BRANCA;112;SANTA BRANCA;Interior;;0;;0;0;;SEM VOTOS;NAO DIRETAMENTE COMPARAVEL: 2024 ERA MUNICIPAL
SANTA CRUZ DA CONCEICAO;188;SANTA CRUZ DA CONCEICAO;Interior;;0;;0;0;;SEM VOTOS;NAO DIRETAMENTE COMPARAVEL: 2024 ERA MUNICIPAL
SANTA CRUZ DA ESPERANCA;32;SANTA CRUZ DA ESPERANCA;Interior;;0;;0;0;;SEM VOTOS;NAO DIRETAMENTE COMPARAVEL: 2024 ERA MUNICIPAL
SANTA CRUZ DO RIO PARDO;114;SANTA CRUZ DO RIO PARDO;Interior;;0;;0;0;;SEM VOTOS;NAO DIRETAMENTE COMPARAVEL: 2024 ERA MUNICIPAL
SANTA ERNESTINA;139;SANTA ERNESTINA;Interior;;0;;0;0;;SEM VOTOS;NAO DIRETAMENTE COMPARAVEL: 2024 ERA MUNICIPAL
SANTA GERTRUDES;243;SANTA GERTRUDES;Interior;;0;;0;0;;SEM VOTOS;NAO DIRETAMENTE COMPARAVEL: 2024 ERA MUNICIPAL
SANTA LUCIA;239;SANTA LUCIA;Interior;;0;;0;0;;SEM VOTOS;NAO DIRETAMENTE COMPARAVEL: 2024 ERA MUNICIPAL
SANTA MERCEDES;175;SANTA MERCEDES;Interior;;0;;0;0;;SEM VOTOS;NAO DIRETAMENTE COMPARAVEL: 2024 ERA MUNICIPAL
SANTA RITA D'OESTE;187;SANTA RITA D'OESTE;Interior;;0;;0;0;;SEM VOTOS;NAO DIRETAMENTE COMPARAVEL: 2024 ERA MUNICIPAL
SANTA RITA DO PASSA QUATRO;116;SANTA RITA DO PASSA QUATRO;Interior;;0;;0;0;;SEM VOTOS;NAO DIRETAMENTE COMPARAVEL: 2024 ERA MUNICIPAL
SANTA SALETE;427;SANTA SALETE;Interior;;0;;0;0;;SEM VOTOS;NAO DIRETAMENTE COMPARAVEL: 2024 ERA MUNICIPAL
SANTANA DA PONTE PENSA;187;SANTANA DA PONTE PENSA;Interior;;0;;0;0;;SEM VOTOS;NAO DIRETAMENTE COMPARAVEL: 2024 ERA MUNICIPAL
SANTO ANTONIO DA ALEGRIA;202;SANTO ANTONIO DA ALEGRIA;Interior;;0;;0;0;;SEM VOTOS;NAO DIRETAMENTE COMPARAVEL: 2024 ERA MUNICIPAL
SANTO ANTONIO DO ARACANGUA;299;SANTO ANTONIO DO ARACANGUA;Interior;;0;;0;0;;SEM VOTOS;NAO DIRETAMENTE COMPARAVEL: 2024 ERA MUNICIPAL
SANTO ANTONIO DO JARDIM;91;SANTO ANTONIO DO JARDIM;Interior;;0;;0;0;;SEM VOTOS;NAO DIRETAMENTE COMPARAVEL: 2024 ERA MUNICIPAL
SANTO ANTONIO DO PINHAL;314;SANTO ANTONIO DO PINHAL;Interior;;0;;0;0;;SEM VOTOS;NAO DIRETAMENTE COMPARAVEL: 2024 ERA MUNICIPAL
SANTO EXPEDITO;182;SANTO EXPEDITO;Interior;;0;;0;0;;SEM VOTOS;NAO DIRETAMENTE COMPARAVEL: 2024 ERA MUNICIPAL
SANTOPOLIS DO AGUAPEI;25;SANTOPOLIS DO AGUAPEI;Interior;;0;;0;0;;SEM VOTOS;NAO DIRETAMENTE COMPARAVEL: 2024 ERA MUNICIPAL
SAO BENTO DO SAPUCAI;314;SAO BENTO DO SAPUCAI;Interior;;0;;0;0;;SEM VOTOS;NAO DIRETAMENTE COMPARAVEL: 2024 ERA MUNICIPAL
SAO JOAO DA BOA VISTA;122;SAO JOAO DA BOA VISTA;Interior;;0;;0;0;;SEM VOTOS;NAO DIRETAMENTE COMPARAVEL: 2024 ERA MUNICIPAL
SAO JOSE DA BELA VISTA;240;SAO JOSE DA BELA VISTA;Interior;;0;;0;0;;SEM VOTOS;NAO DIRETAMENTE COMPARAVEL: 2024 ERA MUNICIPAL
SAO JOSE DO BARREIRO;18;SAO JOSE DO BARREIRO;Interior;;0;;0;0;;SEM VOTOS;NAO DIRETAMENTE COMPARAVEL: 2024 ERA MUNICIPAL
SAO JOSE DOS CAMPOS;282;SAO JOSE DOS CAMPOS;Interior;;0;;0;0;;SEM VOTOS;NAO DIRETAMENTE COMPARAVEL: 2024 ERA MUNICIPAL
SAO LUIS DO PARAITINGA;128;SAO LUIS DO PARAITINGA;Interior;;0;;0;0;;SEM VOTOS;NAO DIRETAMENTE COMPARAVEL: 2024 ERA MUNICIPAL
SAO MANUEL;129;SAO MANUEL;Interior;;0;;0;0;;SEM VOTOS;NAO DIRETAMENTE COMPARAVEL: 2024 ERA MUNICIPAL
SAO PAULO;398;Vila Jacuí;Leste;;0;;0;0;;SEM VOTOS;COMPARAVEL
SAO PEDRO DO TURVO;114;SAO PEDRO DO TURVO;Interior;;0;;0;0;;SEM VOTOS;NAO DIRETAMENTE COMPARAVEL: 2024 ERA MUNICIPAL
SEBASTIANOPOLIS DO SUL;77;SEBASTIANOPOLIS DO SUL;Interior;;0;;0;0;;SEM VOTOS;NAO DIRETAMENTE COMPARAVEL: 2024 ERA MUNICIPAL
SERRA AZUL;109;SERRA AZUL;Interior;;0;;0;0;;SEM VOTOS;NAO DIRETAMENTE COMPARAVEL: 2024 ERA MUNICIPAL
SILVEIRAS;145;SILVEIRAS;Interior;;0;;0;0;;SEM VOTOS;NAO DIRETAMENTE COMPARAVEL: 2024 ERA MUNICIPAL
SUD MENNUCCI;88;SUD MENNUCCI;Interior;;0;;0;0;;SEM VOTOS;NAO DIRETAMENTE COMPARAVEL: 2024 ERA MUNICIPAL
SUZANAPOLIS;88;SUZANAPOLIS;Interior;;0;;0;0;;SEM VOTOS;NAO DIRETAMENTE COMPARAVEL: 2024 ERA MUNICIPAL
TABAPUA;179;TABAPUA;Interior;;0;;0;0;;SEM VOTOS;NAO DIRETAMENTE COMPARAVEL: 2024 ERA MUNICIPAL
TABATINGA;49;TABATINGA;Interior;;0;;0;0;;SEM VOTOS;NAO DIRETAMENTE COMPARAVEL: 2024 ERA MUNICIPAL
TACIBA;167;TACIBA;Interior;;0;;0;0;;SEM VOTOS;NAO DIRETAMENTE COMPARAVEL: 2024 ERA MUNICIPAL
TAGUAI;234;TAGUAI;Interior;;0;;0;0;;SEM VOTOS;NAO DIRETAMENTE COMPARAVEL: 2024 ERA MUNICIPAL
TAIACU;61;TAIACU;Interior;;0;;0;0;;SEM VOTOS;NAO DIRETAMENTE COMPARAVEL: 2024 ERA MUNICIPAL
TAIUVA;61;TAIUVA;Interior;;0;;0;0;;SEM VOTOS;NAO DIRETAMENTE COMPARAVEL: 2024 ERA MUNICIPAL
TAMBAU;116;TAMBAU;Interior;;0;;0;0;;SEM VOTOS;NAO DIRETAMENTE COMPARAVEL: 2024 ERA MUNICIPAL
TAQUARAL;98;TAQUARAL;Interior;;0;;0;0;;SEM VOTOS;NAO DIRETAMENTE COMPARAVEL: 2024 ERA MUNICIPAL
TAQUARITUBA;236;TAQUARITUBA;Interior;;0;;0;0;;SEM VOTOS;NAO DIRETAMENTE COMPARAVEL: 2024 ERA MUNICIPAL
TAQUARIVAI;53;TAQUARIVAI;Interior;;0;;0;0;;SEM VOTOS;NAO DIRETAMENTE COMPARAVEL: 2024 ERA MUNICIPAL
TARABAI;261;TARABAI;Interior;;0;;0;0;;SEM VOTOS;NAO DIRETAMENTE COMPARAVEL: 2024 ERA MUNICIPAL
TARUMA;290;TARUMA;Interior;;0;;0;0;;SEM VOTOS;NAO DIRETAMENTE COMPARAVEL: 2024 ERA MUNICIPAL
TEJUPA;94;TEJUPA;Interior;;0;;0;0;;SEM VOTOS;NAO DIRETAMENTE COMPARAVEL: 2024 ERA MUNICIPAL
TEODORO SAMPAIO;330;TEODORO SAMPAIO;Interior;;0;;0;0;;SEM VOTOS;NAO DIRETAMENTE COMPARAVEL: 2024 ERA MUNICIPAL
TERRA ROXA;178;TERRA ROXA;Interior;;0;;0;0;;SEM VOTOS;NAO DIRETAMENTE COMPARAVEL: 2024 ERA MUNICIPAL
TIETE;142;TIETE;Interior;;0;;0;0;;SEM VOTOS;NAO DIRETAMENTE COMPARAVEL: 2024 ERA MUNICIPAL
TIMBURI;94;TIMBURI;Interior;;0;;0;0;;SEM VOTOS;NAO DIRETAMENTE COMPARAVEL: 2024 ERA MUNICIPAL
TORRE DE PEDRA;140;TORRE DE PEDRA;Interior;;0;;0;0;;SEM VOTOS;NAO DIRETAMENTE COMPARAVEL: 2024 ERA MUNICIPAL
TORRINHA;28;TORRINHA;Interior;;0;;0;0;;SEM VOTOS;NAO DIRETAMENTE COMPARAVEL: 2024 ERA MUNICIPAL
TRABIJU;107;TRABIJU;Interior;;0;;0;0;;SEM VOTOS;NAO DIRETAMENTE COMPARAVEL: 2024 ERA MUNICIPAL
TREMEMBE;314;TREMEMBE;Interior;;0;;0;0;;SEM VOTOS;NAO DIRETAMENTE COMPARAVEL: 2024 ERA MUNICIPAL
TRES FRONTEIRAS;187;TRES FRONTEIRAS;Interior;;0;;0;0;;SEM VOTOS;NAO DIRETAMENTE COMPARAVEL: 2024 ERA MUNICIPAL
TURIUBA;214;TURIUBA;Interior;;0;;0;0;;SEM VOTOS;NAO DIRETAMENTE COMPARAVEL: 2024 ERA MUNICIPAL
UBIRAJARA;159;UBIRAJARA;Interior;;0;;0;0;;SEM VOTOS;NAO DIRETAMENTE COMPARAVEL: 2024 ERA MUNICIPAL
UNIAO PAULISTA;77;UNIAO PAULISTA;Interior;;0;;0;0;;SEM VOTOS;NAO DIRETAMENTE COMPARAVEL: 2024 ERA MUNICIPAL
URANIA;427;URANIA;Interior;;0;;0;0;;SEM VOTOS;NAO DIRETAMENTE COMPARAVEL: 2024 ERA MUNICIPAL
URU;95;URU;Interior;;0;;0;0;;SEM VOTOS;NAO DIRETAMENTE COMPARAVEL: 2024 ERA MUNICIPAL
VALPARAISO;146;VALPARAISO;Interior;;0;;0;0;;SEM VOTOS;NAO DIRETAMENTE COMPARAVEL: 2024 ERA MUNICIPAL
VARGEM GRANDE DO SUL;229;VARGEM GRANDE DO SUL;Interior;;0;;0;0;;SEM VOTOS;NAO DIRETAMENTE COMPARAVEL: 2024 ERA MUNICIPAL
VERA CRUZ;180;VERA CRUZ;Interior;;0;;0;0;;SEM VOTOS;NAO DIRETAMENTE COMPARAVEL: 2024 ERA MUNICIPAL
VIRADOURO;98;VIRADOURO;Interior;;0;;0;0;;SEM VOTOS;NAO DIRETAMENTE COMPARAVEL: 2024 ERA MUNICIPAL
VISTA ALEGRE DO ALTO;76;VISTA ALEGRE DO ALTO;Interior;;0;;0;0;;SEM VOTOS;NAO DIRETAMENTE COMPARAVEL: 2024 ERA MUNICIPAL
ZACARIAS;214;ZACARIAS;Interior;;0;;0;0;;SEM VOTOS;NAO DIRETAMENTE COMPARAVEL: 2024 ERA MUNICIPAL
