MUNICIPIO;RANK_2022;VOTOS_2022;RANK_2026;VOTOS_2026;DIFERENCA;VARIACAO_PERCENTUAL;STATUS
SAO PAULO;1;20919;1;24802;3883;18.56%;CRESCIMENTO
FRANCO DA ROCHA;3;2826;2;2738;-88;-3.11%;REDUCAO
CAIEIRAS;6;2111;3;2392;281;13.31%;CRESCIMENTO
MAUA;15;692;4;2239;1547;223.55%;CRESCIMENTO
CUBATAO;4;2340;5;1931;-409;-17.48%;REDUCAO
FRANCISCO MORATO;2;3783;6;1734;-2049;-54.16%;REDUCAO
JUNDIAI;5;2120;7;1294;-826;-38.96%;REDUCAO
BRAGANCA PAULISTA;12;768;8;1230;462;60.16%;CRESCIMENTO
CAMPO LIMPO PAULISTA;7;1721;9;1227;-494;-28.70%;REDUCAO
RIBEIRAO PRETO;43;224;10;1179;955;426.34%;CRESCIMENTO
SAO BERNARDO DO CAMPO;13;742;11;879;137;18.46%;CRESCIMENTO
SANTOS;60;112;12;875;763;681.25%;CRESCIMENTO
SERTAOZINHO;179;12;13;763;751;6258.33%;CRESCIMENTO
OSASCO;9;1300;14;720;-580;-44.62%;REDUCAO
TAUBATE;10;1068;15;673;-395;-36.99%;REDUCAO
ITAPEVI;17;665;16;601;-64;-9.62%;REDUCAO
CACAPAVA;20;507;17;584;77;15.19%;CRESCIMENTO
CABREUVA;21;467;18;578;111;23.77%;CRESCIMENTO
CAMPINAS;31;288;19;577;289;100.35%;CRESCIMENTO
SANTANA DE PARNAIBA;23;442;20;562;120;27.15%;CRESCIMENTO
ITATIBA;55;133;21;551;418;314.29%;CRESCIMENTO
UBATUBA;37;261;22;550;289;110.73%;CRESCIMENTO
CAJAMAR;11;923;23;536;-387;-41.93%;REDUCAO
BAURU;54;134;24;535;401;299.25%;CRESCIMENTO
MAIRIPORA;16;666;25;533;-133;-19.97%;REDUCAO
CATANDUVA;52;139;26;532;393;282.73%;CRESCIMENTO
SAO JOSE DO RIO PRETO;63;102;27;483;381;373.53%;CRESCIMENTO
CAMPOS DO JORDAO;18;586;28;465;-121;-20.65%;REDUCAO
JAU;66;96;29;447;351;365.62%;CRESCIMENTO
SANTO ANDRE;38;250;30;440;190;76.00%;CRESCIMENTO
SAO JOSE DOS CAMPOS;40;242;31;425;183;75.62%;CRESCIMENTO
PONTAL;409;1;32;420;419;41900.00%;CRESCIMENTO
HORTOLANDIA;22;448;33;412;-36;-8.04%;REDUCAO
VARZEA PAULISTA;19;529;34;411;-118;-22.31%;REDUCAO
MONTE MOR;24;429;35;394;-35;-8.16%;REDUCAO
TIETE;143;22;36;392;370;1681.82%;CRESCIMENTO
RIBEIRAO PIRES;29;318;38;390;72;22.64%;CRESCIMENTO
PRAIA GRANDE;48;165;37;390;225;136.36%;CRESCIMENTO
GUARULHOS;33;281;39;383;102;36.30%;CRESCIMENTO
DIADEMA;58;115;40;357;242;210.43%;CRESCIMENTO
CARAPICUIBA;27;341;41;355;14;4.11%;CRESCIMENTO
BARUERI;30;296;42;327;31;10.47%;CRESCIMENTO
JARDINOPOLIS;105;46;43;305;259;563.04%;CRESCIMENTO
CAPIVARI;28;325;44;302;-23;-7.08%;REDUCAO
PROMISSAO;14;722;45;300;-422;-58.45%;REDUCAO
JANDIRA;35;265;46;280;15;5.66%;CRESCIMENTO
SAO VICENTE;44;214;47;269;55;25.70%;CRESCIMENTO
GUARIBA;47;174;48;267;93;53.45%;CRESCIMENTO
ATIBAIA;57;118;49;258;140;118.64%;CRESCIMENTO
NOVAIS;297;3;50;251;248;8266.67%;CRESCIMENTO
ITAQUAQUECETUBA;42;228;52;230;2;0.88%;CRESCIMENTO
IBITINGA;204;8;51;230;222;2775.00%;CRESCIMENTO
SANTA GERTRUDES;34;266;53;224;-42;-15.79%;REDUCAO
LIMEIRA;49;154;54;223;69;44.81%;CRESCIMENTO
GUARUJA;46;187;55;208;21;11.23%;CRESCIMENTO
MORUNGABA;167;15;56;178;163;1086.67%;CRESCIMENTO
PIRACICABA;41;239;57;174;-65;-27.20%;REDUCAO
TABOAO DA SERRA;78;74;58;172;98;132.43%;CRESCIMENTO
REGISTRO;93;58;59;170;112;193.10%;CRESCIMENTO
TREMEMBE;45;188;60;167;-21;-11.17%;REDUCAO
COTIA;62;102;61;163;61;59.80%;CRESCIMENTO
ITAPEVA;248;5;62;163;158;3160.00%;CRESCIMENTO
ITUPEVA;103;51;63;161;110;215.69%;CRESCIMENTO
SAO SEBASTIAO;86;67;64;155;88;131.34%;CRESCIMENTO
BROTAS;281;3;65;153;150;5000.00%;CRESCIMENTO
IACANGA;246;5;66;149;144;2880.00%;CRESCIMENTO
CAJURU;;0;67;145;145;;NOVOS VOTOS
EMBU DAS ARTES;65;96;68;144;48;50.00%;CRESCIMENTO
ARARAS;71;87;69;141;54;62.07%;CRESCIMENTO
MARILIA;36;265;70;132;-133;-50.19%;REDUCAO
ARIRANHA;56;130;71;130;0;0.00%;MANTEVE
PINDAMONHANGABA;25;370;72;129;-241;-65.14%;REDUCAO
SOROCABA;32;284;73;125;-159;-55.99%;REDUCAO
LOUVEIRA;122;33;74;124;91;275.76%;CRESCIMENTO
MORRO AGUDO;401;1;75;123;122;12200.00%;CRESCIMENTO
SAO CARLOS;68;91;76;122;31;34.07%;CRESCIMENTO
PIRAPORA DO BOM JESUS;85;67;77;118;51;76.12%;CRESCIMENTO
MOGI DAS CRUZES;51;142;78;101;-41;-28.87%;REDUCAO
PERUIBE;117;39;79;101;62;158.97%;CRESCIMENTO
JARINU;80;72;80;100;28;38.89%;CRESCIMENTO
GUAPIACU;203;8;81;97;89;1112.50%;CRESCIMENTO
FRANCA;106;45;82;96;51;113.33%;CRESCIMENTO
UCHOA;;0;83;96;96;;NOVOS VOTOS
IBIUNA;155;18;85;95;77;427.78%;CRESCIMENTO
CAJATI;314;2;84;95;93;4650.00%;CRESCIMENTO
CORDEIROPOLIS;77;79;86;92;13;16.46%;CRESCIMENTO
CONCHAS;50;146;87;90;-56;-38.36%;REDUCAO
PIRACAIA;64;97;88;88;-9;-9.28%;REDUCAO
SUZANO;59;115;93;85;-30;-26.09%;REDUCAO
RIO GRANDE DA SERRA;67;92;92;85;-7;-7.61%;REDUCAO
PIRASSUNUNGA;95;57;91;85;28;49.12%;CRESCIMENTO
EMBU GUACU;186;10;89;85;75;750.00%;CRESCIMENTO
PIRANGI;;0;90;85;85;;NOVOS VOTOS
ITAPECERICA DA SERRA;89;61;95;83;22;36.07%;CRESCIMENTO
ALTINOPOLIS;129;28;94;83;55;196.43%;CRESCIMENTO
ORLANDIA;404;1;96;83;82;8200.00%;CRESCIMENTO
SAO PEDRO;87;65;97;81;16;24.62%;CRESCIMENTO
GARCA;100;54;98;80;26;48.15%;CRESCIMENTO
SANTA CRUZ DO RIO PARDO;343;2;99;80;78;3900.00%;CRESCIMENTO
JABOTICABAL;141;22;100;77;55;250.00%;CRESCIMENTO
ITAPIRA;74;85;101;75;-10;-11.76%;REDUCAO
PAULINIA;114;41;102;75;34;82.93%;CRESCIMENTO
PINDORAMA;115;41;103;74;33;80.49%;CRESCIMENTO
FERRAZ DE VASCONCELOS;83;70;105;70;0;0.00%;MANTEVE
CERQUILHO;262;4;104;70;66;1650.00%;CRESCIMENTO
LINS;8;1354;106;69;-1285;-94.90%;REDUCAO
PARIQUERA ACU;70;88;107;69;-19;-21.59%;REDUCAO
PEDERNEIRAS;331;2;108;69;67;3350.00%;CRESCIMENTO
VALINHOS;131;28;109;66;38;135.71%;CRESCIMENTO
ILHA SOLTEIRA;;0;110;65;65;;NOVOS VOTOS
VARGEM GRANDE DO SUL;353;2;111;64;62;3100.00%;CRESCIMENTO
CARAGUATATUBA;75;80;112;61;-19;-23.75%;REDUCAO
TABAPUA;277;4;113;60;56;1400.00%;CRESCIMENTO
GUAREI;79;72;115;59;-13;-18.06%;REDUCAO
RIO CLARO;99;55;116;59;4;7.27%;CRESCIMENTO
ANDRADINA;225;6;114;59;53;883.33%;CRESCIMENTO
EMBAUBA;;0;117;58;58;;NOVOS VOTOS
AREALVA;358;1;118;57;56;5600.00%;CRESCIMENTO
RAFARD;98;55;121;56;1;1.82%;CRESCIMENTO
CRAVINHOS;285;3;119;56;53;1766.67%;CRESCIMENTO
FERNANDO PRESTES;317;2;120;56;54;2700.00%;CRESCIMENTO
ITANHAEM;81;71;123;55;-16;-22.54%;REDUCAO
CANANEIA;91;58;122;55;-3;-5.17%;REDUCAO
POMPEIA;109;43;124;54;11;25.58%;CRESCIMENTO
SUMARE;82;71;126;53;-18;-25.35%;REDUCAO
CATIGUA;370;1;125;53;52;5200.00%;CRESCIMENTO
SAO CAETANO DO SUL;118;37;127;52;15;40.54%;CRESCIMENTO
INDAIATUBA;125;30;128;50;20;66.67%;CRESCIMENTO
SAO ROQUE;134;27;129;50;23;85.19%;CRESCIMENTO
VINHEDO;139;23;130;50;27;117.39%;CRESCIMENTO
ARARAQUARA;150;19;131;48;29;152.63%;CRESCIMENTO
BOITUVA;137;25;133;47;22;88.00%;CRESCIMENTO
BERTIOGA;185;10;132;47;37;370.00%;CRESCIMENTO
JACAREI;96;56;136;46;-10;-17.86%;REDUCAO
BOTUCATU;111;42;135;46;4;9.52%;CRESCIMENTO
AGUDOS;163;16;134;46;30;187.50%;CRESCIMENTO
JUQUITIBA;177;12;137;46;34;283.33%;CRESCIMENTO
MARACAI;84;67;138;45;-22;-32.84%;REDUCAO
ELIAS FAUSTO;92;58;139;43;-15;-25.86%;REDUCAO
ARUJA;90;59;140;42;-17;-28.81%;REDUCAO
PORTO FELIZ;110;43;143;42;-1;-2.33%;REDUCAO
MIRASSOL;160;17;141;42;25;147.06%;CRESCIMENTO
PALMARES PAULISTA;405;1;142;42;41;4100.00%;CRESCIMENTO
ITAPETININGA;121;34;144;41;7;20.59%;CRESCIMENTO
PEREIRA BARRETO;192;10;146;41;31;310.00%;CRESCIMENTO
VALENTIM GENTIL;278;4;147;41;37;925.00%;CRESCIMENTO
MONTE ALTO;326;2;145;41;39;1950.00%;CRESCIMENTO
CRUZEIRO;101;53;149;40;-13;-24.53%;REDUCAO
ARACATUBA;132;27;148;40;13;48.15%;CRESCIMENTO
POTIRENDABA;301;3;150;40;37;1233.33%;CRESCIMENTO
BOM JESUS DOS PERDOES;145;21;151;39;18;85.71%;CRESCIMENTO
VOTUPORANGA;241;6;153;39;33;550.00%;CRESCIMENTO
GALIA;379;1;152;39;38;3800.00%;CRESCIMENTO
SOCORRO;126;30;155;38;8;26.67%;CRESCIMENTO
JAGUARIUNA;198;9;154;38;29;322.22%;CRESCIMENTO
VARGEM;222;7;157;38;31;442.86%;CRESCIMENTO
TABATINGA;;0;156;38;38;;NOVOS VOTOS
SALTO;156;18;158;37;19;105.56%;CRESCIMENTO
SERRANA;157;18;159;36;18;100.00%;CRESCIMENTO
JACUPIRANGA;113;41;160;35;-6;-14.63%;REDUCAO
SANTA ADELIA;142;22;161;35;13;59.09%;CRESCIMENTO
URU;352;2;162;34;32;1600.00%;CRESCIMENTO
VALPARAISO;426;1;163;34;33;3300.00%;CRESCIMENTO
GUARARAPES;382;1;164;33;32;3200.00%;CRESCIMENTO
VARGEM GRANDE PAULISTA;69;90;168;32;-58;-64.44%;REDUCAO
ITU;130;28;167;32;4;14.29%;CRESCIMENTO
CONCHAL;284;3;165;32;29;966.67%;CRESCIMENTO
DUMONT;374;1;166;32;31;3100.00%;CRESCIMENTO
TUPA;107;45;171;31;-14;-31.11%;REDUCAO
PARAGUACU PAULISTA;161;17;170;31;14;82.35%;CRESCIMENTO
GUZOLANDIA;;0;169;31;31;;NOVOS VOTOS
CACHOEIRA PAULISTA;61;105;172;30;-75;-71.43%;REDUCAO
ESTRELA D'OESTE;;0;173;30;30;;NOVOS VOTOS
FERNANDOPOLIS;187;10;174;29;19;190.00%;CRESCIMENTO
ONDA VERDE;403;1;175;29;28;2800.00%;CRESCIMENTO
POA;124;31;178;28;-3;-9.68%;REDUCAO
MOGI GUACU;173;13;177;28;15;115.38%;CRESCIMENTO
BARRA BONITA;243;5;176;28;23;460.00%;CRESCIMENTO
PEDRA BELA;120;36;181;27;-9;-25.00%;REDUCAO
COSMOPOLIS;229;6;179;27;21;350.00%;CRESCIMENTO
SANTA ISABEL;274;4;182;27;23;575.00%;CRESCIMENTO
MOCOCA;400;1;180;27;26;2600.00%;CRESCIMENTO
QUEIROZ;102;52;186;26;-26;-50.00%;REDUCAO
MONGAGUA;135;26;184;26;0;0.00%;MANTEVE
ALVINLANDIA;259;4;183;26;22;550.00%;CRESCIMENTO
NOVA EUROPA;;0;185;26;26;;NOVOS VOTOS
RIO DAS PEDRAS;236;6;187;25;19;316.67%;CRESCIMENTO
SAO SIMAO;220;7;190;24;17;242.86%;CRESCIMENTO
OLIMPIA;269;4;189;24;20;500.00%;CRESCIMENTO
BRODOWSKI;363;1;188;24;23;2300.00%;CRESCIMENTO
VISTA ALEGRE DO ALTO;;0;191;24;24;;NOVOS VOTOS
SANTA BARBARA D'OESTE;153;19;194;23;4;21.05%;CRESCIMENTO
LENCOIS PAULISTA;232;6;193;23;17;283.33%;CRESCIMENTO
BALBINOS;360;1;192;23;22;2200.00%;CRESCIMENTO
TEODORO SAMPAIO;127;30;198;22;-8;-26.67%;REDUCAO
PILAR DO SUL;168;15;197;22;7;46.67%;CRESCIMENTO
AMPARO;224;6;195;22;16;266.67%;CRESCIMENTO
ITABERA;389;1;196;22;21;2100.00%;CRESCIMENTO
ITAJOBI;188;10;200;21;11;110.00%;CRESCIMENTO
JOSE BONIFACIO;213;7;201;21;14;200.00%;CRESCIMENTO
SAO JOSE DO RIO PARDO;238;6;202;21;15;250.00%;CRESCIMENTO
BATATAIS;309;2;199;21;19;950.00%;CRESCIMENTO
AMERICANA;108;43;203;20;-23;-53.49%;REDUCAO
BARRETOS;144;21;204;20;-1;-4.76%;REDUCAO
TATUI;257;5;205;20;15;300.00%;CRESCIMENTO
SAO LOURENCO DA SERRA;165;16;208;19;3;18.75%;CRESCIMENTO
GUARATINGUETA;176;12;206;19;7;58.33%;CRESCIMENTO
NAZARE PAULISTA;267;4;207;19;15;375.00%;CRESCIMENTO
JUQUIA;119;36;210;18;-18;-50.00%;REDUCAO
PRESIDENTE EPITACIO;123;32;213;18;-14;-43.75%;REDUCAO
NOVA ODESSA;146;21;212;18;-3;-14.29%;REDUCAO
LEME;158;17;211;18;1;5.88%;CRESCIMENTO
BADY BASSITT;202;8;209;18;10;125.00%;CRESCIMENTO
LORENA;214;7;214;17;10;142.86%;CRESCIMENTO
CAFELANDIA;195;9;215;16;7;77.78%;CRESCIMENTO
JAMBEIRO;205;8;216;16;8;100.00%;CRESCIMENTO
SALTO DE PIRAPORA;218;7;217;16;9;128.57%;CRESCIMENTO
PRESIDENTE PRUDENTE;152;19;219;15;-4;-21.05%;REDUCAO
NOVA ALIANCA;;0;218;15;15;;NOVOS VOTOS
SERRA NEGRA;;0;220;15;15;;NOVOS VOTOS
BORBOREMA;104;48;223;14;-34;-70.83%;REDUCAO
PINHALZINHO;151;19;225;14;-5;-26.32%;REDUCAO
BOFETE;175;12;222;14;2;16.67%;CRESCIMENTO
AMERICO DE CAMPOS;356;1;221;14;13;1300.00%;CRESCIMENTO
NOVA CAMPINA;;0;224;14;14;;NOVOS VOTOS
ARTUR NOGUEIRA;170;14;226;13;-1;-7.14%;REDUCAO
MOGI MIRIM;206;8;229;13;5;62.50%;CRESCIMENTO
SARAPUI;221;7;232;13;6;85.71%;CRESCIMENTO
FERNAO;287;3;227;13;10;333.33%;CRESCIMENTO
LARANJAL PAULISTA;293;3;228;13;10;333.33%;CRESCIMENTO
TANABI;350;2;234;13;11;550.00%;CRESCIMENTO
MONTE AZUL PAULISTA;;0;230;13;13;;NOVOS VOTOS
SALES OLIVEIRA;;0;231;13;13;;NOVOS VOTOS
SEVERINIA;;0;233;13;13;;NOVOS VOTOS
CANDIDO MOTA;140;22;235;12;-10;-45.45%;REDUCAO
SAO JOAO DA BOA VISTA;171;14;240;12;-2;-14.29%;REDUCAO
IBATE;172;13;237;12;-1;-7.69%;REDUCAO
GUARA;181;11;236;12;1;9.09%;CRESCIMENTO
PENAPOLIS;182;11;239;12;1;9.09%;CRESCIMENTO
PALMEIRA D'OESTE;189;10;238;12;2;20.00%;CRESCIMENTO
IGARAPAVA;53;138;242;11;-127;-92.03%;REDUCAO
MATAO;233;6;243;11;5;83.33%;CRESCIMENTO
PORTO FERREIRA;334;2;244;11;9;450.00%;CRESCIMENTO
CASA BRANCA;369;1;241;11;10;1000.00%;CRESCIMENTO
SAO PEDRO DO TURVO;;0;245;11;11;;NOVOS VOTOS
VOTORANTIM;128;29;252;10;-19;-65.52%;REDUCAO
SANTA RITA DO PASSA QUATRO;154;19;250;10;-9;-47.37%;REDUCAO
MIRANDOPOLIS;159;17;248;10;-7;-41.18%;REDUCAO
DRACENA;230;6;246;10;4;66.67%;CRESCIMENTO
TUIUTI;240;6;251;10;4;66.67%;CRESCIMENTO
MAIRINQUE;251;5;247;10;5;100.00%;CRESCIMENTO
SANTA MARIA DA SERRA;;0;249;10;10;;NOVOS VOTOS
SAO MANUEL;162;17;264;9;-8;-47.06%;REDUCAO
TARUMA;184;11;267;9;-2;-18.18%;REDUCAO
PALMITAL;190;10;261;9;-1;-10.00%;REDUCAO
CAPAO BONITO;261;4;255;9;5;125.00%;CRESCIMENTO
IPIGUA;292;3;256;9;6;200.00%;CRESCIMENTO
AGUAS DE SANTA BARBARA;307;2;253;9;7;350.00%;CRESCIMENTO
BARRINHA;362;1;254;9;8;800.00%;CRESCIMENTO
IRACEMAPOLIS;387;1;257;9;8;800.00%;CRESCIMENTO
ITAPOLIS;390;1;258;9;8;800.00%;CRESCIMENTO
TAPIRATIBA;424;1;266;9;8;800.00%;CRESCIMENTO
ITAPURA;;0;259;9;9;;NOVOS VOTOS
NOVA GRANADA;;0;260;9;9;;NOVOS VOTOS
PARDINHO;;0;262;9;9;;NOVOS VOTOS
PIRATININGA;;0;263;9;9;;NOVOS VOTOS
SUZANAPOLIS;;0;265;9;9;;NOVOS VOTOS
BURITAMA;26;363;271;8;-355;-97.80%;REDUCAO
AVARE;72;87;268;8;-79;-90.80%;REDUCAO
BIRIGUI;73;85;270;8;-77;-90.59%;REDUCAO
SAO JOAQUIM DA BARRA;169;15;278;8;-7;-46.67%;REDUCAO
SAO BENTO DO SAPUCAI;183;11;277;8;-3;-27.27%;REDUCAO
ROSANA;193;10;275;8;-2;-20.00%;REDUCAO
BARBOSA;227;6;269;8;2;33.33%;CRESCIMENTO
MARTINOPOLIS;294;3;272;8;5;166.67%;CRESCIMENTO
PIEDADE;298;3;274;8;5;166.67%;CRESCIMENTO
SANTO ANTONIO DA ALEGRIA;345;2;276;8;6;300.00%;CRESCIMENTO
PARAIBUNA;406;1;273;8;7;700.00%;CRESCIMENTO
AGUAS DE LINDOIA;194;9;280;7;-2;-22.22%;REDUCAO
UBARANA;199;9;295;7;-2;-22.22%;REDUCAO
VIRADOURO;223;7;296;7;0;0.00%;MANTEVE
SANTA RITA D'OESTE;237;6;294;7;1;16.67%;CRESCIMENTO
CASTILHO;245;5;283;7;2;40.00%;CRESCIMENTO
PONGAI;254;5;291;7;2;40.00%;CRESCIMENTO
PORANGABA;300;3;292;7;4;133.33%;CRESCIMENTO
AGUAI;306;2;279;7;5;250.00%;CRESCIMENTO
PITANGUEIRAS;333;2;290;7;5;250.00%;CRESCIMENTO
BURI;364;1;282;7;6;600.00%;CRESCIMENTO
LOURDES;396;1;286;7;6;600.00%;CRESCIMENTO
REGINOPOLIS;413;1;293;7;6;600.00%;CRESCIMENTO
ALUMINIO;;0;281;7;7;;NOVOS VOTOS
IPAUSSU;;0;284;7;7;;NOVOS VOTOS
IPERO;;0;285;7;7;;NOVOS VOTOS
MACATUBA;;0;287;7;7;;NOVOS VOTOS
NIPOA;;0;288;7;7;;NOVOS VOTOS
NUPORANGA;;0;289;7;7;;NOVOS VOTOS
APARECIDA D'OESTE;210;7;297;6;-1;-14.29%;REDUCAO
SALTO GRANDE;219;7;305;6;-1;-14.29%;REDUCAO
ECHAPORA;231;6;301;6;0;0.00%;MANTEVE
CERQUEIRA CESAR;315;2;299;6;4;200.00%;CRESCIMENTO
MIRASSOLANDIA;325;2;303;6;4;200.00%;CRESCIMENTO
RIBEIRAO BONITO;414;1;304;6;5;500.00%;CRESCIMENTO
BOCAINA;;0;298;6;6;;NOVOS VOTOS
CORUMBATAI;;0;300;6;6;;NOVOS VOTOS
LUIS ANTONIO;;0;302;6;6;;NOVOS VOTOS
GUAICARA;39;249;313;5;-244;-97.99%;REDUCAO
ASSIS;94;57;308;5;-52;-91.23%;REDUCAO
DOIS CORREGOS;97;55;312;5;-50;-90.91%;REDUCAO
NATIVIDADE DA SERRA;164;16;318;5;-11;-68.75%;REDUCAO
ARACOIABA DA SERRA;174;12;307;5;-7;-58.33%;REDUCAO
ILHABELA;197;9;316;5;-4;-44.44%;REDUCAO
ARACARIGUAMA;201;8;306;5;-3;-37.50%;REDUCAO
HOLAMBRA;290;3;314;5;2;66.67%;CRESCIMENTO
PLANALTO;299;3;320;5;2;66.67%;CRESCIMENTO
MINEIROS DO TIETE;324;2;317;5;3;150.00%;CRESCIMENTO
SALTINHO;341;2;321;5;3;150.00%;CRESCIMENTO
SAO MIGUEL ARCANJO;349;2;322;5;3;150.00%;CRESCIMENTO
BARIRI;361;1;309;5;4;400.00%;CRESCIMENTO
IGARACU DO TIETE;384;1;315;5;4;400.00%;CRESCIMENTO
TRES FRONTEIRAS;425;1;324;5;4;400.00%;CRESCIMENTO
CANDIDO RODRIGUES;;0;310;5;5;;NOVOS VOTOS
CEDRAL;;0;311;5;5;;NOVOS VOTOS
PALESTINA;;0;319;5;5;;NOVOS VOTOS
TAIACU;;0;323;5;5;;NOVOS VOTOS
GETULINA;116;40;334;4;-36;-90.00%;REDUCAO
AGUAS DA PRATA;147;20;325;4;-16;-80.00%;REDUCAO
ORIENTE;207;8;342;4;-4;-50.00%;REDUCAO
PIRAJUI;234;6;344;4;-2;-33.33%;REDUCAO
PRESIDENTE VENCESLAU;235;6;347;4;-2;-33.33%;REDUCAO
SAO LUIS DO PARAITINGA;239;6;354;4;-2;-33.33%;REDUCAO
SANTA BRANCA;255;5;350;4;-1;-20.00%;REDUCAO
HERCULANDIA;263;4;335;4;0;0.00%;MANTEVE
ENGENHEIRO COELHO;286;3;332;4;1;33.33%;CRESCIMENTO
IGUAPE;291;3;337;4;1;33.33%;CRESCIMENTO
PRADOPOLIS;302;3;346;4;1;33.33%;CRESCIMENTO
TAQUARIVAI;304;3;356;4;1;33.33%;CRESCIMENTO
DUARTINA;316;2;330;4;2;100.00%;CRESCIMENTO
RANCHARIA;336;2;348;4;2;100.00%;CRESCIMENTO
RIFAINA;338;2;349;4;2;100.00%;CRESCIMENTO
CAPELA DO ALTO;367;1;328;4;3;300.00%;CRESCIMENTO
IBIRA;383;1;336;4;3;300.00%;CRESCIMENTO
ITAPUI;391;1;338;4;3;300.00%;CRESCIMENTO
PONTES GESTAL;410;1;345;4;3;300.00%;CRESCIMENTO
AMERICO BRASILIENSE;;0;326;4;4;;NOVOS VOTOS
BALSAMO;;0;327;4;4;;NOVOS VOTOS
COLOMBIA;;0;329;4;4;;NOVOS VOTOS
ELISIARIO;;0;331;4;4;;NOVOS VOTOS
ESPIRITO SANTO DO TURVO;;0;333;4;4;;NOVOS VOTOS
ITARIRI;;0;339;4;4;;NOVOS VOTOS
LUTECIA;;0;340;4;4;;NOVOS VOTOS
MONTE APRAZIVEL;;0;341;4;4;;NOVOS VOTOS
ORINDIUVA;;0;343;4;4;;NOVOS VOTOS
SANTA CRUZ DA CONCEICAO;;0;351;4;4;;NOVOS VOTOS
SANTA CRUZ DAS PALMEIRAS;;0;352;4;4;;NOVOS VOTOS
SAO JOSE DO BARREIRO;;0;353;4;4;;NOVOS VOTOS
SERRA AZUL;;0;355;4;4;;NOVOS VOTOS
ITUVERAVA;76;80;365;3;-77;-96.25%;REDUCAO
BIRITIBA MIRIM;112;41;360;3;-38;-92.68%;REDUCAO
PRESIDENTE BERNARDES;136;26;374;3;-23;-88.46%;REDUCAO
OURINHOS;149;20;369;3;-17;-85.00%;REDUCAO
SILVEIRAS;180;12;383;3;-9;-75.00%;REDUCAO
RIBEIRAO BRANCO;209;8;376;3;-5;-62.50%;REDUCAO
REDENCAO DA SERRA;217;7;375;3;-4;-57.14%;REDUCAO
BOA ESPERANCA DO SUL;228;6;361;3;-3;-50.00%;REDUCAO
ILHA COMPRIDA;247;5;364;3;-2;-40.00%;REDUCAO
JACI;249;5;366;3;-2;-40.00%;REDUCAO
PIQUETE;253;5;373;3;-2;-40.00%;REDUCAO
AGUAS DE SAO PEDRO;258;4;358;3;-1;-25.00%;REDUCAO
SAO SEBASTIAO DA GRAMA;303;3;382;3;0;0.00%;MANTEVE
ADAMANTINA;305;2;357;3;1;50.00%;CRESCIMENTO
BEBEDOURO;310;2;359;3;1;50.00%;CRESCIMENTO
SANTA CRUZ DA ESPERANCA;342;2;377;3;1;50.00%;CRESCIMENTO
SANTO ANTONIO DE POSSE;346;2;379;3;1;50.00%;CRESCIMENTO
MACAUBAL;398;1;367;3;2;200.00%;CRESCIMENTO
SANTA ROSA DE VITERBO;420;1;378;3;2;200.00%;CRESCIMENTO
DESCALVADO;;0;362;3;3;;NOVOS VOTOS
ESTIVA GERBI;;0;363;3;3;;NOVOS VOTOS
MONTE ALEGRE DO SUL;;0;368;3;3;;NOVOS VOTOS
OUROESTE;;0;370;3;3;;NOVOS VOTOS
PARAISO;;0;371;3;3;;NOVOS VOTOS
PEDRO DE TOLEDO;;0;372;3;3;;NOVOS VOTOS
SANTO ANTONIO DO PINHAL;;0;380;3;3;;NOVOS VOTOS
SAO FRANCISCO;;0;381;3;3;;NOVOS VOTOS
CUNHA;196;9;391;2;-7;-77.78%;REDUCAO
LINDOIA;265;4;403;2;-2;-50.00%;REDUCAO
SANTA FE DO SUL;273;4;416;2;-2;-50.00%;REDUCAO
GUARAREMA;318;2;394;2;0;0.00%;MANTEVE
RUBINEIA;340;2;413;2;0;0.00%;MANTEVE
ANGATUBA;357;1;384;2;1;100.00%;CRESCIMENTO
AREIOPOLIS;359;1;385;2;1;100.00%;CRESCIMENTO
IPEUNA;386;1;397;2;1;100.00%;CRESCIMENTO
IRAPURU;388;1;398;2;1;100.00%;CRESCIMENTO
LUCELIA;397;1;404;2;1;100.00%;CRESCIMENTO
ROSEIRA;416;1;412;2;1;100.00%;CRESCIMENTO
AURIFLAMA;;0;386;2;2;;NOVOS VOTOS
BANANAL;;0;387;2;2;;NOVOS VOTOS
BASTOS;;0;388;2;2;;NOVOS VOTOS
CESARIO LANGE;;0;389;2;2;;NOVOS VOTOS
CHAVANTES;;0;390;2;2;;NOVOS VOTOS
DOBRADA;;0;392;2;2;;NOVOS VOTOS
FLORA RICA;;0;393;2;2;;NOVOS VOTOS
IACRI;;0;395;2;2;;NOVOS VOTOS
ICEM;;0;396;2;2;;NOVOS VOTOS
ITARARE;;0;399;2;2;;NOVOS VOTOS
ITIRAPINA;;0;400;2;2;;NOVOS VOTOS
ITOBI;;0;401;2;2;;NOVOS VOTOS
JUMIRIM;;0;402;2;2;;NOVOS VOTOS
LUCIANOPOLIS;;0;405;2;2;;NOVOS VOTOS
MURUTINGA DO SUL;;0;406;2;2;;NOVOS VOTOS
NOVA INDEPENDENCIA;;0;407;2;2;;NOVOS VOTOS
NOVO HORIZONTE;;0;408;2;2;;NOVOS VOTOS
PARANAPANEMA;;0;409;2;2;;NOVOS VOTOS
POLONI;;0;410;2;2;;NOVOS VOTOS
RIBEIRAO DOS INDIOS;;0;411;2;2;;NOVOS VOTOS
SALES;;0;414;2;2;;NOVOS VOTOS
SANTA ERNESTINA;;0;415;2;2;;NOVOS VOTOS
TAQUARAL;;0;417;2;2;;NOVOS VOTOS
TAQUARITINGA;;0;418;2;2;;NOVOS VOTOS
TORRINHA;;0;419;2;2;;NOVOS VOTOS
SABINO;133;27;464;1;-26;-96.30%;REDUCAO
PEDREIRA;178;12;457;1;-11;-91.67%;REDUCAO
PATROCINIO PAULISTA;191;10;454;1;-9;-90.00%;REDUCAO
RIBEIRA;208;8;461;1;-7;-87.50%;REDUCAO
PAULICEIA;215;7;455;1;-6;-85.71%;REDUCAO
AVANHANDAVA;226;6;423;1;-5;-83.33%;REDUCAO
ALVARO DE CARVALHO;242;5;420;1;-4;-80.00%;REDUCAO
ITAI;264;4;441;1;-3;-75.00%;REDUCAO
QUINTANA;272;4;460;1;-3;-75.00%;REDUCAO
GUAIRA;288;3;433;1;-2;-66.67%;REDUCAO
MOMBUCA;295;3;452;1;-2;-66.67%;REDUCAO
ARANDU;308;2;421;1;-1;-50.00%;REDUCAO
BILAC;311;2;424;1;-1;-50.00%;REDUCAO
CAIUA;313;2;427;1;-1;-50.00%;REDUCAO
IPUA;320;2;440;1;-1;-50.00%;REDUCAO
PIRAPOZINHO;332;2;458;1;-1;-50.00%;REDUCAO
RUBIACEA;339;2;463;1;-1;-50.00%;REDUCAO
SAO JOSE DA BELA VISTA;348;2;467;1;-1;-50.00%;REDUCAO
CAJOBI;365;1;428;1;0;0.00%;MANTEVE
ESPIRITO SANTO DO PINHAL;376;1;431;1;0;0.00%;MANTEVE
INDIAPORA;385;1;439;1;0;0.00%;MANTEVE
JALES;393;1;442;1;0;0.00%;MANTEVE
JOANOPOLIS;394;1;444;1;0;0.00%;MANTEVE
LAVRINHAS;395;1;447;1;0;0.00%;MANTEVE
MIRANTE DO PARANAPANEMA;399;1;451;1;0;0.00%;MANTEVE
PRESIDENTE ALVES;411;1;459;1;0;0.00%;MANTEVE
SETE BARRAS;422;1;468;1;0;0.00%;MANTEVE
AVAI;;0;422;1;1;;NOVOS VOTOS
BOREBI;;0;425;1;1;;NOVOS VOTOS
BREJO ALEGRE;;0;426;1;1;;NOVOS VOTOS
COLINA;;0;429;1;1;;NOVOS VOTOS
DIVINOLANDIA;;0;430;1;1;;NOVOS VOTOS
FARTURA;;0;432;1;1;;NOVOS VOTOS
GUAPIARA;;0;434;1;1;;NOVOS VOTOS
GUARACAI;;0;435;1;1;;NOVOS VOTOS
GUATAPARA;;0;436;1;1;;NOVOS VOTOS
IARAS;;0;437;1;1;;NOVOS VOTOS
IBIRAREMA;;0;438;1;1;;NOVOS VOTOS
JERIQUARA;;0;443;1;1;;NOVOS VOTOS
JUNQUEIROPOLIS;;0;445;1;1;;NOVOS VOTOS
LAGOINHA;;0;446;1;1;;NOVOS VOTOS
MARAPOAMA;;0;448;1;1;;NOVOS VOTOS
MARINOPOLIS;;0;449;1;1;;NOVOS VOTOS
MENDONCA;;0;450;1;1;;NOVOS VOTOS
PARISI;;0;453;1;1;;NOVOS VOTOS
PEDREGULHO;;0;456;1;1;;NOVOS VOTOS
RIBEIRAO CORRENTE;;0;462;1;1;;NOVOS VOTOS
SANTOPOLIS DO AGUAPEI;;0;465;1;1;;NOVOS VOTOS
SAO JOAO DAS DUAS PONTES;;0;466;1;1;;NOVOS VOTOS
SUD MENNUCCI;;0;469;1;1;;NOVOS VOTOS
TAGUAI;;0;470;1;1;;NOVOS VOTOS
TAIUVA;;0;471;1;1;;NOVOS VOTOS
TEJUPA;;0;472;1;1;;NOVOS VOTOS
TUPI PAULISTA;;0;473;1;1;;NOVOS VOTOS
VERA CRUZ;;0;474;1;1;;NOVOS VOTOS
MIRACATU;88;64;;0;-64;-100.00%;PERDEU TODA A BASE
MIGUELOPOLIS;138;24;;0;-24;-100.00%;PERDEU TODA A BASE
APARECIDA;148;20;;0;-20;-100.00%;PERDEU TODA A BASE
GUAIMBE;166;15;;0;-15;-100.00%;PERDEU TODA A BASE
UBIRAJARA;200;9;;0;-9;-100.00%;PERDEU TODA A BASE
APIAI;211;7;;0;-7;-100.00%;PERDEU TODA A BASE
COROADOS;212;7;;0;-7;-100.00%;PERDEU TODA A BASE
PIACATU;216;7;;0;-7;-100.00%;PERDEU TODA A BASE
CANITAR;244;5;;0;-5;-100.00%;PERDEU TODA A BASE
LUIZIANIA;250;5;;0;-5;-100.00%;PERDEU TODA A BASE
PEREIRAS;252;5;;0;-5;-100.00%;PERDEU TODA A BASE
SANTO ANTONIO DO ARACANGUA;256;5;;0;-5;-100.00%;PERDEU TODA A BASE
ARAMINA;260;4;;0;-4;-100.00%;PERDEU TODA A BASE
LUPERCIO;266;4;;0;-4;-100.00%;PERDEU TODA A BASE
NOVA LUZITANIA;268;4;;0;-4;-100.00%;PERDEU TODA A BASE
OSCAR BRESSANE;270;4;;0;-4;-100.00%;PERDEU TODA A BASE
POTIM;271;4;;0;-4;-100.00%;PERDEU TODA A BASE
SANTO ANASTACIO;275;4;;0;-4;-100.00%;PERDEU TODA A BASE
SAO JOAO DE IRACEMA;276;4;;0;-4;-100.00%;PERDEU TODA A BASE
ALVARES MACHADO;279;3;;0;-3;-100.00%;PERDEU TODA A BASE
ANHUMAS;280;3;;0;-3;-100.00%;PERDEU TODA A BASE
BURITIZAL;282;3;;0;-3;-100.00%;PERDEU TODA A BASE
CACONDE;283;3;;0;-3;-100.00%;PERDEU TODA A BASE
GUARANTA;289;3;;0;-3;-100.00%;PERDEU TODA A BASE
MONCOES;296;3;;0;-3;-100.00%;PERDEU TODA A BASE
BORACEIA;312;2;;0;-2;-100.00%;PERDEU TODA A BASE
IGARATA;319;2;;0;-2;-100.00%;PERDEU TODA A BASE
IRAPUA;321;2;;0;-2;-100.00%;PERDEU TODA A BASE
ITAPORANGA;322;2;;0;-2;-100.00%;PERDEU TODA A BASE
ITATINGA;323;2;;0;-2;-100.00%;PERDEU TODA A BASE
NOVA CANAA PAULISTA;327;2;;0;-2;-100.00%;PERDEU TODA A BASE
OSVALDO CRUZ;328;2;;0;-2;-100.00%;PERDEU TODA A BASE
PANORAMA;329;2;;0;-2;-100.00%;PERDEU TODA A BASE
PAULISTANIA;330;2;;0;-2;-100.00%;PERDEU TODA A BASE
PRATANIA;335;2;;0;-2;-100.00%;PERDEU TODA A BASE
REGENTE FEIJO;337;2;;0;-2;-100.00%;PERDEU TODA A BASE
SANTA MERCEDES;344;2;;0;-2;-100.00%;PERDEU TODA A BASE
SANTO ANTONIO DO JARDIM;347;2;;0;-2;-100.00%;PERDEU TODA A BASE
TURIUBA;351;2;;0;-2;-100.00%;PERDEU TODA A BASE
ALAMBARI;354;1;;0;-1;-100.00%;PERDEU TODA A BASE
ALVARES FLORENCE;355;1;;0;-1;-100.00%;PERDEU TODA A BASE
CAMPOS NOVOS PAULISTA;366;1;;0;-1;-100.00%;PERDEU TODA A BASE
CARDOSO;368;1;;0;-1;-100.00%;PERDEU TODA A BASE
CHARQUEADA;371;1;;0;-1;-100.00%;PERDEU TODA A BASE
CLEMENTINA;372;1;;0;-1;-100.00%;PERDEU TODA A BASE
DOURADO;373;1;;0;-1;-100.00%;PERDEU TODA A BASE
ELDORADO;375;1;;0;-1;-100.00%;PERDEU TODA A BASE
EUCLIDES DA CUNHA PAULISTA;377;1;;0;-1;-100.00%;PERDEU TODA A BASE
FLOREAL;378;1;;0;-1;-100.00%;PERDEU TODA A BASE
GAVIAO PEIXOTO;380;1;;0;-1;-100.00%;PERDEU TODA A BASE
GENERAL SALGADO;381;1;;0;-1;-100.00%;PERDEU TODA A BASE
JABORANDI;392;1;;0;-1;-100.00%;PERDEU TODA A BASE
NEVES PAULISTA;402;1;;0;-1;-100.00%;PERDEU TODA A BASE
PARAPUA;407;1;;0;-1;-100.00%;PERDEU TODA A BASE
PEDRANOPOLIS;408;1;;0;-1;-100.00%;PERDEU TODA A BASE
QUELUZ;412;1;;0;-1;-100.00%;PERDEU TODA A BASE
RIBEIRAO DO SUL;415;1;;0;-1;-100.00%;PERDEU TODA A BASE
SALESOPOLIS;417;1;;0;-1;-100.00%;PERDEU TODA A BASE
SANTA ALBERTINA;418;1;;0;-1;-100.00%;PERDEU TODA A BASE
SANTA LUCIA;419;1;;0;-1;-100.00%;PERDEU TODA A BASE
SANTO EXPEDITO;421;1;;0;-1;-100.00%;PERDEU TODA A BASE
TAPIRAI;423;1;;0;-1;-100.00%;PERDEU TODA A BASE
ZACARIAS;427;1;;0;-1;-100.00%;PERDEU TODA A BASE
ADOLFO;;0;;0;0;;SEM VOTOS
ALFREDO MARCONDES;;0;;0;0;;SEM VOTOS
ALTAIR;;0;;0;0;;SEM VOTOS
ALTO ALEGRE;;0;;0;0;;SEM VOTOS
ANALANDIA;;0;;0;0;;SEM VOTOS
ANHEMBI;;0;;0;0;;SEM VOTOS
ARAPEI;;0;;0;0;;SEM VOTOS
ARCO IRIS;;0;;0;0;;SEM VOTOS
AREIAS;;0;;0;0;;SEM VOTOS
ASPASIA;;0;;0;0;;SEM VOTOS
BARAO DE ANTONINA;;0;;0;0;;SEM VOTOS
BARRA DO CHAPEU;;0;;0;0;;SEM VOTOS
BARRA DO TURVO;;0;;0;0;;SEM VOTOS
BENTO DE ABREU;;0;;0;0;;SEM VOTOS
BERNARDINO DE CAMPOS;;0;;0;0;;SEM VOTOS
BOM SUCESSO DE ITARARE;;0;;0;0;;SEM VOTOS
BORA;;0;;0;0;;SEM VOTOS
BRAUNA;;0;;0;0;;SEM VOTOS
CABRALIA PAULISTA;;0;;0;0;;SEM VOTOS
CAIABU;;0;;0;0;;SEM VOTOS
CAMPINA DO MONTE ALEGRE;;0;;0;0;;SEM VOTOS
CANAS;;0;;0;0;;SEM VOTOS
CASSIA DOS COQUEIROS;;0;;0;0;;SEM VOTOS
CORONEL MACEDO;;0;;0;0;;SEM VOTOS
COSMORAMA;;0;;0;0;;SEM VOTOS
CRISTAIS PAULISTA;;0;;0;0;;SEM VOTOS
CRUZALIA;;0;;0;0;;SEM VOTOS
DIRCE REIS;;0;;0;0;;SEM VOTOS
DOLCINOPOLIS;;0;;0;0;;SEM VOTOS
EMILIANOPOLIS;;0;;0;0;;SEM VOTOS
ESTRELA DO NORTE;;0;;0;0;;SEM VOTOS
FLORIDA PAULISTA;;0;;0;0;;SEM VOTOS
FLORINEA;;0;;0;0;;SEM VOTOS
GABRIEL MONTEIRO;;0;;0;0;;SEM VOTOS
GASTAO VIDIGAL;;0;;0;0;;SEM VOTOS
GLICERIO;;0;;0;0;;SEM VOTOS
GUARACI;;0;;0;0;;SEM VOTOS
GUARANI D'OESTE;;0;;0;0;;SEM VOTOS
IEPE;;0;;0;0;;SEM VOTOS
INDIANA;;0;;0;0;;SEM VOTOS
INUBIA PAULISTA;;0;;0;0;;SEM VOTOS
IPORANGA;;0;;0;0;;SEM VOTOS
ITAJU;;0;;0;0;;SEM VOTOS
ITAOCA;;0;;0;0;;SEM VOTOS
ITAPIRAPUA PAULISTA;;0;;0;0;;SEM VOTOS
ITIRAPUA;;0;;0;0;;SEM VOTOS
JOAO RAMALHO;;0;;0;0;;SEM VOTOS
JULIO MESQUITA;;0;;0;0;;SEM VOTOS
LAVINIA;;0;;0;0;;SEM VOTOS
MACEDONIA;;0;;0;0;;SEM VOTOS
MAGDA;;0;;0;0;;SEM VOTOS
MANDURI;;0;;0;0;;SEM VOTOS
MARABA PAULISTA;;0;;0;0;;SEM VOTOS
MARIAPOLIS;;0;;0;0;;SEM VOTOS
MERIDIANO;;0;;0;0;;SEM VOTOS
MESOPOLIS;;0;;0;0;;SEM VOTOS
MIRA ESTRELA;;0;;0;0;;SEM VOTOS
MONTE CASTELO;;0;;0;0;;SEM VOTOS
MONTEIRO LOBATO;;0;;0;0;;SEM VOTOS
MOTUCA;;0;;0;0;;SEM VOTOS
NANTES;;0;;0;0;;SEM VOTOS
NARANDIBA;;0;;0;0;;SEM VOTOS
NHANDEARA;;0;;0;0;;SEM VOTOS
NOVA CASTILHO;;0;;0;0;;SEM VOTOS
NOVA GUATAPORANGA;;0;;0;0;;SEM VOTOS
OCAUCU;;0;;0;0;;SEM VOTOS
OLEO;;0;;0;0;;SEM VOTOS
OURO VERDE;;0;;0;0;;SEM VOTOS
PACAEMBU;;0;;0;0;;SEM VOTOS
PARANAPUA;;0;;0;0;;SEM VOTOS
PAULO DE FARIA;;0;;0;0;;SEM VOTOS
PEDRINHAS PAULISTA;;0;;0;0;;SEM VOTOS
PIQUEROBI;;0;;0;0;;SEM VOTOS
PIRAJU;;0;;0;0;;SEM VOTOS
PLATINA;;0;;0;0;;SEM VOTOS
PONTALINDA;;0;;0;0;;SEM VOTOS
POPULINA;;0;;0;0;;SEM VOTOS
PRACINHA;;0;;0;0;;SEM VOTOS
QUADRA;;0;;0;0;;SEM VOTOS
QUATA;;0;;0;0;;SEM VOTOS
RESTINGA;;0;;0;0;;SEM VOTOS
RIBEIRAO GRANDE;;0;;0;0;;SEM VOTOS
RINCAO;;0;;0;0;;SEM VOTOS
RINOPOLIS;;0;;0;0;;SEM VOTOS
RIOLANDIA;;0;;0;0;;SEM VOTOS
RIVERSUL;;0;;0;0;;SEM VOTOS
SAGRES;;0;;0;0;;SEM VOTOS
SALMOURAO;;0;;0;0;;SEM VOTOS
SANDOVALINA;;0;;0;0;;SEM VOTOS
SANTA CLARA D'OESTE;;0;;0;0;;SEM VOTOS
SANTA SALETE;;0;;0;0;;SEM VOTOS
SANTANA DA PONTE PENSA;;0;;0;0;;SEM VOTOS
SAO JOAO DO PAU D'ALHO;;0;;0;0;;SEM VOTOS
SARUTAIA;;0;;0;0;;SEM VOTOS
SEBASTIANOPOLIS DO SUL;;0;;0;0;;SEM VOTOS
TACIBA;;0;;0;0;;SEM VOTOS
TAMBAU;;0;;0;0;;SEM VOTOS
TAQUARITUBA;;0;;0;0;;SEM VOTOS
TARABAI;;0;;0;0;;SEM VOTOS
TERRA ROXA;;0;;0;0;;SEM VOTOS
TIMBURI;;0;;0;0;;SEM VOTOS
TORRE DE PEDRA;;0;;0;0;;SEM VOTOS
TRABIJU;;0;;0;0;;SEM VOTOS
TURMALINA;;0;;0;0;;SEM VOTOS
UNIAO PAULISTA;;0;;0;0;;SEM VOTOS
URANIA;;0;;0;0;;SEM VOTOS
URUPES;;0;;0;0;;SEM VOTOS
VITORIA BRASIL;;0;;0;0;;SEM VOTOS
