MUNICIPIO;ZONA;NOME_ZONA;REGIAO;ELEITORES_2022;VOTOS_SANDRA_2026;VOTOS_2026_SOBRE_ELEITORADO_2022
SAO PAULO;376;Brasilândia;Norte;247771;10930;4.4113%
SAO PAULO;327;Nossa Senhora do Ó;Norte;118225;9208;7.7885%
SAO PAULO;389;Perus;Norte;199727;3166;1.5852%
SAO PAULO;403;Jaraguá;Norte;111589;2532;2.2690%
SAO PAULO;255;Casa Verde;Norte;190012;2529;1.3310%
SAO PAULO;325;Pirituba;Norte;101671;2054;2.0202%
SAO PAULO;422;Lauzane Paulista;Norte;149056;1813;1.2163%
FERNANDOPOLIS;150;FERNANDOPOLIS;Fora da Capital;54395;763;1.4027%
SAO PAULO;249;Santana;Norte;112506;637;0.5662%
SAO PAULO;250;Lapa;Oeste;170741;547;0.3204%
SAO PAULO;420;Vila Sabrina;Norte;121179;346;0.2855%
SAO PAULO;256;Tucuruvi;Norte;180284;336;0.1864%
SAO PAULO;2;Perdizes;Oeste;196435;297;0.1512%
SAO PAULO;373;Capão Redondo;Sul;133894;284;0.2121%
SAO PAULO;254;Vila Maria;Norte;156037;267;0.1711%
SAO PAULO;421;Teotônio Vilela;Leste;146238;245;0.1675%
SAO PAULO;3;Santa Ifigênia;Centro;79673;217;0.2724%
FRANCISCO MORATO;367;FRANCISCO MORATO;Fora da Capital;131201;214;0.1631%
SAO PAULO;347;Vila Matilde;Leste;176203;202;0.1146%
SAO PAULO;397;Jardim Helena;Leste;157487;194;0.1232%
SAO PAULO;349;Jaçanã;Norte;131992;187;0.1417%
SAO PAULO;20;Valo Velho;Sul;165568;184;0.1111%
SAO PAULO;375;São Mateus;Leste;255289;167;0.0654%
CAIEIRAS;192;CAIEIRAS;Fora da Capital;70965;159;0.2241%
IRACEMAPOLIS;243;IRACEMAPOLIS;Fora da Capital;18058;156;0.8639%
SAO PAULO;392;Ponte Rasa;Leste;128266;140;0.1091%
SAO PAULO;328;Campo Limpo;Sul;182673;135;0.0739%
ITATIBA;58;ITATIBA;Fora da Capital;85747;127;0.1481%
INDIAPORA;302;INDIAPORA;Fora da Capital;3002;124;4.1306%
SAO PAULO;350;Sapopemba;Leste;137333;119;0.0867%
SAO PAULO;253;Tatuapé;Leste;224044;118;0.0527%
SAO PAULO;390;Cangaíba;Leste;121837;116;0.0952%
SAO PAULO;374;Rio Pequeno;Oeste;255425;115;0.0450%
SAO PAULO;404;Cidade Tiradentes;Leste;194278;114;0.0587%
SAO PAULO;248;Itaquera;Leste;159560;114;0.0714%
SAO PAULO;348;Vila Formosa;Leste;102916;111;0.1079%
SAO PAULO;1;Bela Vista;Centro;151385;109;0.0720%
SAO PAULO;247;São Miguel Paulista;Leste;109753;107;0.0975%
SAO PAULO;257;Vila Prudente;Leste;179028;105;0.0587%
OUROESTE;302;OUROESTE;Fora da Capital;7527;103;1.3684%
SAO PAULO;326;Ermelino Matarazzo;Leste;109946;101;0.0919%
OSASCO;331;OSASCO;Fora da Capital;125288;99;0.0790%
SAO PAULO;260;Ipiranga;Sul;182858;97;0.0530%
SAO PAULO;252;Penha de França;Leste;113044;96;0.0849%
SAO PAULO;6;Vila Mariana;Sul;166901;92;0.0551%
SAO PAULO;346;Morumbi;Oeste;145210;90;0.0620%
SAO PAULO;251;Pinheiros;Oeste;115917;90;0.0776%
SAO PAULO;413;Cursino;Sul;153329;84;0.0548%
MAIRIPORA;237;MAIRIPORA;Fora da Capital;65866;84;0.1275%
SAO PAULO;372;Piraporinha;Sul;282827;82;0.0290%
SAO PAULO;258;Indianópolis;Sul;190661;80;0.0420%
FRANCO DA ROCHA;192;FRANCO DA ROCHA;Fora da Capital;104865;79;0.0753%
SAO PAULO;4;Mooca;Leste;165159;75;0.0454%
SAO PAULO;352;Itaim Paulista;Leste;209356;75;0.0358%
SUMARE;230;SUMARE;Fora da Capital;75663;75;0.0991%
SAO PAULO;5;Jardim Paulista;Oeste;125661;70;0.0557%
SAO PAULO;353;Guaianases;Leste;184744;69;0.0373%
SANTANA DE PARNAIBA;428;SANTANA DE PARNAIBA;Fora da Capital;0;68;
SAO PAULO;259;Saúde;Sul;156075;68;0.0436%
SAO PAULO;417;Parque do Carmo;Leste;127302;67;0.0526%
SAO PAULO;405;Conjunto José Bonifácio;Leste;109503;65;0.0594%
VINHEDO;345;VINHEDO;Fora da Capital;63005;57;0.0905%
BARRETOS;21;BARRETOS;Fora da Capital;91066;56;0.0615%
SAO PAULO;320;Jabaquara;Sul;186509;53;0.0284%
SAO PAULO;351;Cidade Ademar;Sul;134732;53;0.0393%
OSASCO;276;OSASCO;Fora da Capital;95673;52;0.0544%
SAO PAULO;246;Santo Amaro;Sul;120368;51;0.0424%
VARZEA PAULISTA;242;VARZEA PAULISTA;Fora da Capital;83504;51;0.0611%
NAZARE PAULISTA;16;NAZARE PAULISTA;Fora da Capital;15059;49;0.3254%
SAO PAULO;408;Jardim São Luís;Sul;169870;48;0.0283%
ITUPEVA;65;ITUPEVA;Fora da Capital;45168;45;0.0996%
PIRACAIA;92;PIRACAIA;Fora da Capital;22645;44;0.1943%
BARUERI;386;BARUERI;Fora da Capital;129401;43;0.0332%
POPULINA;233;POPULINA;Fora da Capital;3780;42;1.1111%
COTIA;227;COTIA;Fora da Capital;120964;41;0.0339%
CARAPICUIBA;303;CARAPICUIBA;Fora da Capital;139456;39;0.0280%
JUQUITIBA;201;JUQUITIBA;Fora da Capital;23942;38;0.1587%
POA;219;POA;Fora da Capital;94984;38;0.0400%
GUARULHOS;176;GUARULHOS;Fora da Capital;135757;38;0.0280%
BARUERI;199;BARUERI;Fora da Capital;149988;37;0.0247%
JUNDIAI;281;JUNDIAI;Fora da Capital;158457;37;0.0234%
SAO PAULO;418;Pedreira;Sul;198069;35;0.0177%
MONTE MOR;358;MONTE MOR;Fora da Capital;47499;35;0.0737%
SAO PAULO;371;Grajaú;Sul;200996;34;0.0169%
JUNDIAI;65;JUNDIAI;Fora da Capital;90227;34;0.0377%
GUARULHOS;393;GUARULHOS;Fora da Capital;127111;32;0.0252%
BRAGANCA PAULISTA;27;BRAGANCA PAULISTA;Fora da Capital;111603;32;0.0287%
CAJAMAR;354;CAJAMAR;Fora da Capital;68076;30;0.0441%
EMBU DAS ARTES;391;EMBU DAS ARTES;Fora da Capital;101238;30;0.0296%
PRAIA GRANDE;406;PRAIA GRANDE;Fora da Capital;129719;30;0.0231%
ITAPECERICA DA SERRA;201;ITAPECERICA DA SERRA;Fora da Capital;123695;29;0.0234%
EMBU DAS ARTES;341;EMBU DAS ARTES;Fora da Capital;98418;29;0.0295%
SANTO ANDRE;264;SANTO ANDRE;Fora da Capital;80284;29;0.0361%
GUARULHOS;278;GUARULHOS;Fora da Capital;100475;27;0.0269%
FERRAZ DE VASCONCELOS;401;FERRAZ DE VASCONCELOS;Fora da Capital;133806;27;0.0202%
TANABI;138;TANABI;Fora da Capital;20685;26;0.1257%
PIRASSUNUNGA;96;PIRASSUNUNGA;Fora da Capital;59355;26;0.0438%
HORTOLANDIA;361;HORTOLANDIA;Fora da Capital;165269;25;0.0151%
TABOAO DA SERRA;324;TABOAO DA SERRA;Fora da Capital;98311;25;0.0254%
APARECIDA D'OESTE;232;APARECIDA D'OESTE;Fora da Capital;4016;25;0.6225%
CARDOSO;224;CARDOSO;Fora da Capital;10262;24;0.2339%
JUNDIAI;424;JUNDIAI;Fora da Capital;82268;24;0.0292%
OSASCO;277;OSASCO;Fora da Capital;81357;24;0.0295%
OSASCO;315;OSASCO;Fora da Capital;133837;23;0.0172%
SAO PAULO;280;Capela do Socorro;Sul;173777;23;0.0132%
RIO GRANDE DA SERRA;382;RIO GRANDE DA SERRA;Fora da Capital;35759;22;0.0615%
ELDORADO;148;ELDORADO;Fora da Capital;11823;22;0.1861%
ATIBAIA;16;ATIBAIA;Fora da Capital;119604;22;0.0184%
VARGEM GRANDE PAULISTA;286;VARGEM GRANDE PAULISTA;Fora da Capital;40807;22;0.0539%
ARARAS;14;ARARAS;Fora da Capital;101312;22;0.0217%
OSASCO;332;OSASCO;Fora da Capital;75676;21;0.0277%
SAO PAULO;381;Parelheiros;Sul;242409;21;0.0087%
OSASCO;213;OSASCO;Fora da Capital;76275;21;0.0275%
SAO BERNARDO DO CAMPO;296;SAO BERNARDO DO CAMPO;Fora da Capital;107532;21;0.0195%
PINHALZINHO;136;PINHALZINHO;Fora da Capital;11749;20;0.1702%
CARAGUATATUBA;206;CARAGUATATUBA;Fora da Capital;104071;19;0.0183%
DOLCINOPOLIS;233;DOLCINOPOLIS;Fora da Capital;2185;19;0.8696%
CATANDUVA;40;CATANDUVA;Fora da Capital;88190;19;0.0215%
PERUIBE;295;PERUIBE;Fora da Capital;61798;19;0.0307%
VOTUPORANGA;147;VOTUPORANGA;Fora da Capital;72777;19;0.0261%
TABOAO DA SERRA;416;TABOAO DA SERRA;Fora da Capital;125606;19;0.0151%
CARAPICUIBA;388;CARAPICUIBA;Fora da Capital;161023;19;0.0118%
SANTO ANDRE;263;SANTO ANDRE;Fora da Capital;105210;18;0.0171%
ITANHAEM;189;ITANHAEM;Fora da Capital;85042;18;0.0212%
MONGAGUA;189;MONGAGUA;Fora da Capital;50019;18;0.0360%
MOGI DAS CRUZES;287;MOGI DAS CRUZES;Fora da Capital;160200;18;0.0112%
MERIDIANO;302;MERIDIANO;Fora da Capital;3649;17;0.4659%
DIADEMA;329;DIADEMA;Fora da Capital;164967;17;0.0103%
GUARULHOS;185;GUARULHOS;Fora da Capital;151561;17;0.0112%
GUARULHOS;279;GUARULHOS;Fora da Capital;122128;16;0.0131%
CAMPINAS;274;CAMPINAS;Fora da Capital;95214;16;0.0168%
ITAPEVI;359;ITAPEVI;Fora da Capital;163889;15;0.0092%
RIO CLARO;110;RIO CLARO;Fora da Capital;87383;15;0.0172%
VALINHOS;34;VALINHOS;Fora da Capital;96405;15;0.0156%
SUZANO;415;SUZANO;Fora da Capital;104753;14;0.0134%
CAFELANDIA;31;CAFELANDIA;Fora da Capital;13255;14;0.1056%
SOCORRO;136;SOCORRO;Fora da Capital;31383;14;0.0446%
AGUAS DE LINDOIA;134;AGUAS DE LINDOIA;Fora da Capital;14928;14;0.0938%
SAO CAETANO DO SUL;166;SAO CAETANO DO SUL;Fora da Capital;67850;14;0.0206%
ITU;59;ITU;Fora da Capital;126674;14;0.0111%
CAJATI;228;CAJATI;Fora da Capital;24160;14;0.0579%
SANTA BARBARA D'OESTE;186;SANTA BARBARA D'OESTE;Fora da Capital;146207;14;0.0096%
AVARE;17;AVARE;Fora da Capital;68765;13;0.0189%
DIADEMA;222;DIADEMA;Fora da Capital;88678;13;0.0147%
ARUJA;335;ARUJA;Fora da Capital;71158;13;0.0183%
LIMEIRA;66;LIMEIRA;Fora da Capital;116922;13;0.0111%
MARTINOPOLIS;71;MARTINOPOLIS;Fora da Capital;17960;13;0.0724%
ITAQUAQUECETUBA;419;ITAQUAQUECETUBA;Fora da Capital;144027;13;0.0090%
ESTRELA D'OESTE;233;ESTRELA D'OESTE;Fora da Capital;7322;13;0.1775%
BAURU;23;BAURU;Fora da Capital;110184;12;0.0109%
JALES;152;JALES;Fora da Capital;38572;12;0.0311%
LOUVEIRA;345;LOUVEIRA;Fora da Capital;37312;12;0.0322%
SANTA ISABEL;115;SANTA ISABEL;Fora da Capital;43208;12;0.0278%
SANTOS;273;SANTOS;Fora da Capital;123366;11;0.0089%
ARACARIGUAMA;131;ARACARIGUAMA;Fora da Capital;17269;11;0.0637%
VITORIA BRASIL;233;VITORIA BRASIL;Fora da Capital;1626;11;0.6765%
AMERICANA;384;AMERICANA;Fora da Capital;100739;11;0.0109%
MOGI DAS CRUZES;74;MOGI DAS CRUZES;Fora da Capital;98090;11;0.0112%
MIRA ESTRELA;224;MIRA ESTRELA;Fora da Capital;2749;11;0.4001%
SANTO ANDRE;306;SANTO ANDRE;Fora da Capital;91019;11;0.0121%
GUARULHOS;395;GUARULHOS;Fora da Capital;129180;11;0.0085%
AMERICANA;158;AMERICANA;Fora da Capital;79480;10;0.0126%
CAMPO LIMPO PAULISTA;344;CAMPO LIMPO PAULISTA;Fora da Capital;61602;10;0.0162%
EMBU-GUACU;370;EMBU-GUACU;Fora da Capital;56441;10;0.0177%
PIRAPOZINHO;261;PIRAPOZINHO;Fora da Capital;21216;10;0.0471%
CAMPINAS;275;CAMPINAS;Fora da Capital;149445;10;0.0067%
CAMPINA DO MONTE ALEGRE;215;CAMPINA DO MONTE ALEGRE;Fora da Capital;4958;10;0.2017%
SAO BERNARDO DO CAMPO;414;SAO BERNARDO DO CAMPO;Fora da Capital;84733;10;0.0118%
PRAIA GRANDE;317;PRAIA GRANDE;Fora da Capital;117434;10;0.0085%
SAO JOSE DO RIO PRETO;125;SAO JOSE DO RIO PRETO;Fora da Capital;90731;10;0.0110%
INDAIATUBA;211;INDAIATUBA;Fora da Capital;188286;9;0.0048%
ITAQUAQUECETUBA;377;ITAQUAQUECETUBA;Fora da Capital;107350;9;0.0084%
IBIUNA;191;IBIUNA;Fora da Capital;63478;9;0.0142%
SAO CAETANO DO SUL;269;SAO CAETANO DO SUL;Fora da Capital;78560;9;0.0115%
MACEDONIA;302;MACEDONIA;Fora da Capital;3608;9;0.2494%
COTIA;286;COTIA;Fora da Capital;64067;9;0.0140%
SAO VICENTE;177;SAO VICENTE;Fora da Capital;110286;8;0.0073%
SAO ROQUE;131;SAO ROQUE;Fora da Capital;63625;8;0.0126%
GUARULHOS;394;GUARULHOS;Fora da Capital;162192;8;0.0049%
SUZANO;181;SUZANO;Fora da Capital;123802;8;0.0065%
UBATUBA;144;UBATUBA;Fora da Capital;76224;8;0.0105%
GUARUJA;212;GUARUJA;Fora da Capital;127557;8;0.0063%
BORBOREMA;55;BORBOREMA;Fora da Capital;11562;8;0.0692%
SERTAOZINHO;135;SERTAOZINHO;Fora da Capital;97072;8;0.0082%
BERTIOGA;272;BERTIOGA;Fora da Capital;48327;8;0.0166%
SOROCABA;343;SOROCABA;Fora da Capital;90745;8;0.0088%
JANDIRA;304;JANDIRA;Fora da Capital;81159;8;0.0099%
SANTO ANDRE;156;SANTO ANDRE;Fora da Capital;105030;7;0.0067%
SAO SEBASTIAO;132;SAO SEBASTIAO;Fora da Capital;66581;7;0.0105%
JARINU;344;JARINU;Fora da Capital;0;7;
RIBEIRAO PIRES;183;RIBEIRAO PIRES;Fora da Capital;69721;7;0.0100%
SANTA FE DO SUL;187;SANTA FE DO SUL;Fora da Capital;27145;7;0.0258%
SERRA NEGRA;134;SERRA NEGRA;Fora da Capital;23408;7;0.0299%
CAMPINAS;33;CAMPINAS;Fora da Capital;62004;7;0.0113%
SAO BERNARDO DO CAMPO;284;SAO BERNARDO DO CAMPO;Fora da Capital;80181;7;0.0087%
SAO JOSE DOS CAMPOS;411;SAO JOSE DOS CAMPOS;Fora da Capital;146272;7;0.0048%
CABREUVA;59;CABREUVA;Fora da Capital;35451;7;0.0197%
TUIUTI;298;TUIUTI;Fora da Capital;5518;7;0.1269%
MAUA;217;MAUA;Fora da Capital;90862;7;0.0077%
CAMPINAS;380;CAMPINAS;Fora da Capital;117639;6;0.0051%
SAO LOURENCO DA SERRA;201;SAO LOURENCO DA SERRA;Fora da Capital;12474;6;0.0481%
CAMPINAS;379;CAMPINAS;Fora da Capital;160691;6;0.0037%
SAO JOAO DE IRACEMA;225;SAO JOAO DE IRACEMA;Fora da Capital;1722;6;0.3484%
SAO JOSE DO RIO PRETO;268;SAO JOSE DO RIO PRETO;Fora da Capital;107698;6;0.0056%
LIMEIRA;399;LIMEIRA;Fora da Capital;113340;6;0.0053%
CAMPINAS;378;CAMPINAS;Fora da Capital;201707;6;0.0030%
MARILIA;400;MARILIA;Fora da Capital;93243;6;0.0064%
TAUBATE;141;TAUBATE;Fora da Capital;89423;6;0.0067%
TAQUARITINGA;139;TAQUARITINGA;Fora da Capital;40780;6;0.0147%
SOROCABA;356;SOROCABA;Fora da Capital;139973;6;0.0043%
SOROCABA;342;SOROCABA;Fora da Capital;111580;6;0.0054%
MAUA;365;MAUA;Fora da Capital;124104;6;0.0048%
JAGUARIUNA;333;JAGUARIUNA;Fora da Capital;44995;6;0.0133%
SAO BERNARDO DO CAMPO;283;SAO BERNARDO DO CAMPO;Fora da Capital;77612;6;0.0077%
SANTA CLARA D'OESTE;187;SANTA CLARA D'OESTE;Fora da Capital;2390;6;0.2510%
SANTO ANASTACIO;117;SANTO ANASTACIO;Fora da Capital;15310;6;0.0392%
SOROCABA;271;SOROCABA;Fora da Capital;95028;5;0.0053%
PIRACICABA;270;PIRACICABA;Fora da Capital;155213;5;0.0032%
PEDRANOPOLIS;302;PEDRANOPOLIS;Fora da Capital;2337;5;0.2139%
SAO JOSE DO RIO PRETO;267;SAO JOSE DO RIO PRETO;Fora da Capital;146085;5;0.0034%
NOVA ODESSA;292;NOVA ODESSA;Fora da Capital;47897;5;0.0104%
RIBEIRAO PRETO;305;RIBEIRAO PRETO;Fora da Capital;121744;5;0.0041%
BIRITIBA MIRIM;319;BIRITIBA MIRIM;Fora da Capital;24008;5;0.0208%
CAPELA DO ALTO;140;CAPELA DO ALTO;Fora da Capital;14907;5;0.0335%
AMPARO;8;AMPARO;Fora da Capital;57481;5;0.0087%
TUPI PAULISTA;175;TUPI PAULISTA;Fora da Capital;11460;5;0.0436%
PARDINHO;26;PARDINHO;Fora da Capital;5736;5;0.0872%
CAMPINAS;423;CAMPINAS;Fora da Capital;92015;5;0.0054%
CERQUILHO;355;CERQUILHO;Fora da Capital;36825;5;0.0136%
SAO SEBASTIAO DA GRAMA;229;SAO SEBASTIAO DA GRAMA;Fora da Capital;8559;5;0.0584%
TURMALINA;233;TURMALINA;Fora da Capital;1872;5;0.2671%
ASSIS;15;ASSIS;Fora da Capital;74117;4;0.0054%
CUBATAO;119;CUBATAO;Fora da Capital;94385;4;0.0042%
PRESIDENTE PRUDENTE;402;PRESIDENTE PRUDENTE;Fora da Capital;95963;4;0.0042%
ILHABELA;132;ILHABELA;Fora da Capital;29483;4;0.0136%
SAO BERNARDO DO CAMPO;174;SAO BERNARDO DO CAMPO;Fora da Capital;149529;4;0.0027%
SAO VICENTE;340;SAO VICENTE;Fora da Capital;148734;4;0.0027%
JABOTICABAL;61;JABOTICABAL;Fora da Capital;55170;4;0.0073%
MAUA;339;MAUA;Fora da Capital;100744;4;0.0040%
BRAGANCA PAULISTA;298;BRAGANCA PAULISTA;Fora da Capital;23571;4;0.0170%
SANTO ANDRE;383;SANTO ANDRE;Fora da Capital;113218;4;0.0035%
MAIRINQUE;131;MAIRINQUE;Fora da Capital;40243;4;0.0099%
CESARIO LANGE;355;CESARIO LANGE;Fora da Capital;13968;4;0.0286%
SANTOS;272;SANTOS;Fora da Capital;112163;4;0.0036%
PINDAMONHANGABA;90;PINDAMONHANGABA;Fora da Capital;122040;4;0.0033%
MOGI GUACU;216;MOGI GUACU;Fora da Capital;119695;4;0.0033%
GENERAL SALGADO;225;GENERAL SALGADO;Fora da Capital;8392;4;0.0477%
RIBEIRAO PRETO;108;RIBEIRAO PRETO;Fora da Capital;110051;4;0.0036%
REGISTRO;172;REGISTRO;Fora da Capital;48236;4;0.0083%
MOGI DAS CRUZES;319;MOGI DAS CRUZES;Fora da Capital;74692;4;0.0054%
AGUAS DE SAO PEDRO;130;AGUAS DE SAO PEDRO;Fora da Capital;3976;4;0.1006%
PIRACICABA;93;PIRACICABA;Fora da Capital;106524;4;0.0038%
MESOPOLIS;427;MESOPOLIS;Fora da Capital;1784;3;0.1682%
MORUNGABA;58;MORUNGABA;Fora da Capital;10759;3;0.0279%
SAO JOAO DAS DUAS PONTES;233;SAO JOAO DAS DUAS PONTES;Fora da Capital;2277;3;0.1318%
RIBEIRAO PRETO;265;RIBEIRAO PRETO;Fora da Capital;122938;3;0.0024%
TATUI;140;TATUI;Fora da Capital;92635;3;0.0032%
DIADEMA;426;DIADEMA;Fora da Capital;85668;3;0.0035%
SAO CARLOS;121;SAO CARLOS;Fora da Capital;107076;3;0.0028%
SALES;207;SALES;Fora da Capital;5149;3;0.0583%
TAUBATE;407;TAUBATE;Fora da Capital;149106;3;0.0020%
URUPES;207;URUPES;Fora da Capital;11184;3;0.0268%
GUARUJA;310;GUARUJA;Fora da Capital;107837;3;0.0028%
BOM JESUS DOS PERDOES;16;BOM JESUS DOS PERDOES;Fora da Capital;18412;3;0.0163%
SAO JOSE DOS CAMPOS;127;SAO JOSE DOS CAMPOS;Fora da Capital;142752;3;0.0021%
JAU;63;JAU;Fora da Capital;104871;3;0.0029%
UCHOA;312;UCHOA;Fora da Capital;8083;3;0.0371%
ITAPEVA;53;ITAPEVA;Fora da Capital;72160;3;0.0042%
QUADRA;355;QUADRA;Fora da Capital;3809;3;0.0788%
JACAREI;396;JACAREI;Fora da Capital;92503;3;0.0032%
SOROCABA;137;SOROCABA;Fora da Capital;76277;3;0.0039%
BAURU;387;BAURU;Fora da Capital;91513;2;0.0022%
GABRIEL MONTEIRO;210;GABRIEL MONTEIRO;Fora da Capital;2546;2;0.0786%
PAULINIA;323;PAULINIA;Fora da Capital;84252;2;0.0024%
ARARAQUARA;13;ARARAQUARA;Fora da Capital;73910;2;0.0027%
REGENTE FEIJO;167;REGENTE FEIJO;Fora da Capital;15278;2;0.0131%
PALMARES PAULISTA;111;PALMARES PAULISTA;Fora da Capital;7852;2;0.0255%
ILHA COMPRIDA;51;ILHA COMPRIDA;Fora da Capital;12846;2;0.0156%
RIO CLARO;288;RIO CLARO;Fora da Capital;69010;2;0.0029%
PIRAPORA DO BOM JESUS;428;PIRAPORA DO BOM JESUS;Fora da Capital;0;2;
BURITAMA;214;BURITAMA;Fora da Capital;13694;2;0.0146%
COSMOPOLIS;360;COSMOPOLIS;Fora da Capital;46496;2;0.0043%
GUARAREMA;319;GUARAREMA;Fora da Capital;25664;2;0.0078%
PEDRO DE TOLEDO;295;PEDRO DE TOLEDO;Fora da Capital;8451;2;0.0237%
SAO JOAO DO PAU D'ALHO;175;SAO JOAO DO PAU D'ALHO;Fora da Capital;2025;2;0.0988%
COLINA;178;COLINA;Fora da Capital;15025;2;0.0133%
MIRACATU;218;MIRACATU;Fora da Capital;16746;2;0.0119%
ARACATUBA;299;ARACATUBA;Fora da Capital;77954;2;0.0026%
BAURU;300;BAURU;Fora da Capital;77949;2;0.0026%
SAO PEDRO;130;SAO PEDRO;Fora da Capital;27290;2;0.0073%
MONTE AZUL PAULISTA;171;MONTE AZUL PAULISTA;Fora da Capital;14233;2;0.0141%
SAO JOSE DOS CAMPOS;412;SAO JOSE DOS CAMPOS;Fora da Capital;186611;2;0.0011%
MONTEIRO LOBATO;282;MONTEIRO LOBATO;Fora da Capital;3971;2;0.0504%
SEVERINIA;80;SEVERINIA;Fora da Capital;12277;2;0.0163%
ARACOIABA DA SERRA;294;ARACOIABA DA SERRA;Fora da Capital;24804;2;0.0081%
RIBEIRAO PIRES;382;RIBEIRAO PIRES;Fora da Capital;21269;2;0.0094%
ITAPUI;241;ITAPUI;Fora da Capital;10193;2;0.0196%
SARUTAIA;234;SARUTAIA;Fora da Capital;3171;2;0.0631%
MONTE CASTELO;175;MONTE CASTELO;Fora da Capital;3494;2;0.0572%
LENCOIS PAULISTA;161;LENCOIS PAULISTA;Fora da Capital;51429;2;0.0039%
BOTUCATU;26;BOTUCATU;Fora da Capital;106890;2;0.0019%
SANTOS;118;SANTOS;Fora da Capital;117066;2;0.0017%
ELIAS FAUSTO;358;ELIAS FAUSTO;Fora da Capital;14098;2;0.0142%
PAULICEIA;175;PAULICEIA;Fora da Capital;5958;2;0.0336%
LINS;67;LINS;Fora da Capital;58154;2;0.0034%
GUARARAPES;151;GUARARAPES;Fora da Capital;23442;2;0.0085%
DRACENA;149;DRACENA;Fora da Capital;35437;2;0.0056%
BOITUVA;369;BOITUVA;Fora da Capital;46475;2;0.0043%
NEVES PAULISTA;72;NEVES PAULISTA;Fora da Capital;7696;2;0.0260%
RIBEIRAO PRETO;266;RIBEIRAO PRETO;Fora da Capital;112928;2;0.0018%
PORANGABA;140;PORANGABA;Fora da Capital;7437;2;0.0269%
CACHOEIRA PAULISTA;145;CACHOEIRA PAULISTA;Fora da Capital;25599;2;0.0078%
IGARATA;115;IGARATA;Fora da Capital;9111;2;0.0220%
GUARATINGUETA;48;GUARATINGUETA;Fora da Capital;95619;2;0.0021%
MONTE APRAZIVEL;77;MONTE APRAZIVEL;Fora da Capital;17862;2;0.0112%
AGUAS DA PRATA;122;AGUAS DA PRATA;Fora da Capital;6331;2;0.0316%
SALESOPOLIS;112;SALESOPOLIS;Fora da Capital;15422;2;0.0130%
MONTE ALTO;76;MONTE ALTO;Fora da Capital;38289;2;0.0052%
RIOLANDIA;164;RIOLANDIA;Fora da Capital;7290;2;0.0274%
PIRATININGA;23;PIRATININGA;Fora da Capital;9629;2;0.0208%
JACUPIRANGA;228;JACUPIRANGA;Fora da Capital;13604;2;0.0147%
VALENTIM GENTIL;147;VALENTIM GENTIL;Fora da Capital;10234;2;0.0195%
SAO BERNARDO DO CAMPO;409;SAO BERNARDO DO CAMPO;Fora da Capital;140373;2;0.0014%
MACATUBA;86;MACATUBA;Fora da Capital;13281;2;0.0151%
GUARANI D'OESTE;302;GUARANI D'OESTE;Fora da Capital;1633;2;0.1225%
SAO SIMAO;133;SAO SIMAO;Fora da Capital;12124;2;0.0165%
PAULO DE FARIA;164;PAULO DE FARIA;Fora da Capital;6450;2;0.0310%
UBARANA;64;UBARANA;Fora da Capital;4639;2;0.0431%
CATIGUA;179;CATIGUA;Fora da Capital;5822;2;0.0344%
GUARA;60;GUARA;Fora da Capital;14119;1;0.0071%
GUARANTA;31;GUARANTA;Fora da Capital;5181;1;0.0193%
MIGUELOPOLIS;208;MIGUELOPOLIS;Fora da Capital;14772;1;0.0068%
PORTO FELIZ;100;PORTO FELIZ;Fora da Capital;42612;1;0.0023%
MAGDA;162;MAGDA;Fora da Capital;2667;1;0.0375%
ALVARES FLORENCE;147;ALVARES FLORENCE;Fora da Capital;3804;1;0.0263%
IBATE;410;IBATE;Fora da Capital;26294;1;0.0038%
PRESIDENTE VENCESLAU;102;PRESIDENTE VENCESLAU;Fora da Capital;29020;1;0.0034%
PEDERNEIRAS;86;PEDERNEIRAS;Fora da Capital;34629;1;0.0029%
OLIMPIA;80;OLIMPIA;Fora da Capital;43594;1;0.0023%
SANTA ROSA DE VITERBO;133;SANTA ROSA DE VITERBO;Fora da Capital;19831;1;0.0050%
CAPIVARI;38;CAPIVARI;Fora da Capital;39287;1;0.0025%
MARINOPOLIS;232;MARINOPOLIS;Fora da Capital;1806;1;0.0554%
CANDIDO MOTA;226;CANDIDO MOTA;Fora da Capital;24747;1;0.0040%
SAO FRANCISCO;232;SAO FRANCISCO;Fora da Capital;2530;1;0.0395%
SERRANA;109;SERRANA;Fora da Capital;34817;1;0.0029%
ROSANA;330;ROSANA;Fora da Capital;15383;1;0.0065%
TAPIRATIBA;30;TAPIRATIBA;Fora da Capital;10480;1;0.0095%
INDIANA;71;INDIANA;Fora da Capital;3948;1;0.0253%
SARAPUI;52;SARAPUI;Fora da Capital;7609;1;0.0131%
MARAPOAMA;79;MARAPOAMA;Fora da Capital;2767;1;0.0361%
SAO JOSE DO RIO PARDO;124;SAO JOSE DO RIO PARDO;Fora da Capital;42715;1;0.0023%
LUCELIA;69;LUCELIA;Fora da Capital;13581;1;0.0074%
VARGEM;298;VARGEM;Fora da Capital;6928;1;0.0144%
TAPIRAI;89;TAPIRAI;Fora da Capital;6545;1;0.0153%
SAO CARLOS;410;SAO CARLOS;Fora da Capital;86881;1;0.0012%
BILAC;210;BILAC;Fora da Capital;6438;1;0.0155%
SALTO DE PIRAPORA;294;SALTO DE PIRAPORA;Fora da Capital;30721;1;0.0033%
MARILIA;70;MARILIA;Fora da Capital;88146;1;0.0011%
PARAIBUNA;84;PARAIBUNA;Fora da Capital;14283;1;0.0070%
RIO DAS PEDRAS;244;RIO DAS PEDRAS;Fora da Capital;25114;1;0.0040%
VOTORANTIM;220;VOTORANTIM;Fora da Capital;90853;1;0.0011%
PENAPOLIS;87;PENAPOLIS;Fora da Capital;47524;1;0.0021%
OURINHOS;82;OURINHOS;Fora da Capital;81097;1;0.0012%
MANDURI;94;MANDURI;Fora da Capital;7467;1;0.0134%
PORTO FERREIRA;194;PORTO FERREIRA;Fora da Capital;42556;1;0.0023%
JAMBEIRO;29;JAMBEIRO;Fora da Capital;4970;1;0.0201%
FERNANDO PRESTES;139;FERNANDO PRESTES;Fora da Capital;5091;1;0.0196%
EMILIANOPOLIS;165;EMILIANOPOLIS;Fora da Capital;2735;1;0.0366%
ITAI;301;ITAI;Fora da Capital;17555;1;0.0057%
ARTUR NOGUEIRA;360;ARTUR NOGUEIRA;Fora da Capital;0;1;
MORRO AGUDO;336;MORRO AGUDO;Fora da Capital;21198;1;0.0047%
SAO JOAQUIM DA BARRA;123;SAO JOAQUIM DA BARRA;Fora da Capital;38079;1;0.0026%
IPAUSSU;114;IPAUSSU;Fora da Capital;10758;1;0.0093%
PIEDADE;89;PIEDADE;Fora da Capital;43483;1;0.0023%
PONTALINDA;152;PONTALINDA;Fora da Capital;3288;1;0.0304%
BIRIGUI;25;BIRIGUI;Fora da Capital;89401;1;0.0011%
PIQUETE;68;PIQUETE;Fora da Capital;10087;1;0.0099%
COSMORAMA;138;COSMORAMA;Fora da Capital;7136;1;0.0140%
IPORANGA;148;IPORANGA;Fora da Capital;3480;1;0.0287%
NOVA CANAA PAULISTA;187;NOVA CANAA PAULISTA;Fora da Capital;2042;1;0.0490%
FRANCA;46;FRANCA;Fora da Capital;121980;1;0.0008%
SETE BARRAS;172;SETE BARRAS;Fora da Capital;11314;1;0.0088%
LEME;188;LEME;Fora da Capital;75761;1;0.0013%
IGARAPAVA;50;IGARAPAVA;Fora da Capital;21458;1;0.0047%
SANTA MARIA DA SERRA;130;SANTA MARIA DA SERRA;Fora da Capital;4313;1;0.0232%
TUPA;143;TUPA;Fora da Capital;50636;1;0.0020%
PARANAPUA;427;PARANAPUA;Fora da Capital;3428;1;0.0292%
PEREIRA BARRETO;88;PEREIRA BARRETO;Fora da Capital;20513;1;0.0049%
ITAPETININGA;52;ITAPETININGA;Fora da Capital;117697;1;0.0008%
RIBEIRA;10;RIBEIRA;Fora da Capital;3027;1;0.0330%
SUMARE;362;SUMARE;Fora da Capital;122740;1;0.0008%
JACAREI;62;JACAREI;Fora da Capital;84331;1;0.0012%
AMERICO DE CAMPOS;138;AMERICO DE CAMPOS;Fora da Capital;4943;1;0.0202%
SAO MIGUEL ARCANJO;318;SAO MIGUEL ARCANJO;Fora da Capital;25689;1;0.0039%
SANTO ANDRE;307;SANTO ANDRE;Fora da Capital;88627;1;0.0011%
SANTA CRUZ DAS PALMEIRAS;39;SANTA CRUZ DAS PALMEIRAS;Fora da Capital;21257;1;0.0047%
SANTO ANTONIO DE POSSE;333;SANTO ANTONIO DE POSSE;Fora da Capital;17082;1;0.0059%
GUARACI;80;GUARACI;Fora da Capital;8566;1;0.0117%
BARRA BONITA;200;BARRA BONITA;Fora da Capital;30177;1;0.0033%
CAPAO BONITO;37;CAPAO BONITO;Fora da Capital;36543;1;0.0027%
BOFETE;41;BOFETE;Fora da Capital;8615;1;0.0116%
SANTA ALBERTINA;427;SANTA ALBERTINA;Fora da Capital;5220;1;0.0192%
ITIRAPINA;245;ITIRAPINA;Fora da Capital;10161;1;0.0098%
CERQUEIRA CESAR;205;CERQUEIRA CESAR;Fora da Capital;15932;1;0.0063%
MOGI MIRIM;75;MOGI MIRIM;Fora da Capital;71328;1;0.0014%
DOBRADA;170;DOBRADA;Fora da Capital;6540;1;0.0153%
PARIQUERA-ACU;228;PARIQUERA-ACU;Fora da Capital;15626;1;0.0064%
PITANGUEIRAS;98;PITANGUEIRAS;Fora da Capital;26840;1;0.0037%
PEDRA BELA;298;PEDRA BELA;Fora da Capital;5212;1;0.0192%
CORDEIROPOLIS;243;CORDEIROPOLIS;Fora da Capital;19855;1;0.0050%
PALMITAL;83;PALMITAL;Fora da Capital;17310;1;0.0058%
HOLAMBRA;360;HOLAMBRA;Fora da Capital;0;1;
PRESIDENTE ALVES;95;PRESIDENTE ALVES;Fora da Capital;3458;0;0.0000%
JUQUIA;223;JUQUIA;Fora da Capital;17131;0;0.0000%
EMBAUBA;171;EMBAUBA;Fora da Capital;2379;0;0.0000%
AGUAI;122;AGUAI;Fora da Capital;24109;0;0.0000%
PONTES GESTAL;224;PONTES GESTAL;Fora da Capital;2358;0;0.0000%
ESPIRITO SANTO DO PINHAL;91;ESPIRITO SANTO DO PINHAL;Fora da Capital;33828;0;0.0000%
ITAOCA;10;ITAOCA;Fora da Capital;3058;0;0.0000%
SUZANAPOLIS;88;SUZANAPOLIS;Fora da Capital;2953;0;0.0000%
RINCAO;239;RINCAO;Fora da Capital;7711;0;0.0000%
HERCULANDIA;184;HERCULANDIA;Fora da Capital;7228;0;0.0000%
PRESIDENTE BERNARDES;165;PRESIDENTE BERNARDES;Fora da Capital;11231;0;0.0000%
ALVINLANDIA;47;ALVINLANDIA;Fora da Capital;2719;0;0.0000%
BATATAIS;22;BATATAIS;Fora da Capital;45053;0;0.0000%
NOVA EUROPA;13;NOVA EUROPA;Fora da Capital;7786;0;0.0000%
TARUMA;290;TARUMA;Fora da Capital;11721;0;0.0000%
SAO BENTO DO SAPUCAI;314;SAO BENTO DO SAPUCAI;Fora da Capital;9551;0;0.0000%
NANTES;106;NANTES;Fora da Capital;2333;0;0.0000%
ICEM;78;ICEM;Fora da Capital;6338;0;0.0000%
FLORA RICA;196;FLORA RICA;Fora da Capital;1589;0;0.0000%
REGINOPOLIS;95;REGINOPOLIS;Fora da Capital;4932;0;0.0000%
MONTE ALEGRE DO SUL;8;MONTE ALEGRE DO SUL;Fora da Capital;6591;0;0.0000%
DESCALVADO;44;DESCALVADO;Fora da Capital;25244;0;0.0000%
LORENA;68;LORENA;Fora da Capital;65120;0;0.0000%
CAJOBI;171;CAJOBI;Fora da Capital;7852;0;0.0000%
MIRASSOLANDIA;72;MIRASSOLANDIA;Fora da Capital;4088;0;0.0000%
ADOLFO;64;ADOLFO;Fora da Capital;4310;0;0.0000%
BARBOSA;289;BARBOSA;Fora da Capital;5268;0;0.0000%
FLORIDA PAULISTA;157;FLORIDA PAULISTA;Fora da Capital;8076;0;0.0000%
ARARAQUARA;385;ARARAQUARA;Fora da Capital;106946;0;0.0000%
RANCHARIA;106;RANCHARIA;Fora da Capital;24544;0;0.0000%
CRISTAIS PAULISTA;240;CRISTAIS PAULISTA;Fora da Capital;7464;0;0.0000%
BADY BASSITT;126;BADY BASSITT;Fora da Capital;14352;0;0.0000%
NUPORANGA;81;NUPORANGA;Fora da Capital;5954;0;0.0000%
RIBEIRAO BONITO;107;RIBEIRAO BONITO;Fora da Capital;9247;0;0.0000%
POTIRENDABA;126;POTIRENDABA;Fora da Capital;13691;0;0.0000%
CRUZALIA;290;CRUZALIA;Fora da Capital;2013;0;0.0000%
LUPERCIO;180;LUPERCIO;Fora da Capital;3472;0;0.0000%
GARCA;47;GARCA;Fora da Capital;35572;0;0.0000%
DUMONT;293;DUMONT;Fora da Capital;7154;0;0.0000%
GUARIBA;197;GUARIBA;Fora da Capital;29565;0;0.0000%
NOVO HORIZONTE;79;NOVO HORIZONTE;Fora da Capital;30294;0;0.0000%
TORRINHA;28;TORRINHA;Fora da Capital;7379;0;0.0000%
SANDOVALINA;261;SANDOVALINA;Fora da Capital;3503;0;0.0000%
VARGEM GRANDE DO SUL;229;VARGEM GRANDE DO SUL;Fora da Capital;32115;0;0.0000%
MOTUCA;239;MOTUCA;Fora da Capital;3582;0;0.0000%
IBITINGA;49;IBITINGA;Fora da Capital;44240;0;0.0000%
NHANDEARA;162;NHANDEARA;Fora da Capital;7776;0;0.0000%
TRABIJU;107;TRABIJU;Fora da Capital;1588;0;0.0000%
AGUDOS;7;AGUDOS;Fora da Capital;30532;0;0.0000%
FERNAO;47;FERNAO;Fora da Capital;1590;0;0.0000%
CACAPAVA;29;CACAPAVA;Fora da Capital;74893;0;0.0000%
GETULINA;297;GETULINA;Fora da Capital;8070;0;0.0000%
SERRA AZUL;109;SERRA AZUL;Fora da Capital;7766;0;0.0000%
TAQUARAL;98;TAQUARAL;Fora da Capital;2296;0;0.0000%
QUATA;106;QUATA;Fora da Capital;10153;0;0.0000%
GUZOLANDIA;225;GUZOLANDIA;Fora da Capital;3548;0;0.0000%
LUCIANOPOLIS;159;LUCIANOPOLIS;Fora da Capital;2130;0;0.0000%
OCAUCU;180;OCAUCU;Fora da Capital;3289;0;0.0000%
SALTO GRANDE;313;SALTO GRANDE;Fora da Capital;6385;0;0.0000%
CONCHAS;41;CONCHAS;Fora da Capital;13794;0;0.0000%
ANGATUBA;215;ANGATUBA;Fora da Capital;18400;0;0.0000%
LINDOIA;134;LINDOIA;Fora da Capital;5927;0;0.0000%
QUEIROZ;99;QUEIROZ;Fora da Capital;3293;0;0.0000%
ITAJU;19;ITAJU;Fora da Capital;3182;0;0.0000%
BORACEIA;86;BORACEIA;Fora da Capital;3997;0;0.0000%
LAVINIA;146;LAVINIA;Fora da Capital;3966;0;0.0000%
SANTO ANTONIO DO PINHAL;314;SANTO ANTONIO DO PINHAL;Fora da Capital;6390;0;0.0000%
IGUAPE;51;IGUAPE;Fora da Capital;23763;0;0.0000%
ASPASIA;427;ASPASIA;Fora da Capital;1902;0;0.0000%
SILVEIRAS;145;SILVEIRAS;Fora da Capital;5410;0;0.0000%
LUTECIA;12;LUTECIA;Fora da Capital;2450;0;0.0000%
ITABERA;53;ITABERA;Fora da Capital;14329;0;0.0000%
CANAS;68;CANAS;Fora da Capital;3940;0;0.0000%
JARDINOPOLIS;204;JARDINOPOLIS;Fora da Capital;30546;0;0.0000%
MARACAI;290;MARACAI;Fora da Capital;10925;0;0.0000%
ITARIRI;295;ITARIRI;Fora da Capital;9780;0;0.0000%
SEBASTIANOPOLIS DO SUL;77;SEBASTIANOPOLIS DO SUL;Fora da Capital;3025;0;0.0000%
TAGUAI;234;TAGUAI;Fora da Capital;9245;0;0.0000%
BRODOWSKI;204;BRODOWSKI;Fora da Capital;18175;0;0.0000%
ALTO ALEGRE;289;ALTO ALEGRE;Fora da Capital;3648;0;0.0000%
OURO VERDE;149;OURO VERDE;Fora da Capital;6146;0;0.0000%
VERA CRUZ;180;VERA CRUZ;Fora da Capital;7796;0;0.0000%
MIRASSOL;72;MIRASSOL;Fora da Capital;45180;0;0.0000%
ALFREDO MARCONDES;182;ALFREDO MARCONDES;Fora da Capital;4059;0;0.0000%
CANITAR;313;CANITAR;Fora da Capital;3909;0;0.0000%
RIBEIRAO CORRENTE;240;RIBEIRAO CORRENTE;Fora da Capital;4292;0;0.0000%
BARRA DO CHAPEU;10;BARRA DO CHAPEU;Fora da Capital;4793;0;0.0000%
LOURDES;214;LOURDES;Fora da Capital;1954;0;0.0000%
TEJUPA;94;TEJUPA;Fora da Capital;3747;0;0.0000%
RIBEIRAO DOS INDIOS;117;RIBEIRAO DOS INDIOS;Fora da Capital;1882;0;0.0000%
ALTAIR;80;ALTAIR;Fora da Capital;3194;0;0.0000%
SAO LUIS DO PARAITINGA;128;SAO LUIS DO PARAITINGA;Fora da Capital;9986;0;0.0000%
ANDRADINA;9;ANDRADINA;Fora da Capital;45643;0;0.0000%
FLORINEA;290;FLORINEA;Fora da Capital;2709;0;0.0000%
BENTO DE ABREU;146;BENTO DE ABREU;Fora da Capital;2161;0;0.0000%
IARAS;205;IARAS;Fora da Capital;4561;0;0.0000%
MONCOES;162;MONCOES;Fora da Capital;2046;0;0.0000%
BARAO DE ANTONINA;56;BARAO DE ANTONINA;Fora da Capital;2790;0;0.0000%
DIRCE REIS;152;DIRCE REIS;Fora da Capital;1628;0;0.0000%
SANTO ANTONIO DO JARDIM;91;SANTO ANTONIO DO JARDIM;Fora da Capital;5445;0;0.0000%
ITAPOLIS;55;ITAPOLIS;Fora da Capital;31419;0;0.0000%
SAO MANUEL;129;SAO MANUEL;Fora da Capital;31134;0;0.0000%
PARISI;147;PARISI;Fora da Capital;2735;0;0.0000%
SANTA GERTRUDES;243;SANTA GERTRUDES;Fora da Capital;18867;0;0.0000%
TAIUVA;61;TAIUVA;Fora da Capital;4763;0;0.0000%
MACAUBAL;77;MACAUBAL;Fora da Capital;6162;0;0.0000%
ALVARES MACHADO;182;ALVARES MACHADO;Fora da Capital;19242;0;0.0000%
PILAR DO SUL;89;PILAR DO SUL;Fora da Capital;23403;0;0.0000%
IACANGA;49;IACANGA;Fora da Capital;8605;0;0.0000%
PEDRINHAS PAULISTA;290;PEDRINHAS PAULISTA;Fora da Capital;2781;0;0.0000%
GALIA;47;GALIA;Fora da Capital;5261;0;0.0000%
FARTURA;234;FARTURA;Fora da Capital;13272;0;0.0000%
PLATINA;83;PLATINA;Fora da Capital;2714;0;0.0000%
SAO PAULO;398;ZE 398;Capital - não classificada;100961;0;0.0000%
AURIFLAMA;225;AURIFLAMA;Fora da Capital;10967;0;0.0000%
SAGRES;163;SAGRES;Fora da Capital;2097;0;0.0000%
ESTIVA GERBI;216;ESTIVA GERBI;Fora da Capital;9442;0;0.0000%
CAMPOS NOVOS PAULISTA;83;CAMPOS NOVOS PAULISTA;Fora da Capital;3797;0;0.0000%
BREJO ALEGRE;25;BREJO ALEGRE;Fora da Capital;2576;0;0.0000%
PEREIRAS;41;PEREIRAS;Fora da Capital;6840;0;0.0000%
MIRANTE DO PARANAPANEMA;165;MIRANTE DO PARANAPANEMA;Fora da Capital;13268;0;0.0000%
BORA;12;BORA;Fora da Capital;1040;0;0.0000%
ARANDU;301;ARANDU;Fora da Capital;5821;0;0.0000%
PARAGUACU PAULISTA;12;PARAGUACU PAULISTA;Fora da Capital;32600;0;0.0000%
SANTANA DE PARNAIBA;386;SANTANA DE PARNAIBA;Fora da Capital;100466;0;0.0000%
GUAIRA;169;GUAIRA;Fora da Capital;30954;0;0.0000%
TAMBAU;116;TAMBAU;Fora da Capital;15951;0;0.0000%
RESTINGA;240;RESTINGA;Fora da Capital;6750;0;0.0000%
IBIRAREMA;83;IBIRAREMA;Fora da Capital;5245;0;0.0000%
ORLANDIA;81;ORLANDIA;Fora da Capital;31757;0;0.0000%
TRES FRONTEIRAS;187;TRES FRONTEIRAS;Fora da Capital;5144;0;0.0000%
ITAPURA;368;ITAPURA;Fora da Capital;3782;0;0.0000%
TIETE;142;TIETE;Fora da Capital;30783;0;0.0000%
SANTA ERNESTINA;139;SANTA ERNESTINA;Fora da Capital;5013;0;0.0000%
PINDORAMA;111;PINDORAMA;Fora da Capital;11420;0;0.0000%
GUAICARA;297;GUAICARA;Fora da Capital;8704;0;0.0000%
IEPE;106;IEPE;Fora da Capital;6351;0;0.0000%
BRAUNA;289;BRAUNA;Fora da Capital;4283;0;0.0000%
RIBEIRAO BRANCO;53;RIBEIRAO BRANCO;Fora da Capital;15086;0;0.0000%
IBIRA;179;IBIRA;Fora da Capital;9349;0;0.0000%
ALVARO DE CARVALHO;47;ALVARO DE CARVALHO;Fora da Capital;2971;0;0.0000%
CORONEL MACEDO;236;CORONEL MACEDO;Fora da Capital;3839;0;0.0000%
PONGAI;95;PONGAI;Fora da Capital;3071;0;0.0000%
SAO JOSE DO BARREIRO;18;SAO JOSE DO BARREIRO;Fora da Capital;3797;0;0.0000%
GUARACAI;153;GUARACAI;Fora da Capital;6655;0;0.0000%
PIRAJUI;95;PIRAJUI;Fora da Capital;16218;0;0.0000%
AVANHANDAVA;289;AVANHANDAVA;Fora da Capital;7915;0;0.0000%
VALPARAISO;146;VALPARAISO;Fora da Capital;16887;0;0.0000%
GUAPIACU;312;GUAPIACU;Fora da Capital;15543;0;0.0000%
PANORAMA;175;PANORAMA;Fora da Capital;10791;0;0.0000%
PRADOPOLIS;197;PRADOPOLIS;Fora da Capital;13892;0;0.0000%
BOREBI;161;BOREBI;Fora da Capital;2227;0;0.0000%
SALTO;221;SALTO;Fora da Capital;97134;0;0.0000%
BARRINHA;135;BARRINHA;Fora da Capital;24540;0;0.0000%
HOLAMBRA;75;HOLAMBRA;Fora da Capital;12290;0;0.0000%
JOANOPOLIS;92;JOANOPOLIS;Fora da Capital;9969;0;0.0000%
ORIENTE;180;ORIENTE;Fora da Capital;5019;0;0.0000%
ITAPORANGA;56;ITAPORANGA;Fora da Capital;11656;0;0.0000%
PALESTINA;224;PALESTINA;Fora da Capital;9211;0;0.0000%
PALMEIRA D'OESTE;232;PALMEIRA D'OESTE;Fora da Capital;7956;0;0.0000%
LUIZIANIA;289;LUIZIANIA;Fora da Capital;3934;0;0.0000%
URANIA;427;URANIA;Fora da Capital;6896;0;0.0000%
CANDIDO RODRIGUES;139;CANDIDO RODRIGUES;Fora da Capital;2576;0;0.0000%
PIACATU;210;PIACATU;Fora da Capital;4682;0;0.0000%
ESPIRITO SANTO DO TURVO;114;ESPIRITO SANTO DO TURVO;Fora da Capital;3531;0;0.0000%
CORUMBATAI;245;CORUMBATAI;Fora da Capital;3519;0;0.0000%
NOVA ALIANCA;126;NOVA ALIANCA;Fora da Capital;5218;0;0.0000%
SANTA ADELIA;111;SANTA ADELIA;Fora da Capital;11783;0;0.0000%
SALES OLIVEIRA;81;SALES OLIVEIRA;Fora da Capital;8328;0;0.0000%
ITAPIRAPUA PAULISTA;10;ITAPIRAPUA PAULISTA;Fora da Capital;3328;0;0.0000%
CRAVINHOS;293;CRAVINHOS;Fora da Capital;27346;0;0.0000%
SAO JOSE DOS CAMPOS;282;SAO JOSE DOS CAMPOS;Fora da Capital;82505;0;0.0000%
ZACARIAS;214;ZACARIAS;Fora da Capital;2468;0;0.0000%
DOIS CORREGOS;241;DOIS CORREGOS;Fora da Capital;19995;0;0.0000%
NARANDIBA;261;NARANDIBA;Fora da Capital;4464;0;0.0000%
IRAPUA;207;IRAPUA;Fora da Capital;5698;0;0.0000%
ARACATUBA;11;ARACATUBA;Fora da Capital;75488;0;0.0000%
NOVA GUATAPORANGA;175;NOVA GUATAPORANGA;Fora da Capital;1988;0;0.0000%
GUATAPARA;293;GUATAPARA;Fora da Capital;5910;0;0.0000%
ITOBI;39;ITOBI;Fora da Capital;6313;0;0.0000%
PATROCINIO PAULISTA;46;PATROCINIO PAULISTA;Fora da Capital;10855;0;0.0000%
BALSAMO;72;BALSAMO;Fora da Capital;7490;0;0.0000%
JULIO MESQUITA;31;JULIO MESQUITA;Fora da Capital;3791;0;0.0000%
GLICERIO;289;GLICERIO;Fora da Capital;3873;0;0.0000%
UBIRAJARA;159;UBIRAJARA;Fora da Capital;4194;0;0.0000%
BURITIZAL;50;BURITIZAL;Fora da Capital;3824;0;0.0000%
TABATINGA;49;TABATINGA;Fora da Capital;11620;0;0.0000%
TORRE DE PEDRA;140;TORRE DE PEDRA;Fora da Capital;2587;0;0.0000%
ARIRANHA;111;ARIRANHA;Fora da Capital;6960;0;0.0000%
IGARACU DO TIETE;200;IGARACU DO TIETE;Fora da Capital;18770;0;0.0000%
SANTA RITA D'OESTE;187;SANTA RITA D'OESTE;Fora da Capital;2489;0;0.0000%
VIRADOURO;98;VIRADOURO;Fora da Capital;12921;0;0.0000%
ARAPEI;18;ARAPEI;Fora da Capital;2485;0;0.0000%
TAQUARIVAI;53;TAQUARIVAI;Fora da Capital;5035;0;0.0000%
POTIM;190;POTIM;Fora da Capital;13037;0;0.0000%
CAJURU;32;CAJURU;Fora da Capital;19333;0;0.0000%
AREIOPOLIS;129;AREIOPOLIS;Fora da Capital;8565;0;0.0000%
ILHA SOLTEIRA;368;ILHA SOLTEIRA;Fora da Capital;21727;0;0.0000%
SANTA CRUZ DO RIO PARDO;114;SANTA CRUZ DO RIO PARDO;Fora da Capital;35939;0;0.0000%
ITAJOBI;79;ITAJOBI;Fora da Capital;12716;0;0.0000%
AGUAS DE SANTA BARBARA;205;AGUAS DE SANTA BARBARA;Fora da Capital;5377;0;0.0000%
SANTA CRUZ DA CONCEICAO;188;SANTA CRUZ DA CONCEICAO;Fora da Capital;4085;0;0.0000%
CRUZEIRO;42;CRUZEIRO;Fora da Capital;60339;0;0.0000%
SALTINHO;270;SALTINHO;Fora da Capital;6868;0;0.0000%
ARAMINA;50;ARAMINA;Fora da Capital;4613;0;0.0000%
TERRA ROXA;178;TERRA ROXA;Fora da Capital;6054;0;0.0000%
COLOMBIA;21;COLOMBIA;Fora da Capital;5835;0;0.0000%
RIBEIRAO DO SUL;313;RIBEIRAO DO SUL;Fora da Capital;3809;0;0.0000%
DOURADO;107;DOURADO;Fora da Capital;7322;0;0.0000%
ITIRAPUA;46;ITIRAPUA;Fora da Capital;5098;0;0.0000%
SANTA SALETE;427;SANTA SALETE;Fora da Capital;1721;0;0.0000%
IRAPURU;196;IRAPURU;Fora da Capital;5041;0;0.0000%
SANTA MERCEDES;175;SANTA MERCEDES;Fora da Capital;2743;0;0.0000%
SABINO;297;SABINO;Fora da Capital;4621;0;0.0000%
BEBEDOURO;24;BEBEDOURO;Fora da Capital;60070;0;0.0000%
PEDREIRA;333;PEDREIRA;Fora da Capital;35328;0;0.0000%
ITUVERAVA;60;ITUVERAVA;Fora da Capital;30041;0;0.0000%
BANANAL;18;BANANAL;Fora da Capital;8809;0;0.0000%
MINEIROS DO TIETE;241;MINEIROS DO TIETE;Fora da Capital;9361;0;0.0000%
JOAO RAMALHO;106;JOAO RAMALHO;Fora da Capital;3432;0;0.0000%
CASA BRANCA;39;CASA BRANCA;Fora da Capital;20884;0;0.0000%
CAIUA;102;CAIUA;Fora da Capital;3947;0;0.0000%
CUNHA;43;CUNHA;Fora da Capital;17456;0;0.0000%
SANTA BRANCA;112;SANTA BRANCA;Fora da Capital;12387;0;0.0000%
AREALVA;300;AREALVA;Fora da Capital;6388;0;0.0000%
BROTAS;28;BROTAS;Fora da Capital;18945;0;0.0000%
ALAMBARI;52;ALAMBARI;Fora da Capital;4933;0;0.0000%
CABRALIA PAULISTA;159;CABRALIA PAULISTA;Fora da Capital;3400;0;0.0000%
SAO JOSE DA BELA VISTA;240;SAO JOSE DA BELA VISTA;Fora da Capital;6955;0;0.0000%
IPIGUA;312;IPIGUA;Fora da Capital;4376;0;0.0000%
NOVA CAMPINA;53;NOVA CAMPINA;Fora da Capital;7126;0;0.0000%
RIVERSUL;56;RIVERSUL;Fora da Capital;4646;0;0.0000%
IPEUNA;245;IPEUNA;Fora da Capital;5651;0;0.0000%
PLANALTO;214;PLANALTO;Fora da Capital;4141;0;0.0000%
JOSE BONIFACIO;64;JOSE BONIFACIO;Fora da Capital;28393;0;0.0000%
NOVAIS;179;NOVAIS;Fora da Capital;3670;0;0.0000%
PRATANIA;129;PRATANIA;Fora da Capital;4906;0;0.0000%
IPERO;369;IPERO;Fora da Capital;21424;0;0.0000%
TABAPUA;179;TABAPUA;Fora da Capital;9274;0;0.0000%
AVAI;300;AVAI;Fora da Capital;4145;0;0.0000%
MURUTINGA DO SUL;9;MURUTINGA DO SUL;Fora da Capital;3505;0;0.0000%
JACI;72;JACI;Fora da Capital;5770;0;0.0000%
SANTOPOLIS DO AGUAPEI;25;SANTOPOLIS DO AGUAPEI;Fora da Capital;3253;0;0.0000%
ORINDIUVA;164;ORINDIUVA;Fora da Capital;5008;0;0.0000%
CAMPOS DO JORDAO;35;CAMPOS DO JORDAO;Fora da Capital;39943;0;0.0000%
BARRA DO TURVO;228;BARRA DO TURVO;Fora da Capital;7243;0;0.0000%
ESTRELA DO NORTE;261;ESTRELA DO NORTE;Fora da Capital;2566;0;0.0000%
SUD MENNUCCI;88;SUD MENNUCCI;Fora da Capital;6322;0;0.0000%
ARTUR NOGUEIRA;75;ARTUR NOGUEIRA;Fora da Capital;38456;0;0.0000%
LAGOINHA;128;LAGOINHA;Fora da Capital;5309;0;0.0000%
CHAVANTES;313;CHAVANTES;Fora da Capital;8782;0;0.0000%
AMERICO BRASILIENSE;239;AMERICO BRASILIENSE;Fora da Capital;28596;0;0.0000%
ECHAPORA;15;ECHAPORA;Fora da Capital;5294;0;0.0000%
SANTANA DA PONTE PENSA;187;SANTANA DA PONTE PENSA;Fora da Capital;1599;0;0.0000%
ANALANDIA;245;ANALANDIA;Fora da Capital;4552;0;0.0000%
LAVRINHAS;42;LAVRINHAS;Fora da Capital;6282;0;0.0000%
RINOPOLIS;210;RINOPOLIS;Fora da Capital;7698;0;0.0000%
GUAREI;140;GUAREI;Fora da Capital;9536;0;0.0000%
ITARARE;57;ITARARE;Fora da Capital;36541;0;0.0000%
CONCHAL;75;CONCHAL;Fora da Capital;22084;0;0.0000%
MOCOCA;73;MOCOCA;Fora da Capital;53431;0;0.0000%
PACAEMBU;196;PACAEMBU;Fora da Capital;8643;0;0.0000%
ELISIARIO;40;ELISIARIO;Fora da Capital;2730;0;0.0000%
OSCAR BRESSANE;12;OSCAR BRESSANE;Fora da Capital;2520;0;0.0000%
TARABAI;261;TARABAI;Fora da Capital;5614;0;0.0000%
ROSEIRA;190;ROSEIRA;Fora da Capital;8587;0;0.0000%
POLONI;77;POLONI;Fora da Capital;4545;0;0.0000%
ENGENHEIRO COELHO;75;ENGENHEIRO COELHO;Fora da Capital;14961;0;0.0000%
ARCO-IRIS;143;ARCO-IRIS;Fora da Capital;2252;0;0.0000%
GUAPIARA;37;GUAPIARA;Fora da Capital;15072;0;0.0000%
CAIABU;167;CAIABU;Fora da Capital;3314;0;0.0000%
ALTINOPOLIS;202;ALTINOPOLIS;Fora da Capital;12408;0;0.0000%
SAO PEDRO DO TURVO;114;SAO PEDRO DO TURVO;Fora da Capital;5742;0;0.0000%
NIPOA;77;NIPOA;Fora da Capital;3951;0;0.0000%
PIRANGI;76;PIRANGI;Fora da Capital;8544;0;0.0000%
NOVA GRANADA;78;NOVA GRANADA;Fora da Capital;15937;0;0.0000%
CHARQUEADA;244;CHARQUEADA;Fora da Capital;13299;0;0.0000%
PIRACICABA;244;PIRACICABA;Fora da Capital;45316;0;0.0000%
REDENCAO DA SERRA;128;REDENCAO DA SERRA;Fora da Capital;4240;0;0.0000%
BARIRI;19;BARIRI;Fora da Capital;25274;0;0.0000%
RAFARD;38;RAFARD;Fora da Capital;7420;0;0.0000%
CACONDE;30;CACONDE;Fora da Capital;14610;0;0.0000%
CANANEIA;36;CANANEIA;Fora da Capital;9977;0;0.0000%
FRANCA;291;FRANCA;Fora da Capital;125181;0;0.0000%
TREMEMBE;314;TREMEMBE;Fora da Capital;30288;0;0.0000%
SANTO ANTONIO DO ARACANGUA;299;SANTO ANTONIO DO ARACANGUA;Fora da Capital;7012;0;0.0000%
ITAPIRA;54;ITAPIRA;Fora da Capital;57492;0;0.0000%
INUBIA PAULISTA;69;INUBIA PAULISTA;Fora da Capital;3039;0;0.0000%
POMPEIA;99;POMPEIA;Fora da Capital;16871;0;0.0000%
NATIVIDADE DA SERRA;84;NATIVIDADE DA SERRA;Fora da Capital;6008;0;0.0000%
RUBIACEA;151;RUBIACEA;Fora da Capital;2286;0;0.0000%
BOCAINA;241;BOCAINA;Fora da Capital;9139;0;0.0000%
PROMISSAO;103;PROMISSAO;Fora da Capital;28493;0;0.0000%
ALUMINIO;131;ALUMINIO;Fora da Capital;14521;0;0.0000%
NOVA CASTILHO;225;NOVA CASTILHO;Fora da Capital;1287;0;0.0000%
GUAIMBE;297;GUAIMBE;Fora da Capital;4731;0;0.0000%
IPUA;123;IPUA;Fora da Capital;11500;0;0.0000%
OLEO;94;OLEO;Fora da Capital;2547;0;0.0000%
TEODORO SAMPAIO;330;TEODORO SAMPAIO;Fora da Capital;18342;0;0.0000%
TIMBURI;94;TIMBURI;Fora da Capital;2413;0;0.0000%
MOMBUCA;38;MOMBUCA;Fora da Capital;3248;0;0.0000%
SANTO ANTONIO DA ALEGRIA;202;SANTO ANTONIO DA ALEGRIA;Fora da Capital;5375;0;0.0000%
BERNARDINO DE CAMPOS;114;BERNARDINO DE CAMPOS;Fora da Capital;8456;0;0.0000%
SALMOURAO;69;SALMOURAO;Fora da Capital;4045;0;0.0000%
SANTA LUCIA;239;SANTA LUCIA;Fora da Capital;6816;0;0.0000%
LUIS ANTONIO;133;LUIS ANTONIO;Fora da Capital;10217;0;0.0000%
JARINU;16;JARINU;Fora da Capital;26423;0;0.0000%
SANTA RITA DO PASSA QUATRO;116;SANTA RITA DO PASSA QUATRO;Fora da Capital;20031;0;0.0000%
ONDA VERDE;78;ONDA VERDE;Fora da Capital;4148;0;0.0000%
MARABA PAULISTA;102;MARABA PAULISTA;Fora da Capital;3104;0;0.0000%
PIQUEROBI;117;PIQUEROBI;Fora da Capital;2968;0;0.0000%
APARECIDA;190;APARECIDA;Fora da Capital;28587;0;0.0000%
AREIAS;42;AREIAS;Fora da Capital;3263;0;0.0000%
CASTILHO;9;CASTILHO;Fora da Capital;15758;0;0.0000%
MARIAPOLIS;157;MARIAPOLIS;Fora da Capital;3060;0;0.0000%
NOVA LUZITANIA;162;NOVA LUZITANIA;Fora da Capital;2674;0;0.0000%
RUBINEIA;187;RUBINEIA;Fora da Capital;3278;0;0.0000%
DIVINOLANDIA;229;DIVINOLANDIA;Fora da Capital;9511;0;0.0000%
RIBEIRAO GRANDE;37;RIBEIRAO GRANDE;Fora da Capital;6696;0;0.0000%
JUMIRIM;142;JUMIRIM;Fora da Capital;2435;0;0.0000%
TAIACU;61;TAIACU;Fora da Capital;4825;0;0.0000%
IACRI;184;IACRI;Fora da Capital;5140;0;0.0000%
QUINTANA;99;QUINTANA;Fora da Capital;5475;0;0.0000%
BOA ESPERANCA DO SUL;107;BOA ESPERANCA DO SUL;Fora da Capital;10473;0;0.0000%
JABORANDI;178;JABORANDI;Fora da Capital;5228;0;0.0000%
CLEMENTINA;25;CLEMENTINA;Fora da Capital;5527;0;0.0000%
TURIUBA;214;TURIUBA;Fora da Capital;1692;0;0.0000%
SANTA CRUZ DA ESPERANCA;32;SANTA CRUZ DA ESPERANCA;Fora da Capital;2193;0;0.0000%
MATAO;170;MATAO;Fora da Capital;66317;0;0.0000%
QUELUZ;42;QUELUZ;Fora da Capital;7181;0;0.0000%
BURI;53;BURI;Fora da Capital;15845;0;0.0000%
ITATINGA;26;ITATINGA;Fora da Capital;13884;0;0.0000%
VISTA ALEGRE DO ALTO;76;VISTA ALEGRE DO ALTO;Fora da Capital;6139;0;0.0000%
URU;95;URU;Fora da Capital;1513;0;0.0000%
EUCLIDES DA CUNHA PAULISTA;330;EUCLIDES DA CUNHA PAULISTA;Fora da Capital;7123;0;0.0000%
TAQUARITUBA;236;TAQUARITUBA;Fora da Capital;17401;0;0.0000%
FLOREAL;162;FLOREAL;Fora da Capital;2665;0;0.0000%
RIFAINA;155;RIFAINA;Fora da Capital;4519;0;0.0000%
APIAI;10;APIAI;Fora da Capital;20502;0;0.0000%
PEDREGULHO;155;PEDREGULHO;Fora da Capital;11874;0;0.0000%
ADAMANTINA;157;ADAMANTINA;Fora da Capital;27727;0;0.0000%
JERIQUARA;155;JERIQUARA;Fora da Capital;3043;0;0.0000%
MIRANDOPOLIS;153;MIRANDOPOLIS;Fora da Capital;20051;0;0.0000%
BASTOS;184;BASTOS;Fora da Capital;18091;0;0.0000%
BOM SUCESSO DE ITARARE;57;BOM SUCESSO DE ITARARE;Fora da Capital;3342;0;0.0000%
JUNQUEIROPOLIS;196;JUNQUEIROPOLIS;Fora da Capital;13922;0;0.0000%
DUARTINA;159;DUARTINA;Fora da Capital;10525;0;0.0000%
COROADOS;25;COROADOS;Fora da Capital;4183;0;0.0000%
UNIAO PAULISTA;77;UNIAO PAULISTA;Fora da Capital;1616;0;0.0000%
MENDONCA;64;MENDONCA;Fora da Capital;5045;0;0.0000%
ANHUMAS;182;ANHUMAS;Fora da Capital;3412;0;0.0000%
PRACINHA;69;PRACINHA;Fora da Capital;1360;0;0.0000%
PRESIDENTE PRUDENTE;101;PRESIDENTE PRUDENTE;Fora da Capital;84897;0;0.0000%
GASTAO VIDIGAL;162;GASTAO VIDIGAL;Fora da Capital;2866;0;0.0000%
PIRAJU;94;PIRAJU;Fora da Capital;24025;0;0.0000%
PIRAPORA DO BOM JESUS;386;PIRAPORA DO BOM JESUS;Fora da Capital;13292;0;0.0000%
PONTAL;135;PONTAL;Fora da Capital;29945;0;0.0000%
ANHEMBI;41;ANHEMBI;Fora da Capital;5917;0;0.0000%
OSVALDO CRUZ;163;OSVALDO CRUZ;Fora da Capital;24768;0;0.0000%
SANTO EXPEDITO;182;SANTO EXPEDITO;Fora da Capital;2766;0;0.0000%
CASSIA DOS COQUEIROS;32;CASSIA DOS COQUEIROS;Fora da Capital;2822;0;0.0000%
PAULISTANIA;7;PAULISTANIA;Fora da Capital;1908;0;0.0000%
LARANJAL PAULISTA;142;LARANJAL PAULISTA;Fora da Capital;22105;0;0.0000%
PRESIDENTE EPITACIO;195;PRESIDENTE EPITACIO;Fora da Capital;32095;0;0.0000%
NOVA INDEPENDENCIA;9;NOVA INDEPENDENCIA;Fora da Capital;3231;0;0.0000%
SAO JOAO DA BOA VISTA;122;SAO JOAO DA BOA VISTA;Fora da Capital;71550;0;0.0000%
PARAPUA;163;PARAPUA;Fora da Capital;8284;0;0.0000%
GAVIAO PEIXOTO;13;GAVIAO PEIXOTO;Fora da Capital;4127;0;0.0000%
PARAISO;171;PARAISO;Fora da Capital;4504;0;0.0000%
TACIBA;167;TACIBA;Fora da Capital;4955;0;0.0000%
CEDRAL;312;CEDRAL;Fora da Capital;7703;0;0.0000%
PARANAPANEMA;301;PARANAPANEMA;Fora da Capital;14286;0;0.0000%
BALBINOS;95;BALBINOS;Fora da Capital;1442;0;0.0000%
