ZONA;ZONA_ELEITORAL;SUBREGIAO;TERRITORIOS;VOTOS_ANDRE_BUENO
4;Mooca;Centro-Leste;Mooca, Água Rasa, Belém, Brás, Pari;181
253;Tatuapé;Centro-Leste;Tatuapé;183
348;Vila Formosa;Centro-Leste;Vila Formosa, Carrão, Aricanduva;278
347;Vila Matilde;Leste;Vila Matilde;892
252;Penha de França;Leste;Penha, Arthur Alvim;188
390;Cangaíba;Leste;Cangaíba;134
326;Ermelino Matarazzo;Leste;Ermelino Matarazzo, Vila Jacuí;260
392;Ponte Rasa;Leste;Ponte Rasa;170
247;São Miguel Paulista;Extremo Leste;São Miguel Paulista, Vila Jacuí;300
397;Jardim Helena;Extremo Leste;Jardim Helena;336
352;Itaim Paulista;Extremo Leste;Itaim Paulista, Vila Curuçá;561
248;Itaquera;Extremo Leste;Itaquera;294
417;Parque do Carmo;Extremo Leste;Parque do Carmo, Cidade Líder;430
405;Conjunto José Bonifácio;Extremo Leste;José Bonifácio;225
353;Guaianases;Extremo Leste;Guaianases, Lajeado;290
404;Cidade Tiradentes;Extremo Leste;Cidade Tiradentes;638
350;Sapopemba;Sudeste da Zona Leste;Sapopemba;321
257;Vila Prudente;Sudeste da Zona Leste;Vila Prudente, São Lucas;212
375;São Mateus;Sudeste da Zona Leste;São Mateus, Iguatemi, São Rafael;781
421;Teotônio Vilela;Sudeste da Zona Leste;Teotônio Vilela e entorno;444
