POSICAO;ZONA;NOME_REFERENCIA;REGIAO;VOTOS
1;376;Brasilândia;Norte;10930
2;327;Nossa Senhora do Ó;Norte;9208
3;389;Perus;Norte;3166
4;403;Jaraguá;Norte;2532
5;255;Casa Verde;Norte;2529
6;325;Pirituba;Norte;2054
7;422;Lauzane Paulista;Norte;1813
8;150;FERNANDÓPOLIS;Interior;763
9;249;Santana;Norte;637
10;250;Lapa;Oeste;547
11;420;Vila Sabrina;Norte;346
12;256;Tucuruvi;Norte;336
13;2;Perdizes;Oeste;297
14;373;Capão Redondo;Sul;284
15;254;Vila Maria;Norte;267
16;302;INDIAPORÃ;Interior;260
17;421;Teotônio Vilela;Leste;245
18;192;CAIEIRAS;Grande SP;238
19;3;Santa Ifigênia;Centro;217
20;367;FRANCISCO MORATO;Grande SP;214
21;347;Vila Matilde;Leste;202
22;397;Jardim Helena;Leste;194
23;349;Jaçanã;Norte;187
24;20;Valo Velho;Sul;184
25;375;São Mateus;Leste;167
26;243;IRACEMÁPOLIS;Interior;157
27;392;Ponte Rasa;Leste;140
28;328;Campo Limpo;Sul;135
29;58;ITATIBA;Interior;130
30;350;Sapopemba;Leste;119
31;253;Tatuapé;Leste;118
32;390;Cangaíba;Leste;116
33;374;Rio Pequeno;Oeste;115
34;248;Itaquera;Leste;114
35;404;Cidade Tiradentes;Leste;114
36;348;Vila Formosa;Leste;111
37;1;Bela Vista;Centro;109
38;247;São Miguel Paulista;Leste;107
39;257;Vila Prudente;Leste;105
40;326;Ermelino Matarazzo;Leste;101
41;331;OSASCO;Grande SP;99
42;260;Ipiranga;Sul;97
43;252;Penha de França;Leste;96
44;233;POPULINA;Interior;93
45;6;Vila Mariana;Sul;92
46;251;Pinheiros;Oeste;90
47;346;Morumbi;Oeste;90
48;237;MAIRIPORÃ;Grande SP;84
49;413;Cursino;Sul;84
50;372;Piraporinha;Sul;82
51;258;Indianópolis;Sul;80
52;65;ITUPEVA;Interior;79
53;352;Itaim Paulista;Leste;75
54;230;SUMARÉ;Interior;75
55;4;Mooca;Leste;75
56;16;NAZARÉ PAULISTA;Interior;74
57;201;JUQUITIBA;Grande SP;73
58;428;SANTANA DE PARNAÍBA;Grande SP;70
59;5;Jardim Paulista;Oeste;70
60;345;VINHEDO;Interior;69
61;353;Guaianases;Leste;69
62;259;Saúde;Sul;68
63;417;Parque do Carmo;Leste;67
64;405;Conjunto José Bonifácio;Leste;65
65;21;BARRETOS;Interior;56
66;320;Jabaquara;Sul;53
67;351;Cidade Ademar;Sul;53
68;276;OSASCO;Grande SP;52
69;242;VÁRZEA PAULISTA;Interior;51
70;246;Santo Amaro;Sul;51
71;408;Jardim São Luís;Sul;48
72;92;PIRACAIA;Interior;44
73;386;BARUERI;Grande SP;43
74;227;COTIA;Grande SP;41
75;303;CARAPICUÍBA;Grande SP;39
76;176;GUARULHOS;Grande SP;38
77;219;POÁ;Grande SP;38
78;281;JUNDIAÍ;Interior;37
79;358;MONTE MOR;Interior;37
80;199;BARUERI;Grande SP;37
81;189;ITANHAÉM;Litoral;36
82;224;CARDOSO;Interior;35
83;418;Pedreira;Sul;35
84;136;PINHALZINHO;Interior;34
85;371;Grajaú;Sul;34
86;27;BRAGANÇA PAULISTA;Interior;32
87;393;GUARULHOS;Grande SP;32
88;286;VARGEM GRANDE PAULISTA;Grande SP;31
89;406;PRAIA GRANDE;Litoral;30
90;391;EMBU DAS ARTES;Grande SP;30
91;354;CAJAMAR;Grande SP;30
92;264;SANTO ANDRÉ;Grande SP;29
93;341;EMBU DAS ARTES;Grande SP;29
94;138;TANABI;Interior;28
95;401;FERRAZ DE VASCONCELOS;Grande SP;27
96;278;GUARULHOS;Grande SP;27
97;232;APARECIDA D'OESTE;Interior;27
98;96;PIRASSUNUNGA;Interior;26
99;361;HORTOLÂNDIA;Interior;25
100;324;TABOÃO DA SERRA;Grande SP;25
101;424;JUNDIAÍ;Interior;24
102;382;RIO GRANDE DA SERRA;Grande SP;24
103;277;OSASCO;Grande SP;24
104;131;ARAÇARIGUAMA;Interior;23
105;280;Capela do Socorro;Sul;23
106;315;OSASCO;Grande SP;23
107;148;ELDORADO;Interior;23
108;147;VOTUPORANGA;Interior;22
109;14;ARARAS;Interior;22
110;59;ITU;Interior;21
111;295;PERUÍBE;Litoral;21
112;381;Parelheiros;Sul;21
113;296;SÃO BERNARDO DO CAMPO;Grande SP;21
114;134;ÁGUAS DE LINDÓIA;Interior;21
115;213;OSASCO;Grande SP;21
116;332;OSASCO;Grande SP;21
117;416;TABOÃO DA SERRA;Grande SP;19
118;40;CATANDUVA;Interior;19
119;388;CARAPICUÍBA;Grande SP;19
120;206;CARAGUATATUBA;Litoral;19
121;263;SANTO ANDRÉ;Grande SP;18
122;287;MOGI DAS CRUZES;Grande SP;18
123;228;CAJATI;Interior;17
124;185;GUARULHOS;Grande SP;17
125;329;DIADEMA;Grande SP;17
126;344;CAMPO LIMPO PAULISTA;Interior;17
127;279;GUARULHOS;Grande SP;16
128;274;CAMPINAS;Interior;16
129;31;CAFELÂNDIA;Interior;15
130;359;ITAPEVI;Grande SP;15
131;110;RIO CLARO;Interior;15
132;34;VALINHOS;Interior;15
133;23;BAURU;Interior;14
134;71;MARTINÓPOLIS;Interior;14
135;187;SANTA FÉ DO SUL;Interior;14
136;166;SÃO CAETANO DO SUL;Grande SP;14
137;115;SANTA ISABEL;Grande SP;14
138;186;SANTA BÁRBARA D'OESTE;Interior;14
139;415;SUZANO;Grande SP;14
140;298;TUIUTI;Interior;13
141;152;JALES;Interior;13
142;335;ARUJÁ;Grande SP;13
143;222;DIADEMA;Grande SP;13
144;66;LIMEIRA;Interior;13
145;419;ITAQUAQUECETUBA;Grande SP;13
146;17;AVARÉ;Interior;13
147;272;BERTIOGA;Litoral;12
148;355;CERQUILHO;Interior;12
149;319;BIRITIBA MIRIM;Grande SP;11
150;74;MOGI DAS CRUZES;Grande SP;11
151;306;SANTO ANDRÉ;Grande SP;11
152;395;GUARULHOS;Grande SP;11
153;132;SÃO SEBASTIÃO;Litoral;11
154;175;TUPI PAULISTA;Interior;11
155;273;SANTOS;Litoral;11
156;384;AMERICANA;Interior;11
157;225;SÃO JOÃO DE IRACEMA;Interior;10
158;370;EMBU-GUAÇU;Grande SP;10
159;215;CAMPINA DO MONTE ALEGRE;Interior;10
160;317;PRAIA GRANDE;Litoral;10
161;140;CAPELA DO ALTO;Interior;10
162;275;CAMPINAS;Interior;10
163;414;SÃO BERNARDO DO CAMPO;Grande SP;10
164;261;PIRAPOZINHO;Interior;10
165;158;AMERICANA;Interior;10
166;125;SÃO JOSÉ DO RIO PRETO;Interior;10
167;191;IBIÚNA;Interior;9
168;211;INDAIATUBA;Interior;9
169;269;SÃO CAETANO DO SUL;Grande SP;9
170;377;ITAQUAQUECETUBA;Grande SP;9
171;343;SOROCABA;Interior;8
172;212;GUARUJÁ;Litoral;8
173;394;GUARULHOS;Grande SP;8
174;304;JANDIRA;Grande SP;8
175;177;SÃO VICENTE;Litoral;8
176;144;UBATUBA;Litoral;8
177;55;BORBOREMA;Interior;8
178;181;SUZANO;Grande SP;8
179;135;SERTÃOZINHO;Interior;8
180;156;SANTO ANDRÉ;Grande SP;7
181;411;SÃO JOSÉ DOS CAMPOS;Interior;7
182;26;PARDINHO;Interior;7
183;130;ÁGUAS DE SÃO PEDRO;Interior;7
184;183;RIBEIRÃO PIRES;Grande SP;7
185;33;CAMPINAS;Interior;7
186;333;JAGUARIÚNA;Interior;7
187;284;SÃO BERNARDO DO CAMPO;Grande SP;7
188;217;MAUÁ;Grande SP;7
189;139;TAQUARITINGA;Interior;7
190;342;SOROCABA;Interior;6
191;356;SOROCABA;Interior;6
192;399;LIMEIRA;Interior;6
193;207;SALES;Interior;6
194;117;SANTO ANASTÁCIO;Interior;6
195;379;CAMPINAS;Interior;6
196;380;CAMPINAS;Interior;6
197;400;MARÍLIA;Interior;6
198;378;CAMPINAS;Interior;6
199;283;SÃO BERNARDO DO CAMPO;Grande SP;6
200;141;TAUBATÉ;Interior;6
201;268;SÃO JOSÉ DO RIO PRETO;Interior;6
202;365;MAUÁ;Grande SP;6
203;271;SOROCABA;Interior;5
204;305;RIBEIRÃO PRETO;Interior;5
205;427;MESÓPOLIS;Interior;5
206;423;CAMPINAS;Interior;5
207;8;AMPARO;Interior;5
208;229;SÃO SEBASTIÃO DA GRAMA;Interior;5
209;270;PIRACICABA;Interior;5
210;267;SÃO JOSÉ DO RIO PRETO;Interior;5
211;292;NOVA ODESSA;Interior;5
212;172;REGISTRO;Interior;5
213;383;SANTO ANDRÉ;Grande SP;4
214;119;CUBATÃO;Litoral;4
215;402;PRESIDENTE PRUDENTE;Interior;4
216;360;COSMÓPOLIS;Interior;4
217;108;RIBEIRÃO PRETO;Interior;4
218;93;PIRACICABA;Interior;4
219;80;SEVERÍNIA;Interior;4
220;216;MOGI GUAÇU;Interior;4
221;340;SÃO VICENTE;Litoral;4
222;61;JABOTICABAL;Interior;4
223;15;ASSIS;Interior;4
224;174;SÃO BERNARDO DO CAMPO;Grande SP;4
225;339;MAUÁ;Grande SP;4
226;164;RIOLÂNDIA;Interior;4
227;90;PINDAMONHANGABA;Interior;4
228;137;SOROCABA;Interior;3
229;294;ARAÇOIABA DA SERRA;Interior;3
230;127;SÃO JOSÉ DOS CAMPOS;Interior;3
231;53;ITAPEVA;Interior;3
232;210;GABRIEL MONTEIRO;Interior;3
233;86;MACATUBA;Interior;3
234;265;RIBEIRÃO PRETO;Interior;3
235;310;GUARUJÁ;Litoral;3
236;426;DIADEMA;Grande SP;3
237;396;JACAREÍ;Interior;3
238;312;UCHOA;Interior;3
239;133;SÃO SIMÃO;Interior;3
240;407;TAUBATÉ;Interior;3
241;63;JAÚ;Interior;3
242;121;SÃO CARLOS;Interior;3
243;171;MONTE AZUL PAULISTA;Interior;2
244;67;LINS;Interior;2
245;300;BAURU;Interior;2
246;214;BURITAMA;Interior;2
247;387;BAURU;Interior;2
248;412;SÃO JOSÉ DOS CAMPOS;Interior;2
249;266;RIBEIRÃO PRETO;Interior;2
250;89;TAPIRAÍ;Interior;2
251;77;MONTE APRAZÍVEL;Interior;2
252;218;MIRACATU;Interior;2
253;149;DRACENA;Interior;2
254;323;PAULÍNIA;Interior;2
255;410;IBATÉ;Interior;2
256;369;BOITUVA;Interior;2
257;118;SANTOS;Litoral;2
258;179;CATIGUÁ;Interior;2
259;64;UBARANA;Interior;2
260;234;SARUTAIÁ;Interior;2
261;161;LENÇÓIS PAULISTA;Interior;2
262;111;PALMARES PAULISTA;Interior;2
263;48;GUARATINGUETÁ;Interior;2
264;299;ARAÇATUBA;Interior;2
265;52;SARAPUÍ;Interior;2
266;282;MONTEIRO LOBATO;Interior;2
267;76;MONTE ALTO;Interior;2
268;72;NEVES PAULISTA;Interior;2
269;241;ITAPUÍ;Interior;2
270;178;COLINA;Interior;2
271;145;CACHOEIRA PAULISTA;Interior;2
272;151;GUARARAPES;Interior;2
273;167;REGENTE FEIJÓ;Interior;2
274;51;ILHA COMPRIDA;Litoral;2
275;288;RIO CLARO;Interior;2
276;112;SALESÓPOLIS;Grande SP;2
277;13;ARARAQUARA;Interior;2
278;409;SÃO BERNARDO DO CAMPO;Grande SP;2
279;122;ÁGUAS DA PRATA;Interior;2
280;46;FRANCA;Interior;1
281;10;RIBEIRA;Interior;1
282;123;SÃO JOAQUIM DA BARRA;Interior;1
283;170;DOBRADA;Interior;1
284;205;CERQUEIRA CÉSAR;Interior;1
285;41;BOFETE;Interior;1
286;307;SANTO ANDRÉ;Grande SP;1
287;102;PRESIDENTE VENCESLAU;Interior;1
288;98;PITANGUEIRAS;Interior;1
289;88;PEREIRA BARRETO;Interior;1
290;244;RIO DAS PEDRAS;Interior;1
291;124;SÃO JOSÉ DO RIO PARDO;Interior;1
292;39;SANTA CRUZ DAS PALMEIRAS;Interior;1
293;30;TAPIRATIBA;Interior;1
294;301;ITAÍ;Interior;1
295;100;PORTO FELIZ;Interior;1
296;208;MIGUELÓPOLIS;Interior;1
297;188;LEME;Interior;1
298;330;ROSANA;Interior;1
299;38;CAPIVARI;Interior;1
300;318;SÃO MIGUEL ARCANJO;Interior;1
301;62;JACAREÍ;Interior;1
302;70;MARÍLIA;Interior;1
303;362;SUMARÉ;Interior;1
304;87;PENÁPOLIS;Interior;1
305;75;MOGI MIRIM;Interior;1
306;226;CÂNDIDO MOTA;Interior;1
307;60;GUARÁ;Interior;1
308;194;PORTO FERREIRA;Interior;1
309;143;TUPÃ;Interior;1
310;94;MANDURI;Interior;1
311;200;BARRA BONITA;Interior;1
312;68;PIQUETE;Interior;1
313;29;JAMBEIRO;Interior;1
314;50;IGARAPAVA;Interior;1
315;25;BIRIGUI;Interior;1
316;82;OURINHOS;Interior;1
317;220;VOTORANTIM;Interior;1
318;114;IPAUSSU;Interior;1
319;69;LUCÉLIA;Interior;1
320;162;MAGDA;Interior;1
321;79;MARAPOAMA;Interior;1
322;37;CAPÃO BONITO;Interior;1
323;165;EMILIANÓPOLIS;Interior;1
324;109;SERRANA;Interior;1
325;84;PARAIBUNA;Interior;1
326;245;ITIRAPINA;Interior;1
327;336;MORRO AGUDO;Interior;1
328;83;PALMITAL;Interior;1
