POSICAO;MUNICIPIO;VOTOS;PERCENTUAL
1;SÃO PAULO;24802;34.61%
2;FRANCO DA ROCHA;2738;3.82%
3;CAIEIRAS;2392;3.34%
4;MAUÁ;2239;3.12%
5;CUBATÃO;1931;2.69%
6;FRANCISCO MORATO;1734;2.42%
7;JUNDIAÍ;1294;1.81%
8;BRAGANÇA PAULISTA;1230;1.72%
9;CAMPO LIMPO PAULISTA;1227;1.71%
10;RIBEIRÃO PRETO;1179;1.65%
11;SÃO BERNARDO DO CAMPO;879;1.23%
12;SANTOS;875;1.22%
13;SERTÃOZINHO;763;1.06%
14;OSASCO;720;1.00%
15;TAUBATÉ;673;0.94%
16;ITAPEVI;601;0.84%
17;CAÇAPAVA;584;0.81%
18;CABREÚVA;578;0.81%
19;CAMPINAS;577;0.81%
20;SANTANA DE PARNAÍBA;562;0.78%
21;ITATIBA;551;0.77%
22;UBATUBA;550;0.77%
23;CAJAMAR;536;0.75%
24;BAURU;535;0.75%
25;MAIRIPORÃ;533;0.74%
26;CATANDUVA;532;0.74%
27;SÃO JOSÉ DO RIO PRETO;483;0.67%
28;CAMPOS DO JORDÃO;465;0.65%
29;JAÚ;447;0.62%
30;SANTO ANDRÉ;440;0.61%
31;SÃO JOSÉ DOS CAMPOS;425;0.59%
32;PONTAL;420;0.59%
33;HORTOLÂNDIA;412;0.57%
34;VÁRZEA PAULISTA;411;0.57%
35;MONTE MOR;394;0.55%
36;TIETÊ;392;0.55%
37;PRAIA GRANDE;390;0.54%
38;RIBEIRÃO PIRES;390;0.54%
39;GUARULHOS;383;0.53%
40;DIADEMA;357;0.50%
41;CARAPICUÍBA;355;0.50%
42;BARUERI;327;0.46%
43;JARDINÓPOLIS;305;0.43%
44;CAPIVARI;302;0.42%
45;PROMISSÃO;300;0.42%
46;JANDIRA;280;0.39%
47;SÃO VICENTE;269;0.38%
48;GUARIBA;267;0.37%
49;ATIBAIA;258;0.36%
50;NOVAIS;251;0.35%
51;ITAQUAQUECETUBA;230;0.32%
52;IBITINGA;230;0.32%
53;SANTA GERTRUDES;224;0.31%
54;LIMEIRA;223;0.31%
55;GUARUJÁ;208;0.29%
56;MORUNGABA;178;0.25%
57;PIRACICABA;174;0.24%
58;TABOÃO DA SERRA;172;0.24%
59;REGISTRO;170;0.24%
60;TREMEMBÉ;167;0.23%
61;COTIA;163;0.23%
62;ITAPEVA;163;0.23%
63;ITUPEVA;161;0.22%
64;SÃO SEBASTIÃO;155;0.22%
65;BROTAS;153;0.21%
66;IACANGA;149;0.21%
67;CAJURU;145;0.20%
68;EMBU DAS ARTES;144;0.20%
69;ARARAS;141;0.20%
70;MARÍLIA;132;0.18%
71;ARIRANHA;130;0.18%
72;PINDAMONHANGABA;129;0.18%
73;SOROCABA;125;0.17%
74;LOUVEIRA;124;0.17%
75;MORRO AGUDO;123;0.17%
76;SÃO CARLOS;122;0.17%
77;PIRAPORA DO BOM JESUS;118;0.16%
78;MOGI DAS CRUZES;101;0.14%
79;PERUÍBE;101;0.14%
80;JARINU;100;0.14%
81;GUAPIAÇU;97;0.14%
82;UCHOA;96;0.13%
83;FRANCA;96;0.13%
84;CAJATI;95;0.13%
85;IBIÚNA;95;0.13%
86;CORDEIRÓPOLIS;92;0.13%
87;CONCHAS;90;0.13%
88;PIRACAIA;88;0.12%
89;PIRASSUNUNGA;85;0.12%
90;SUZANO;85;0.12%
91;PIRANGI;85;0.12%
92;EMBU-GUAÇU;85;0.12%
93;RIO GRANDE DA SERRA;85;0.12%
94;ALTINÓPOLIS;83;0.12%
95;ORLÂNDIA;83;0.12%
96;ITAPECERICA DA SERRA;83;0.12%
97;SÃO PEDRO;81;0.11%
98;SANTA CRUZ DO RIO PARDO;80;0.11%
99;GARÇA;80;0.11%
100;JABOTICABAL;77;0.11%
101;PAULÍNIA;75;0.10%
102;ITAPIRA;75;0.10%
103;PINDORAMA;74;0.10%
104;FERRAZ DE VASCONCELOS;70;0.10%
105;CERQUILHO;70;0.10%
106;PARIQUERA-AÇU;69;0.10%
107;PEDERNEIRAS;69;0.10%
108;LINS;69;0.10%
109;VALINHOS;66;0.09%
110;ILHA SOLTEIRA;65;0.09%
111;VARGEM GRANDE DO SUL;64;0.09%
112;CARAGUATATUBA;61;0.09%
113;TABAPUÃ;60;0.08%
114;ANDRADINA;59;0.08%
115;GUAREÍ;59;0.08%
116;RIO CLARO;59;0.08%
117;EMBAÚBA;58;0.08%
118;AREALVA;57;0.08%
119;FERNANDO PRESTES;56;0.08%
120;CRAVINHOS;56;0.08%
121;RAFARD;56;0.08%
122;ITANHAÉM;55;0.08%
123;CANANÉIA;55;0.08%
124;POMPÉIA;54;0.08%
125;CATIGUÁ;53;0.07%
126;SUMARÉ;53;0.07%
127;SÃO CAETANO DO SUL;52;0.07%
128;VINHEDO;50;0.07%
129;SÃO ROQUE;50;0.07%
130;INDAIATUBA;50;0.07%
131;ARARAQUARA;48;0.07%
132;BOITUVA;47;0.07%
133;BERTIOGA;47;0.07%
134;BOTUCATU;46;0.06%
135;JUQUITIBA;46;0.06%
136;JACAREÍ;46;0.06%
137;AGUDOS;46;0.06%
138;MARACAÍ;45;0.06%
139;ELIAS FAUSTO;43;0.06%
140;ARUJÁ;42;0.06%
141;PORTO FELIZ;42;0.06%
142;PALMARES PAULISTA;42;0.06%
143;MIRASSOL;42;0.06%
144;PEREIRA BARRETO;41;0.06%
145;VALENTIM GENTIL;41;0.06%
146;ITAPETININGA;41;0.06%
147;MONTE ALTO;41;0.06%
148;CRUZEIRO;40;0.06%
149;ARAÇATUBA;40;0.06%
150;POTIRENDABA;40;0.06%
151;VOTUPORANGA;39;0.05%
152;GÁLIA;39;0.05%
153;BOM JESUS DOS PERDÕES;39;0.05%
154;SOCORRO;38;0.05%
155;VARGEM;38;0.05%
156;TABATINGA;38;0.05%
157;JAGUARIÚNA;38;0.05%
158;SALTO;37;0.05%
159;SERRANA;36;0.05%
160;SANTA ADÉLIA;35;0.05%
161;JACUPIRANGA;35;0.05%
162;URU;34;0.05%
163;VALPARAÍSO;34;0.05%
164;GUARARAPES;33;0.05%
165;DUMONT;32;0.04%
166;ITU;32;0.04%
167;CONCHAL;32;0.04%
168;VARGEM GRANDE PAULISTA;32;0.04%
169;PARAGUAÇU PAULISTA;31;0.04%
170;TUPÃ;31;0.04%
171;GUZOLÂNDIA;31;0.04%
172;CACHOEIRA PAULISTA;30;0.04%
173;ESTRELA D'OESTE;30;0.04%
174;FERNANDÓPOLIS;29;0.04%
175;ONDA VERDE;29;0.04%
176;MOGI GUAÇU;28;0.04%
177;BARRA BONITA;28;0.04%
178;POÁ;28;0.04%
179;SANTA ISABEL;27;0.04%
180;PEDRA BELA;27;0.04%
181;COSMÓPOLIS;27;0.04%
182;MOCOCA;27;0.04%
183;NOVA EUROPA;26;0.04%
184;MONGAGUÁ;26;0.04%
185;ALVINLÂNDIA;26;0.04%
186;QUEIROZ;26;0.04%
187;RIO DAS PEDRAS;25;0.03%
188;SÃO SIMÃO;24;0.03%
189;BRODOWSKI;24;0.03%
190;OLÍMPIA;24;0.03%
191;VISTA ALEGRE DO ALTO;24;0.03%
192;BALBINOS;23;0.03%
193;SANTA BÁRBARA D'OESTE;23;0.03%
194;LENÇÓIS PAULISTA;23;0.03%
195;TEODORO SAMPAIO;22;0.03%
196;AMPARO;22;0.03%
197;PILAR DO SUL;22;0.03%
198;ITABERÁ;22;0.03%
199;BATATAIS;21;0.03%
200;ITAJOBI;21;0.03%
201;JOSÉ BONIFÁCIO;21;0.03%
202;SÃO JOSÉ DO RIO PARDO;21;0.03%
203;AMERICANA;20;0.03%
204;BARRETOS;20;0.03%
205;TATUÍ;20;0.03%
206;SÃO LOURENÇO DA SERRA;19;0.03%
207;NAZARÉ PAULISTA;19;0.03%
208;GUARATINGUETÁ;19;0.03%
209;BADY BASSITT;18;0.03%
210;JUQUIÁ;18;0.03%
211;NOVA ODESSA;18;0.03%
212;PRESIDENTE EPITÁCIO;18;0.03%
213;LEME;18;0.03%
214;LORENA;17;0.02%
215;SALTO DE PIRAPORA;16;0.02%
216;JAMBEIRO;16;0.02%
217;CAFELÂNDIA;16;0.02%
218;PRESIDENTE PRUDENTE;15;0.02%
219;SERRA NEGRA;15;0.02%
220;NOVA ALIANÇA;15;0.02%
221;NOVA CAMPINA;14;0.02%
222;PINHALZINHO;14;0.02%
223;BORBOREMA;14;0.02%
224;BOFETE;14;0.02%
225;AMÉRICO DE CAMPOS;14;0.02%
226;FERNÃO;13;0.02%
227;MONTE AZUL PAULISTA;13;0.02%
228;SEVERÍNIA;13;0.02%
229;ARTUR NOGUEIRA;13;0.02%
230;SARAPUÍ;13;0.02%
231;MOGI MIRIM;13;0.02%
232;LARANJAL PAULISTA;13;0.02%
233;SALES OLIVEIRA;13;0.02%
234;TANABI;13;0.02%
235;CÂNDIDO MOTA;12;0.02%
236;PALMEIRA D'OESTE;12;0.02%
237;GUARÁ;12;0.02%
238;IBATÉ;12;0.02%
239;PENÁPOLIS;12;0.02%
240;SÃO JOÃO DA BOA VISTA;12;0.02%
241;PORTO FERREIRA;11;0.02%
242;SÃO PEDRO DO TURVO;11;0.02%
243;IGARAPAVA;11;0.02%
244;MATÃO;11;0.02%
245;CASA BRANCA;11;0.02%
246;VOTORANTIM;10;0.01%
247;TUIUTI;10;0.01%
248;SANTA MARIA DA SERRA;10;0.01%
249;MIRANDÓPOLIS;10;0.01%
250;DRACENA;10;0.01%
251;SANTA RITA DO PASSA QUATRO;10;0.01%
252;MAIRINQUE;10;0.01%
253;CAPÃO BONITO;9;0.01%
254;IRACEMÁPOLIS;9;0.01%
255;IPIGUÁ;9;0.01%
256;TAPIRATIBA;9;0.01%
257;BARRINHA;9;0.01%
258;NOVA GRANADA;9;0.01%
259;ITÁPOLIS;9;0.01%
260;SUZANÁPOLIS;9;0.01%
261;TARUMÃ;9;0.01%
262;PARDINHO;9;0.01%
263;ITAPURA;9;0.01%
264;PIRATININGA;9;0.01%
265;PALMITAL;9;0.01%
266;SÃO MANUEL;9;0.01%
267;ÁGUAS DE SANTA BÁRBARA;9;0.01%
268;SANTO ANTÔNIO DA ALEGRIA;8;0.01%
269;AVARÉ;8;0.01%
270;BIRIGUI;8;0.01%
271;SÃO BENTO DO SAPUCAÍ;8;0.01%
272;SÃO JOAQUIM DA BARRA;8;0.01%
273;MARTINÓPOLIS;8;0.01%
274;ROSANA;8;0.01%
275;PARAIBUNA;8;0.01%
276;BARBOSA;8;0.01%
277;PIEDADE;8;0.01%
278;BURITAMA;8;0.01%
279;IPERÓ;7;0.01%
280;LOURDES;7;0.01%
281;REGINÓPOLIS;7;0.01%
282;UBARANA;7;0.01%
283;SANTA RITA D'OESTE;7;0.01%
284;ALUMÍNIO;7;0.01%
285;BURI;7;0.01%
286;CASTILHO;7;0.01%
287;ÁGUAS DE LINDÓIA;7;0.01%
288;AGUAÍ;7;0.01%
289;NIPOÃ;7;0.01%
290;PITANGUEIRAS;7;0.01%
291;NUPORANGA;7;0.01%
292;IPAUSSU;7;0.01%
293;PORANGABA;7;0.01%
294;PONGAÍ;7;0.01%
295;VIRADOURO;7;0.01%
296;MACATUBA;7;0.01%
297;ECHAPORÃ;6;0.01%
298;CORUMBATAÍ;6;0.01%
299;LUÍS ANTÔNIO;6;0.01%
300;BOCAINA;6;0.01%
301;APARECIDA D'OESTE;6;0.01%
302;CERQUEIRA CÉSAR;6;0.01%
303;MIRASSOLÂNDIA;6;0.01%
304;SALTO GRANDE;6;0.01%
305;RIBEIRÃO BONITO;6;0.01%
306;MINEIROS DO TIETÊ;5;0.01%
307;TAIAÇU;5;0.01%
308;GUAIÇARA;5;0.01%
309;CÂNDIDO RODRIGUES;5;0.01%
310;HOLAMBRA;5;0.01%
311;SALTINHO;5;0.01%
312;ARAÇARIGUAMA;5;0.01%
313;ASSIS;5;0.01%
314;ARAÇOIABA DA SERRA;5;0.01%
315;TRÊS FRONTEIRAS;5;0.01%
316;ILHABELA;5;0.01%
317;PALESTINA;5;0.01%
318;SÃO MIGUEL ARCANJO;5;0.01%
319;CEDRAL;5;0.01%
320;DOIS CÓRREGOS;5;0.01%
321;BARIRI;5;0.01%
322;IGARAÇU DO TIETÊ;5;0.01%
323;NATIVIDADE DA SERRA;5;0.01%
324;PLANALTO;5;0.01%
325;ESPÍRITO SANTO DO TURVO;4;0.01%
326;SÃO JOSÉ DO BARREIRO;4;0.01%
327;PRESIDENTE VENCESLAU;4;0.01%
328;PRADÓPOLIS;4;0.01%
329;CAPELA DO ALTO;4;0.01%
330;ITARIRI;4;0.01%
331;AMÉRICO BRASILIENSE;4;0.01%
332;MONTE APRAZÍVEL;4;0.01%
333;COLÔMBIA;4;0.01%
334;PONTES GESTAL;4;0.01%
335;ÁGUAS DA PRATA;4;0.01%
336;RANCHARIA;4;0.01%
337;ORIENTE;4;0.01%
338;ITAPUÍ;4;0.01%
339;RIFAINA;4;0.01%
340;SANTA CRUZ DAS PALMEIRAS;4;0.01%
341;ENGENHEIRO COELHO;4;0.01%
342;TAQUARIVAÍ;4;0.01%
343;ELISIÁRIO;4;0.01%
344;SERRA AZUL;4;0.01%
345;HERCULÂNDIA;4;0.01%
346;SÃO LUÍS DO PARAITINGA;4;0.01%
347;SANTA CRUZ DA CONCEIÇÃO;4;0.01%
348;GETULINA;4;0.01%
349;IBIRÁ;4;0.01%
350;PIRAJUÍ;4;0.01%
351;LUTÉCIA;4;0.01%
352;DUARTINA;4;0.01%
353;BÁLSAMO;4;0.01%
354;ORINDIÚVA;4;0.01%
355;IGUAPE;4;0.01%
356;SANTA BRANCA;4;0.01%
357;SÃO FRANCISCO;3;0.00%
358;PIQUETE;3;0.00%
359;ILHA COMPRIDA;3;0.00%
360;SILVEIRAS;3;0.00%
361;SANTO ANTÔNIO DE POSSE;3;0.00%
362;PARAÍSO;3;0.00%
363;ITUVERAVA;3;0.00%
364;REDENÇÃO DA SERRA;3;0.00%
365;RIBEIRÃO BRANCO;3;0.00%
366;BEBEDOURO;3;0.00%
367;DESCALVADO;3;0.00%
368;OURINHOS;3;0.00%
369;BOA ESPERANÇA DO SUL;3;0.00%
370;BIRITIBA MIRIM;3;0.00%
371;ADAMANTINA;3;0.00%
372;SÃO SEBASTIÃO DA GRAMA;3;0.00%
373;JACI;3;0.00%
374;MONTE ALEGRE DO SUL;3;0.00%
375;ÁGUAS DE SÃO PEDRO;3;0.00%
376;PRESIDENTE BERNARDES;3;0.00%
377;SANTA ROSA DE VITERBO;3;0.00%
378;ESTIVA GERBI;3;0.00%
379;SANTA CRUZ DA ESPERANÇA;3;0.00%
380;OUROESTE;3;0.00%
381;MACAUBAL;3;0.00%
382;SANTO ANTÔNIO DO PINHAL;3;0.00%
383;PEDRO DE TOLEDO;3;0.00%
384;RUBINÉIA;2;0.00%
385;LINDÓIA;2;0.00%
386;NOVA INDEPENDÊNCIA;2;0.00%
387;ITIRAPINA;2;0.00%
388;POLONI;2;0.00%
389;IRAPURU;2;0.00%
390;AREIÓPOLIS;2;0.00%
391;NOVO HORIZONTE;2;0.00%
392;BASTOS;2;0.00%
393;ROSEIRA;2;0.00%
394;ICÉM;2;0.00%
395;GUARAREMA;2;0.00%
396;CUNHA;2;0.00%
397;CHAVANTES;2;0.00%
398;BANANAL;2;0.00%
399;IACRI;2;0.00%
400;FLORA RICA;2;0.00%
401;ITARARÉ;2;0.00%
402;ITOBI;2;0.00%
403;SANTA FÉ DO SUL;2;0.00%
404;IPEÚNA;2;0.00%
405;CESÁRIO LANGE;2;0.00%
406;MURUTINGA DO SUL;2;0.00%
407;AURIFLAMA;2;0.00%
408;TORRINHA;2;0.00%
409;TAQUARAL;2;0.00%
410;SANTA ERNESTINA;2;0.00%
411;PARANAPANEMA;2;0.00%
412;DOBRADA;2;0.00%
413;RIBEIRÃO DOS ÍNDIOS;2;0.00%
414;TAQUARITINGA;2;0.00%
415;JUMIRIM;2;0.00%
416;ANGATUBA;2;0.00%
417;SALES;2;0.00%
418;LUCIANÓPOLIS;2;0.00%
419;LUCÉLIA;2;0.00%
420;IARAS;1;0.00%
421;MARAPOAMA;1;0.00%
422;SÃO JOSÉ DA BELA VISTA;1;0.00%
423;VERA CRUZ;1;0.00%
424;INDIAPORÃ;1;0.00%
425;IBIRAREMA;1;0.00%
426;DIVINOLÂNDIA;1;0.00%
427;LAGOINHA;1;0.00%
428;PEDREIRA;1;0.00%
429;TAIÚVA;1;0.00%
430;SUD MENNUCCI;1;0.00%
431;SÃO JOÃO DAS DUAS PONTES;1;0.00%
432;SABINO;1;0.00%
433;JOANÓPOLIS;1;0.00%
434;AVANHANDAVA;1;0.00%
435;QUINTANA;1;0.00%
436;ESPÍRITO SANTO DO PINHAL;1;0.00%
437;BOREBI;1;0.00%
438;SETE BARRAS;1;0.00%
439;SANTÓPOLIS DO AGUAPEÍ;1;0.00%
440;PAULICÉIA;1;0.00%
441;GUAPIARA;1;0.00%
442;ÁLVARO DE CARVALHO;1;0.00%
443;CAJOBI;1;0.00%
444;RUBIÁCEA;1;0.00%
445;BREJO ALEGRE;1;0.00%
446;FARTURA;1;0.00%
447;GUARAÇAÍ;1;0.00%
448;TUPI PAULISTA;1;0.00%
449;PATROCÍNIO PAULISTA;1;0.00%
450;AVAÍ;1;0.00%
451;GUAÍRA;1;0.00%
452;JERIQUARA;1;0.00%
453;TAGUAÍ;1;0.00%
454;TEJUPÁ;1;0.00%
455;CAIUÁ;1;0.00%
456;RIBEIRA;1;0.00%
457;ARANDU;1;0.00%
458;JALES;1;0.00%
459;RIBEIRÃO CORRENTE;1;0.00%
460;LAVRINHAS;1;0.00%
461;PEDREGULHO;1;0.00%
462;COLINA;1;0.00%
463;MARINÓPOLIS;1;0.00%
464;MIRANTE DO PARANAPANEMA;1;0.00%
465;GUATAPARÁ;1;0.00%
466;PIRAPOZINHO;1;0.00%
467;MENDONÇA;1;0.00%
468;PRESIDENTE ALVES;1;0.00%
469;ITAÍ;1;0.00%
470;IPUÃ;1;0.00%
471;MOMBUCA;1;0.00%
472;PARISI;1;0.00%
473;JUNQUEIRÓPOLIS;1;0.00%
474;BILAC;1;0.00%
